"baseMean","log2FoldChange","lfcSE","pvalue","padj","gene_id","SYMBOL","ENTREZID","GENENAME"
14.9274656338472,1.29647894368248,0.366962405348674,5.67444292838955e-05,0.000239610033950425,"ENSG00000292994.2","LOC127239154","127239154","uncharacterized LOC127239154"
21.3598291924323,1.29626217809198,0.322887964820333,8.34209598284881e-06,4.24565881688157e-05,"ENSG00000290385.2",NA,NA,NA
4815.26543309138,-1.48569211528889,0.131567227721836,9.45268276469933e-31,5.18753811083375e-29,"ENSG00000188976.13","NOC2L","26155","NOC2 like nucleolar associated transcriptional repressor"
174.457121545579,-1.05241444223962,0.0982280472713381,1.96841675412747e-27,8.82411475738365e-26,"ENSG00000187583.13","PLEKHN1","84069","pleckstrin homology domain containing N1"
290.170175939151,-1.16761341137456,0.494600200539153,0.000756061390239816,0.00239163542541296,"ENSG00000188290.13","HES4","57801","hes family bHLH transcription factor 4"
1314.25232111726,-1.32629362821635,0.179001017369718,9.46378164747868e-15,1.54931158606893e-13,"ENSG00000187608.11","ISG15","9636","ISG15 ubiquitin like modifier"
25.2361435373957,-1.0568926123028,0.362634837735127,0.000497413657823819,0.00166397092386439,"ENSG00000273443.2",NA,NA,NA
42.698086802031,1.12766490891153,0.218577265554999,4.54288216768456e-08,3.4234042263159e-07,"ENSG00000272141.1",NA,NA,NA
437.259829525111,-1.5215512421801,0.203722191288942,4.41629314158193e-15,7.48391830069614e-14,"ENSG00000169972.15","PUSL1","126789","pseudouridine synthase like 1"
2322.69020975681,-1.03549950322086,0.208606358690736,8.40244035734985e-08,6.05203329055077e-07,"ENSG00000127054.24","INTS11","54973","integrator complex subunit 11"
751.444374351758,-1.19135662611198,0.254545239635533,2.28197759956497e-07,1.53535674358165e-06,"ENSG00000224051.9","CPTP","80772","ceramide-1-phosphate transfer protein"
2069.34678830074,-1.46074233383044,0.23005174132788,9.87112681553314e-12,1.189239426737e-10,"ENSG00000175756.16","AURKAIP1","54998","aurora kinase A interacting protein 1"
1417.49067213335,-1.1162523700018,0.0641425511105373,1.62669910225742e-68,4.82410131844454e-66,"ENSG00000242485.8","MRPL20","55052","mitochondrial ribosomal protein L20"
59.7508796795908,2.48455355847363,0.25624321672474,1.47333723708827e-23,5.00447875179255e-22,"ENSG00000235098.11","ANKRD65","441869","ankyrin repeat domain 65"
906.371025142282,-1.75330902137007,0.0999987000743268,7.08583759449366e-70,2.27647294884764e-67,"ENSG00000160072.22","ATAD3B","83858","ATPase family AAA domain containing 3B"
1817.2306667735,-1.67120404276258,0.176396996175402,1.01913758038768e-22,3.2139305986009e-21,"ENSG00000197785.16","ATAD3A","55210","ATPase family AAA domain containing 3A"
239.839025398005,-2.23520736485718,0.342658392586177,5.30063872168481e-13,7.29831693991977e-12,"ENSG00000228594.4","FNDC10","643988","fibronectin type III domain containing 10"
55.5901141863161,-1.59888271215189,0.342507851841225,3.98077821478342e-07,2.56637043688023e-06,"ENSG00000187730.11","GABRD","2563","gamma-aminobutyric acid type A receptor subunit delta"
710.036706429968,-1.04144832834134,0.376993589023483,0.000448522273243332,0.00151428351396502,"ENSG00000162585.19","FAAP20","199990","FA core complex associated protein 20"
733.131750194126,-1.3264755972975,0.0923282517443404,1.27905162775928e-47,1.76109420997106e-45,"ENSG00000149527.19","PLCH2","9651","phospholipase C eta 2"
1901.95155300223,-1.59886529429971,0.141487921725,8.45638081836793e-31,4.65735173571614e-29,"ENSG00000097021.23","ACOT7","11332","acyl-CoA thioesterase 7"
66.5538238799251,-1.08899246434973,0.160513647558266,2.24035896765725e-12,2.88867689299686e-11,"ENSG00000069812.13","HES2","54626","hes family bHLH transcription factor 2"
520.422842892699,-1.31241488937939,0.0851028204491047,1.31158254251633e-54,2.37951933978168e-52,"ENSG00000171680.25","PLEKHG5","57449","pleckstrin homology and RhoGEF domain containing G5"
1318.85887365613,-1.29563580947406,0.100202928338024,3.56112911862777e-39,3.15610184703212e-37,"ENSG00000162413.18","KLHL21","9903","kelch like family member 21"
2079.75948302952,-1.08467119035231,0.127800550391182,2.63772372191731e-18,5.94683297012966e-17,"ENSG00000007923.19","DNAJC11","55735","DnaJ heat shock protein family (Hsp40) member C11"
60505.191479275,-1.16275312262021,0.127658534927988,9.50610397206797e-21,2.57633794996942e-19,"ENSG00000074800.18","ENO1","2023","enolase 1"
24.9894074781629,1.65269068789626,0.31516317453725,1.58765359894083e-08,1.29472269430283e-07,"ENSG00000228526.9","MIR34AHG","106614088","MIR34A host gene"
21.4789610842007,1.1183290424628,0.34384587739323,0.00017619041810996,0.000662852509800852,"ENSG00000234546.6","LNCTAM34A","102724571","long non coding transcriptional activator of miR34a"
852.69783188422,-1.54299765866063,0.0796754959095804,1.94873407270108e-84,1.25214283896347e-81,"ENSG00000188807.15","TMEM201","199953","transmembrane protein 201"
2414.59096940041,-2.08878125490612,0.15129874496946,1.15809523202706e-44,1.35295352826434e-42,"ENSG00000116649.12","SRM","6723","spermidine synthase"
570.591932063326,-1.27367036761874,0.174481862039446,2.40648989377321e-14,3.76756148750017e-13,"ENSG00000120942.15","UBIAD1","29914","UbiA prenyltransferase domain containing 1"
1018.21596995213,-1.2975091734941,0.285283410029914,2.87289473806277e-07,1.89896741344475e-06,"ENSG00000116670.19","MAD2L2","10459","mitotic arrest deficient 2 like 2"
770.375002090858,-1.44730992013369,0.159180951902928,6.58774631460894e-21,1.81734590192459e-19,"ENSG00000177674.18","AGTRAP","57085","angiotensin II receptor associated protein"
1503.26167823157,-1.06535725688319,0.167045911435263,2.3013490231716e-11,2.67036142109325e-10,"ENSG00000116685.19","KIAA2013","90231","KIAA2013"
381.342834849091,-1.07422854493843,0.216335873006474,7.90829739647479e-08,5.71748026962203e-07,"ENSG00000116691.13","MIIP","60672","migration and invasion inhibitory protein"
74.8304906674566,-2.71651887179948,2.17211922494285,3.57925417152087e-06,1.95037733494782e-05,"ENSG00000120949.16","TNFRSF8","943","TNF receptor superfamily member 8"
9069.9025748427,-1.07752638837873,0.284634012496529,1.34722765189558e-05,6.53937602136663e-05,"ENSG00000142634.15","EFHD2","79180","EF-hand domain family member D2"
131.718929805681,-1.3274503242876,0.167997801734148,3.02475402685106e-16,5.73735939090655e-15,"ENSG00000116771.8","AGMAT","79814","agmatinase (putative)"
1966.64188944688,-1.20011418458559,0.177674812387984,1.07214779124978e-12,1.42777125119714e-11,"ENSG00000116786.17","PLEKHM2","23207","pleckstrin homology and RUN domain containing M2"
430.88487932654,-1.58434881062604,0.105178991061059,2.45251932284146e-52,4.15607697555365e-50,"ENSG00000162458.15","FBLIM1","54751","filamin binding LIM protein 1"
54.1293137128164,-1.16810553981697,0.513541456832574,0.00213942936074754,0.00586422683471167,"ENSG00000185519.11","FAM131C","348487","family with sequence similarity 131 member C"
7149.09502659934,-1.27236410172169,0.248021474067492,1.73703681659855e-08,1.40983393414559e-07,"ENSG00000142627.15","EPHA2","1969","EPH receptor A2"
24.7467472907322,2.23148956807817,0.340977432856288,4.42061218226461e-12,5.52881268959469e-11,"ENSG00000290842.2","CROCCP3","114819","CROCC pseudogene 3"
14.6611265199721,1.20810030891754,0.3527891300079,0.000109636093507914,0.000431785567952994,"ENSG00000226029.1","LINC01772","107984921","long intergenic non-protein coding RNA 1772"
2803.27615446827,-1.39837812979283,0.233138099181182,9.40273313927125e-11,1.01968739620747e-09,"ENSG00000159363.20","ATP13A2","23400","ATPase cation transporting 13A2"
2711.78262903309,-1.16308872333464,0.107760315835985,6.744004062993e-28,3.15149353501258e-26,"ENSG00000142619.5","PADI3","51702","peptidyl arginine deiminase 3"
182.877371997039,-1.63507814294376,0.208431393079793,5.03346683867755e-16,9.35193880954777e-15,"ENSG00000009709.15","PAX7","5081","paired box 7"
456.265091768038,-1.61250895894485,0.194698872505397,4.83515719049317e-18,1.05763062460419e-16,"ENSG00000159423.19","ALDH4A1","8659","aldehyde dehydrogenase 4 family member A1"
1742.93390013916,-1.43266796577339,0.112115932672067,1.58738056876668e-38,1.31607504037371e-36,"ENSG00000053372.7","MRTO4","51154","MRT4 homolog, ribosome maturation factor"
276.488832874616,-1.11578167010982,0.139783054394613,2.69134309988976e-16,5.11753414838472e-15,"ENSG00000040487.15","SLC66A1","54896","solute carrier family 66 member 1"
1002.08028711323,-1.23019312890835,0.290603317555908,1.34183514706503e-06,7.91530342921529e-06,"ENSG00000053371.15","AKR7A2","8574","aldo-keto reductase family 7 member A2"
260.112487557324,-1.53798715542502,0.257122053301295,1.01345584712143e-10,1.09596792555817e-09,"ENSG00000162545.8","CAMK2N1","55450","calcium/calmodulin dependent protein kinase II inhibitor 1"
831.864866432273,-1.24716849763613,0.090159416306319,2.81326065993108e-44,3.21357723235535e-42,"ENSG00000090432.9","MUL1","79594","mitochondrial E3 ubiquitin protein ligase 1"
17.3898587592145,-1.31622633967938,0.36257646561804,3.91097951616995e-05,0.000171484831159672,"ENSG00000117245.15","KIF17","57576","kinesin family member 17"
86.1071573456336,-1.90581755385351,0.431694444347317,1.40253038886049e-07,9.77334890493341e-07,"ENSG00000189410.14","SH2D5","400745","SH2 domain containing 5"
44.2380355600084,-1.90731611446525,0.31569482453482,1.86807043248657e-10,1.9596948394133e-09,"ENSG00000162551.16","ALPL","249","alkaline phosphatase, biomineralization associated"
630.428193706164,-1.04259470291206,0.430907499290692,0.00115187147348502,0.00343578529837766,"ENSG00000076864.23","RAP1GAP","5909","RAP1 GTPase activating protein"
27.0909230158058,-1.56247338944629,0.284522616454394,3.94173759294393e-09,3.52584312185547e-08,"ENSG00000117318.11","ID3","3399","inhibitor of DNA binding 3"
186.165024203184,-1.40733504741991,0.269266429546684,9.88261036980906e-09,8.33696578297732e-08,"ENSG00000142677.6","IL22RA1","58985","interleukin 22 receptor subunit alpha 1"
167.78203167009,-1.54565054093429,1.81401429498124,0.000418218725978701,0.00142401213806967,"ENSG00000185436.14","IFNLR1","163702","interferon lambda receptor 1"
497.602904882025,1.1982511801306,0.114399172239451,1.67278793274748e-26,7.02889992122585e-25,"ENSG00000117602.15","RCAN3","11123","RCAN family member 3"
2590.81246782223,2.0740477660595,0.216515716051872,1.2572827407531e-23,4.29901488806067e-22,"ENSG00000169504.17","CLIC4","25932","chloride intracellular channel 4"
537.91808004755,1.2216265027669,0.218692959265978,2.08159864748921e-09,1.93842589027361e-08,"ENSG00000117616.20","RSRP1","57035","arginine and serine rich protein 1"
162.96681130206,1.47796853085586,0.378308224845782,3.86857832228447e-06,2.09471019339708e-05,"ENSG00000175087.12","PDIK1L","149420","PDLIM1 interacting kinase 1 like"
334.231377933616,-1.2737246169575,0.269860515077324,1.56046536826065e-07,1.07813335322345e-06,"ENSG00000142684.10","ZNF593","51042","zinc finger protein 593"
4557.22859151207,-1.52990831704555,0.207159226567294,5.30224427273457e-15,8.87794885231702e-14,"ENSG00000142669.17","SH3BGRL3","83442","SH3 domain binding glutamate rich protein like 3"
5816.41482142833,-1.31100034468643,0.263755979092028,3.62161202145229e-08,2.77303272010009e-07,"ENSG00000175793.12","SFN","2810","stratifin"
685.904100874904,-1.57758787985419,0.236537251954436,1.67241383500026e-12,2.17461349385493e-11,"ENSG00000253368.6","TRNP1","388610","TMF1 regulated nuclear protein 1"
135.777556495512,-1.29755865393853,0.158761295823271,4.87066199519201e-17,9.81836321932758e-16,"ENSG00000158246.9","TENT5B","115572","terminal nucleotidyltransferase 5B"
262.075872570349,-1.43607780891913,0.295264898604928,5.28964772298073e-08,3.92360065108638e-07,"ENSG00000126709.17","IFI6","2537","interferon alpha inducible protein 6"
18.6328112119237,1.97074430811499,0.357728234799587,3.0308271425184e-09,2.765584932827e-08,"ENSG00000270605.2",NA,NA,NA
52.0488383029395,1.52065915868247,0.633280131443265,0.000388760014077478,0.00133579950469893,"ENSG00000188060.9","RAB42","115273","RAB42, member RAS oncogene family"
66.9394354565878,1.1388995214979,0.19034473636261,4.10678617297490e-10,4.16649668246354e-09,"ENSG00000225828.2","FAM229A","100128071","family with sequence similarity 229 member A"
118.919487383202,1.20084777389234,0.277921909222196,1.35373028322136e-06,7.9770251041485e-06,"ENSG00000163867.19","ZMYM6","9204","zinc finger MYM-type containing 6"
495.33185502507,1.37035924149249,0.21461213954915,1.12894612731784e-11,1.35061894719693e-10,"ENSG00000197056.14","ZMYM1","79830","zinc finger MYM-type containing 1"
1345.20850369307,1.60132677231191,0.128056709254031,3.33150797205884e-37,2.56875922185597e-35,"ENSG00000146463.14","ZMYM4","9202","zinc finger MYM-type containing 4"
321.632876785824,2.2626088611732,0.307277772310276,1.8395118648655e-15,3.24195571063896e-14,"ENSG00000134698.13","AGO4","192670","argonaute RISC component 4"
627.472368173921,1.46102983421116,0.235508434269831,2.60605908978259e-11,3.01711991167697e-10,"ENSG00000126070.22","AGO3","192669","argonaute RISC catalytic component 3"
64.9713448651305,-1.56209171030695,0.319480553790686,5.56508942221433e-08,4.11405771716046e-07,"ENSG00000171812.14","COL8A2","1296","collagen type VIII alpha 2 chain"
262.006161146411,1.2917625702921,0.292614000004038,6.0392459665958e-07,3.77814247670888e-06,"ENSG00000214193.13","SH3D21","79729","SH3 domain containing 21"
666.60423685564,-1.19123039987782,0.380922900789944,9.99027428177824e-05,0.000398087906199747,"ENSG00000197982.15","C1orf122","127687","chromosome 1 open reading frame 122"
465.3790792326,-1.11517387131133,0.401790952048043,0.000340281014884812,0.00118774864883175,"ENSG00000183386.13","FHL3","2275","four and a half LIM domains 3"
8669.50924064335,1.09143328002193,0.0770552907350449,3.46173645837293e-46,4.56268700209991e-44,"ENSG00000127603.33","MACF1","23499","microtubule actin crosslinking factor 1"
748.630126581103,1.42730808792848,0.439559422932863,2.9898635665126e-05,0.00013493323400407,"ENSG00000117000.10","RLF","6018","RLF zinc finger"
32.4885979826781,1.23710113943756,0.360284064465275,6.12047134972919e-05,0.000256199209240429,"ENSG00000272145.3",NA,NA,NA
46.8377128659877,-1.16531060368858,0.344622028602223,0.000108515030849129,0.000428530164077958,"ENSG00000204060.8","FOXO6","100132074","forkhead box O6"
118.306598512046,1.92628231182557,1.06738644542373,0.000123727284491694,0.000481939493343372,"ENSG00000177181.17","RIMKLA","284716","ribosomal modification protein rimK like family member A"
16.1033420259075,1.21480805283988,0.38849543299129,0.000282345347597246,0.00100811475001091,"ENSG00000186409.20","CCDC30","728621","coiled-coil domain containing 30"
31.1608173521456,1.12059271825477,0.645844489719465,0.00412463137381635,0.0103155920232926,"ENSG00000227533.8","SLC2A1-DT","440584","SLC2A1 divergent transcript"
625.74863336417,-1.0110208001542,0.185447793567086,7.90024185310283e-09,6.74956396768414e-08,"ENSG00000178922.20","HYI","81888","hydroxypyruvate isomerase (putative)"
842.019152213342,-1.14557159835762,0.131267490965639,4.67498553647311e-19,1.12119676450936e-17,"ENSG00000132768.16","DPH2","1802","diphthamide biosynthesis 2"
413.911690579494,-1.14272164745615,0.222928556521759,2.97578231079475e-08,2.31414720195491e-07,"ENSG00000173846.16","PLK3","1263","polo like kinase 3"
196.828737369946,-1.52236664108316,0.142371912768614,1.09401923012305e-27,5.0210924249189e-26,"ENSG00000186603.7","HPDL","84842","4-hydroxyphenylpyruvate dioxygenase like"
97.1553751359818,1.1072944208191,0.522932880055412,0.00171407573328841,0.00484293915042883,"ENSG00000070759.19","TESK2","10420","testis associated actin remodelling kinase 2"
401.379375281654,1.03688253582037,0.0823732487932579,6.0759891691648e-37,4.57062580378977e-35,"ENSG00000117461.17","PIK3R3","8503","phosphoinositide-3-kinase regulatory subunit 3"
16.8054836044295,1.58344345181578,0.34431451384703,5.95788106132689e-07,3.73178244706426e-06,"ENSG00000132122.14","SPATA6","54558","spermatogenesis associated 6"
116.524910040242,1.49401000552042,0.559541975723973,0.000251663980263752,0.000911580215080609,"ENSG00000169213.9","RAB3B","5865","RAB3B, member RAS oncogene family"
704.88414939704,1.53630383482439,0.221202203226541,1.60103195550938e-13,2.32700412685299e-12,"ENSG00000134744.16","TUT4","23318","terminal uridylyl transferase 4"
601.707167402486,1.42385856166136,0.278280262891673,1.41111056788183e-08,1.15871864043161e-07,"ENSG00000162378.15","ZYG11B","79699","zyg-11 family member B, cell cycle regulator"
348.414613719424,1.36396835922519,0.370456283170796,1.08215336122375e-05,5.36070895709331e-05,"ENSG00000121310.19","ECHDC2","55268","enoyl-CoA hydratase domain containing 2"
385.456656330777,1.2955760842051,0.16999412645736,3.05863106695604e-15,5.27007259033844e-14,"ENSG00000162407.11","PLPP3","8613","phospholipid phosphatase 3"
177.956284458053,3.74958718463835,0.379445838428345,1.36534813355818e-25,5.42655504319606e-24,"ENSG00000162409.14","PRKAA2","5563","protein kinase AMP-activated catalytic subunit alpha 2"
616.274908156791,1.42355811042345,0.749548621790546,0.000598166356828158,0.00195223775421101,"ENSG00000162601.14","MYSM1","114803","Myb like, SWIRM and MPN domains 1"
678.952246807806,1.34606186209478,0.384137921177332,1.78220958893019e-05,8.40472601556346e-05,"ENSG00000134709.15","HOOK1","51361","hook microtubule tethering protein 1"
1175.11221801452,1.12711144882103,0.123602303388067,6.80968867672835e-21,1.87187538473846e-19,"ENSG00000132849.23","PATJ","10207","PATJ crumbs cell polarity complex component"
97.7140467223665,1.1963381874423,0.336788201833446,2.75569039206773e-05,0.000125429461440603,"ENSG00000203965.15","EFCAB7","84455","EF-hand calcium binding domain 7"
250.395976161005,1.26768791839482,0.128732106645402,1.04154436968761e-23,3.61749002814248e-22,"ENSG00000185483.14","ROR1","4919","receptor tyrosine kinase like orphan receptor 1"
132.61932312905,1.57034318907342,0.162866721952517,6.72148951441467e-23,2.1612172866541e-21,"ENSG00000116675.16","DNAJC6","9829","DnaJ heat shock protein family (Hsp40) member C6"
142.082760914409,1.04418347307841,0.449235718732308,0.00166757197055645,0.00472800650081835,"ENSG00000116678.21","LEPR","3953","leptin receptor"
37.122803069349,1.02545721568286,0.402811796768661,0.00165437399551775,0.00469663133005877,"ENSG00000152763.19","DNAI4","79819","dynein axonemal intermediate chain 4"
735.797960721312,1.15088731008748,0.40032531004469,0.000229438461088526,0.000838826578578986,"ENSG00000198160.16","MIER1","57708","MIER1 transcriptional regulator"
170.691588084466,-1.04159174373887,0.305209656441829,6.96063065331776e-05,0.000287543223425698,"ENSG00000197568.16","ANKRD13C-DT","11147","ANKRD13C divergent transcript"
94.7912152989365,1.26560880744603,0.581755351750311,0.000973547629470113,0.00297427093928494,"ENSG00000254685.10","FPGT","8790","fucose-1-phosphate guanylyltransferase"
414.123336750765,1.4308441406592,0.508265407438069,0.000131919260749663,0.00051100902286374,"ENSG00000137968.17","SLC44A5","204962","solute carrier family 44 member 5"
43.692701010135,1.65561259695882,0.914455729496303,0.000450466396945702,0.00152005302129096,"ENSG00000117069.17","ST6GALNAC5","81849","ST6 N-acetylgalactosaminide alpha-2,6-sialyltransferase 5"
1207.2758391903,1.18999663492977,0.268946367671349,6.99344924512874e-07,4.32827073033648e-06,"ENSG00000077254.16","USP33","23032","ubiquitin specific peptidase 33"
13.8815919548379,1.18928641118975,0.499898237016974,0.00176995079928373,0.00497528459273685,"ENSG00000280099.1",NA,NA,NA
117.887142500079,1.31358963325805,0.503987736894141,0.000299683727721384,0.00106142001956625,"ENSG00000097096.12","SYDE2","84144","synapse defective Rho GTPase homolog 2"
81.6183130707654,-4.27244012647897,0.33355679486565,7.65075187408679e-39,6.55456914723846e-37,"ENSG00000137975.9","CLCA2","9635","chloride channel accessory 2"
772.186957178916,1.37889538684397,0.25043691735578,1.81472080458041e-09,1.69810737423753e-08,"ENSG00000153936.19","HS2ST1","9653","heparan sulfate 2-O-sulfotransferase 1"
2358.67872741323,1.10928700074536,0.363203548883268,0.000159585502008253,0.000604957725287429,"ENSG00000065243.22","PKN2","5586","protein kinase N2"
6.86116816381244,1.09715787475498,0.787242374322325,0.0121327082194637,0.0259246907928986,"ENSG00000241975.1",NA,NA,NA
76.3917332798092,1.71439026112634,0.408063463797924,6.82476372454919e-07,4.23179257725264e-06,"ENSG00000189195.17","BTBD8","284697","BTB domain containing 8"
93.2070727517619,1.30806832464377,0.324880789281011,3.80356177463643e-06,2.06530725798128e-05,"ENSG00000223745.9",NA,NA,NA
774.326178144407,1.28782681826144,0.239149537951016,5.14289572979261e-09,4.51386426005303e-08,"ENSG00000137942.20","FNBP1L","54874","formin binding protein 1 like"
1321.88478573558,-1.0704073688128,0.0785820967298812,5.79667000662013e-43,6.25108029175448e-41,"ENSG00000137936.20","BCAR3","8412","BCAR3 adaptor protein, NSP family member"
39.6453136253032,-1.00219570608181,0.227272464995952,2.2399696857636e-06,1.26252092559066e-05,"ENSG00000288736.3",NA,NA,NA
144.889839560231,1.72562199979497,0.22970816445829,3.59763697202281e-15,6.15068289862126e-14,"ENSG00000152078.12","TLCD4","148534","TLC domain containing 4"
72.0062090926683,-1.51921369850645,0.935464391676208,0.000890153854861122,0.00275588488171318,"ENSG00000170989.12","S1PR1","1901","sphingosine-1-phosphate receptor 1"
166.95736383648,1.00534794401176,0.285375231824025,5.48725626601342e-05,0.000232661476156703,"ENSG00000185946.18","RNPC3","55599","RNA binding region (RNP1, RRM) containing 3"
40.0083113593954,4.52120624987198,0.529921891769082,1.38144381232696e-18,3.21315912969743e-17,"ENSG00000240038.8","AMY2B","280","amylase alpha 2B"
17.0910349381008,-1.09570582912014,0.39264109253925,0.00067230513591701,0.00215992031270338,"ENSG00000294279.1",NA,NA,NA
1890.30655464943,1.9196204453269,0.476133176633054,3.53835639158073e-07,2.30718790336433e-06,"ENSG00000134243.14","SORT1","6272","sortilin 1"
70.5275472740822,1.03408928731663,0.403691577067063,0.00113502850552302,0.00339210747745552,"ENSG00000224699.13","LAMTOR5-AS1","101410535","LAMTOR5 and SLC16A4 antisense RNA 1"
1466.63951433252,-1.20520320703382,0.305184696504264,4.84568654774057e-06,2.58297035094046e-05,"ENSG00000155366.19","RHOC","389","ras homolog family member C"
376.63114639934,1.30498865727282,0.242192219298592,5.02332381319424e-09,4.41897755409403e-08,"ENSG00000081026.21","MAGI3","260425","membrane associated guanylate kinase, WW and PDZ domain containing 3"
335.77319197861,1.14183819548138,0.322651307588597,3.29283519351518e-05,0.00014734502566056,"ENSG00000081019.16","RSBN1","54665","round spermatid basic protein 1"
141.579421945278,2.30689211887741,0.455227400414924,3.0837044441662e-09,2.80711984398675e-08,"ENSG00000188761.14","BCL2L15","440603","BCL2 like 15"
128.159561303735,1.1327941806608,0.342629766531755,0.000132005238987803,0.000511213659073558,"ENSG00000175984.18","DENND2C","163259","DENN domain containing 2C"
92.7936227154706,3.33568701234118,0.267461121957607,4.21166120469258e-37,3.19941021859923e-35,"ENSG00000134258.20","VTCN1","79679","V-set domain containing T cell activation inhibitor 1"
1283.45804892409,1.08173693672283,0.407465293496691,0.000501417537532262,0.00167512128385724,"ENSG00000198162.13","MAN1A2","10905","mannosidase alpha class 1A member 2"
274.464104801406,1.31904802742596,0.142506648642443,2.43079045073503e-21,6.92887607038538e-20,"ENSG00000171943.14","SRGAP2C","653464","SLIT-ROBO Rho GTPase activating protein 2C"
36.8451978033377,1.05042154884546,0.348363216466353,0.000403887825018453,0.00138284950035736,"ENSG00000291141.2","EMBP1","647121","embigin pseudogene 1"
138.198510661585,1.16118942544307,0.169608392767478,1.29236619813287e-12,1.70338283259888e-11,"ENSG00000266338.9","NBPF15","284565","NBPF member 15"
74.2068241189988,1.28801378133487,0.295233581120591,1.51009026882551e-06,8.77103654823286e-06,"ENSG00000271425.10","NBPF10","100132406","NBPF member 10"
29.7597268681107,1.77362724593844,0.328842096993268,6.3168890342004e-09,5.46341816020215e-08,"ENSG00000264343.9","NOTCH2NLA","388677","notch 2 N-terminal like A"
50.3324862296573,1.62254387111384,0.668093194897727,0.000212343110704163,0.000783476014929494,"ENSG00000131778.22","CHD1L","9557","chromodomain helicase DNA binding protein 1 like"
137.605128901317,1.27632631509671,0.181119604678066,2.76762670466814e-13,3.92997895144451e-12,"ENSG00000270629.8","NBPF14","25832","NBPF member 14"
31.0156608971391,1.79879311006737,0.317806452795586,1.44820900064986e-09,1.36927228688054e-08,"ENSG00000286019.5","NOTCH2NLB","100996763","notch 2 N-terminal like B"
35.8917119383502,1.7467475090189,0.416530225267928,1.39562106625964e-06,8.18944918675416e-06,"ENSG00000286219.3","NOTCH2NLC","100996717","notch 2 N-terminal like C"
19.7618207004522,-1.27087575786575,0.28476098594347,1.08959474667895e-06,6.51012808544596e-06,"ENSG00000270882.3","H4C14","8370","H4 clustered histone 14"
22.6520637602021,-2.0732634880856,0.372637414639042,1.82447024267715e-09,1.70619500377952e-08,"ENSG00000288825.1","H2AC18","8337","H2A clustered histone 18"
43.4029337282092,-1.79254932845393,0.300280146849613,1.82965655359431e-10,1.92594769371862e-09,"ENSG00000270276.3","H4C15","554313","H4 clustered histone 15"
171.895586343974,-1.1874124372096,0.195463531763856,1.24386644040309e-10,1.33484094484732e-09,"ENSG00000184678.11","H2BC21","8349","H2B clustered histone 21"
168.59992555309,-1.47096950631038,0.216162510629606,5.95162964055831e-13,8.12213103425219e-12,"ENSG00000143369.17","ECM1","1893","extracellular matrix protein 1"
26.1349882964899,1.39283105164774,0.3058469196692,5.76619326792203e-07,3.62201492401734e-06,"ENSG00000143387.16","CTSK","1513","cathepsin K"
10.7014866142286,-1.24795588495416,0.410377743782864,0.0003347597234503,0.00117192501596528,"ENSG00000143450.19","OAZ3","51686","ornithine decarboxylase antizyme 3"
7091.88640673842,-1.02224788095007,0.222798047586503,5.8749238468343e-07,3.6843107215141e-06,"ENSG00000197747.11","S100A10","6281","S100 calcium binding protein A10"
56.7380095963237,-1.93760178379494,0.313635652306426,5.11420948483356e-11,5.7149438018564e-10,"ENSG00000169474.5","SPRR1A","6698","small proline rich protein 1A"
20.5726168279945,-2.14869927686762,0.334256264237577,1.07776473256712e-11,1.29340155182238e-10,"ENSG00000163209.16","SPRR3","6707","small proline rich protein 3"
3687.88363347182,-1.28492809841597,0.176861398268156,4.23481247194119e-14,6.49801424177164e-13,"ENSG00000196754.15","S100A2","6273","S100 calcium binding protein A2"
5423.26727623372,-1.21461116684171,0.244556108375243,5.16230963936902e-08,3.84023043650312e-07,"ENSG00000188643.13","S100A16","140576","S100 calcium binding protein A16"
315.473072056891,-1.17194055498291,0.455397264246884,0.000983602171093423,0.00299824650730019,"ENSG00000143515.22","ATP8B2","57198","ATPase phospholipid transporting 8B2"
642.525597862034,-1.375347800009,0.255435332098776,4.23105474701376e-09,3.76497952993071e-08,"ENSG00000163344.8","PMVK","10654","phosphomevalonate kinase"
673.152508817708,-1.08345113010896,0.145698355414538,1.37281130515057e-14,2.19835131222502e-13,"ENSG00000160688.21","FLAD1","80308","flavin adenine dinucleotide synthetase 1"
6063.3406575452,-1.16889085068209,0.308555288575385,9.29705414578683e-06,4.68290745590021e-05,"ENSG00000143537.16","ADAM15","8751","ADAM metallopeptidase domain 15"
526.203175666281,-1.28760849498752,0.260358701713872,4.45434208000724e-08,3.36387900175277e-07,"ENSG00000173171.16","MTX1","4580","metaxin 1"
87.1265964326731,1.11158228417369,0.287444644786856,1.31590479717545e-05,6.39942222555743e-05,"ENSG00000143630.12","HCN3","57657","hyperpolarization activated cyclic nucleotide gated potassium channel 3"
251.718590611243,1.10878187628058,0.338121643738787,9.50817541550789e-05,0.00038124173968421,"ENSG00000196189.16","SEMA4A","64218","semaphorin 4A"
63.6411466906097,1.5390029095293,0.246436479526778,3.63765210068951e-11,4.13384178664208e-10,"ENSG00000160781.19","PAQR6","79957","progestin and adipoQ receptor family member 6"
11.7412799723913,-1.18540356036063,0.383547396136648,0.000313722344801471,0.00110606133497565,"ENSG00000163467.14","TSACC","128229","TSSK6 activating cochaperone"
378.660424592958,-1.24511392272572,0.134359695985627,3.26577398772312e-21,9.22371807045388e-20,"ENSG00000229953.2","BCAN-AS2","126568844","BCAN antisense RNA 2"
712.007263516691,-1.33006962635606,0.110151745683868,2.60171695330442e-34,1.74439465812641e-32,"ENSG00000272405.1",NA,NA,NA
97.3329601794104,-1.85552382648622,0.150440492482083,6.42406607872465e-36,4.58636680555615e-34,"ENSG00000027869.15","SH2D2A","9047","SH2 domain containing 2A"
719.067797875766,-1.17654776414741,0.0862623146343682,4.40347101263485e-43,4.78210749900296e-41,"ENSG00000187800.16","PEAR1","375033","platelet endothelial aggregation receptor 1"
286.003209324597,-1.70011417606378,0.193690705404031,1.09946681543472e-19,2.76588544222166e-18,"ENSG00000158716.11","DUSP23","54935","dual specificity phosphatase 23"
36.9171081943801,1.02445191308207,0.347366416555913,0.000469270826412692,0.00157832615356818,"ENSG00000272668.3","LOC107985216","107985216","uncharacterized LOC107985216"
171.597797751785,1.22115385732816,0.236025278441145,2.57225721354688e-08,2.0196934058099e-07,"ENSG00000143217.11","NECTIN4","81607","nectin cell adhesion molecule 4"
13.3327877906412,-1.75528277326697,0.4177681198658,2.41341372979554e-06,1.35237111653986e-05,"ENSG00000173110.8","HSPA6","3310","heat shock protein family A (Hsp70) member 6"
32.894542296354,-1.12164692815584,0.437243646501865,0.00163933750544272,0.00466080819901037,"ENSG00000198771.13","RCSD1","92241","RCSD domain containing 1"
1005.68381877385,1.12648044609634,0.166372907107366,1.33736592781673e-12,1.75668824300356e-11,"ENSG00000143164.18","DCAF6","55827","DDB1 and CUL4 associated factor 6"
1328.94800027926,1.0027456994909,0.285807929943796,5.27576580440765e-05,0.000224993319883215,"ENSG00000213064.12","SFT2D2","375035","SFT2 domain containing 2"
47.9420510006272,1.29167632790878,0.183989008468175,4.16272086569845e-13,5.78839661586437e-12,"ENSG00000197959.16","DNM3","26052","dynamin 3"
1054.20706680101,1.50213474674207,0.384018313516917,2.40787717960735e-06,1.34975914164758e-05,"ENSG00000094975.16","SUCO","51430","SUN domain containing ossification factor"
30.9480051960154,2.16331527526012,0.475933504031613,1.30582369994343e-07,9.13661854665501e-07,"ENSG00000120337.10","TNFSF18","8995","TNF superfamily member 18"
192.69265831198,1.78064421937328,0.557285228660934,1.42413544499602e-05,6.88019821343471e-05,"ENSG00000185278.18","ZBTB37","84614","zinc finger and BTB domain containing 37"
486.649552314887,1.39770304367027,0.182015219348312,1.14713693214608e-15,2.06417720310674e-14,"ENSG00000152061.25","RABGAP1L","9910","RAB GTPase activating protein 1 like"
611.39972337981,1.65091538257105,0.248313306446871,9.47141496565985e-13,1.26897211281877e-11,"ENSG00000116191.21","RALGPS2","55103","Ral GEF with PH domain and SH3 binding motif 2"
963.472902113911,1.23719672127009,0.784857423037597,0.00155575006236503,0.00446348310915927,"ENSG00000135837.20","CEP350","9857","centrosomal protein 350"
1312.44988335019,1.18078910648607,0.0888394727006575,4.8070078725816e-41,4.78250763890844e-39,"ENSG00000143324.16","XPR1","9213","xenotropic and polytropic retrovirus receptor 1"
214.165728563199,2.02746485688509,0.39504581551633,2.40320718359918e-09,2.22048280277309e-08,"ENSG00000143344.18","RGL1","23179","ral guanine nucleotide dissociation stimulator like 1"
866.324009660458,1.06576959986786,0.376995218527599,0.000361970104809851,0.00125549729785711,"ENSG00000116406.22","EDEM3","80267","ER degradation enhancing alpha-mannosidase like protein 3"
1367.03494669319,1.33899016389564,0.275115086693586,6.24138220975133e-08,4.57889415112156e-07,"ENSG00000135842.19","NIBAN1","116496","niban apoptosis regulator 1"
1570.49548423038,1.90993012669599,0.116035146995259,6.20387136153495e-62,1.47184461948047e-59,"ENSG00000073756.13","PTGS2","5743","prostaglandin-endoperoxide synthase 2"
411.56541729889,1.08947272337611,0.269150386265099,5.5843695877803e-06,2.93612558517422e-05,"ENSG00000116711.12","PLA2G4A","5321","phospholipase A2 group IVA"
221.362723804199,1.62831300573214,0.611095197153389,8.15648203374848e-05,0.000331963867623213,"ENSG00000177888.10","ZBTB41","360023","zinc finger and BTB domain containing 41"
116.209525459071,2.05649136938871,0.446549975876774,4.06069627521947e-08,3.0858012402894e-07,"ENSG00000213047.15","DENND1B","163486","DENN domain containing 1B"
22.2038017297876,-1.29240778626263,0.810360736936275,0.00359509384059779,0.00916665709587607,"ENSG00000116833.16","NR5A2","2494","nuclear receptor subfamily 5 group A member 2"
3067.94231072938,-1.25884960350828,0.171233185994047,1.47606912209005e-14,2.36125123773348e-13,"ENSG00000159166.17","LAD1","3898","ladinin 1"
89.5613422209704,1.17251128103029,0.305551727427698,1.22988054032428e-05,6.01712811305227e-05,"ENSG00000234678.3",NA,NA,NA
67.2702225295573,-1.37003784681998,0.224873230971219,1.0683041061849e-10,1.15247414442906e-09,"ENSG00000133067.20","LGR6","59352","leucine rich repeat containing G protein-coupled receptor 6"
88.3907218086009,1.88714018043079,0.42152961657355,1.26483140920758e-07,8.86589325517734e-07,"ENSG00000143847.18","PPFIA4","8497","PPFI scaffold protein A4"
181.628397658371,-1.91755145817622,0.204528584831495,5.35352113046624e-22,1.61559000690646e-20,"ENSG00000163485.20","ADORA1","134","adenosine A1 receptor"
13.2880552889578,1.8461461819382,0.405853598079718,5.19773867045873e-07,3.29311125871586e-06,"ENSG00000257315.5","ZBED6","100381270","zinc finger BED-type containing 6"
41.171173343742,-1.30672549616759,0.330075079183101,1.0279857718371e-05,5.11429747044817e-05,"ENSG00000174567.10","GOLT1A","127845","golgi transport 1A"
382.430892571348,1.4418690336354,0.254428259369579,6.42393234396903e-10,6.36245733309868e-09,"ENSG00000198625.17","MDM4","4194","MDM4 regulator of p53"
37.7493919160153,1.74346274309094,0.918662642195896,0.000443422945227798,0.00150121300512796,"ENSG00000174514.15","SLC60A1","148808","solute carrier family 60 member 1"
1143.97718362468,1.05208074777458,0.453039286167628,0.0012911850887068,0.00379698040674058,"ENSG00000158711.16","ELK4","2005","ETS transcription factor ELK4"
2087.03836240336,1.31148128883084,0.824633971828627,0.00101541900829007,0.00308243632418135,"ENSG00000162896.8","PIGR","5284","polymeric immunoglobulin receptor"
17.9798527159515,1.43666297874654,0.371271311208013,1.15588524481588e-05,5.68486451863533e-05,"ENSG00000203709.15",NA,NA,NA
1546.6699860513,1.98974995833315,0.829795546403198,3.68618672693506e-05,0.00016287875506036,"ENSG00000230937.14","MIR205HG","642587","MIR205 host gene"
137.710814016035,1.66847433457253,0.148044720902268,2.59994907482949e-30,1.41674256830197e-28,"ENSG00000082497.14","SERTAD4","56256","SERTA domain containing 4"
1167.0006579807,1.18832113237577,0.224339957299972,9.91567425203564e-09,8.36028499948833e-08,"ENSG00000123684.15","LPGAT1","9926","lysophosphatidylglycerol acyltransferase 1"
323.480695893632,1.18553558623696,0.359216422548716,5.76861178363253e-05,0.000243186884405132,"ENSG00000136643.14","RPS6KC1","26750","ribosomal protein S6 kinase C1"
4294.05196734491,1.06626265505202,0.681059904562209,0.00329979996257711,0.00852612328407305,"ENSG00000117724.16","CENPF","1063","centromere protein F"
1051.26190647242,1.07868565508488,0.305370797876754,3.79758349361877e-05,0.000166939951696394,"ENSG00000136636.15","KCTD3","51133","potassium channel tetramerization domain containing 3"
14.9751562787039,-1.1778905396233,0.386986576894326,0.000360784707798945,0.00125194891515921,"ENSG00000136630.15","HLX","3142","H2.0 like homeobox"
39.8661579437669,2.0756149310145,0.287965533950094,4.79420781491104e-14,7.29827035673674e-13,"ENSG00000187554.17","TLR5","7100","toll like receptor 5"
38.4179840956279,2.58930740133882,0.384680889530776,1.23427180678851e-12,1.62959807641144e-11,"ENSG00000143502.18","SUSD4","55061","sushi domain containing 4"
48.7558143726682,-1.56581972453244,0.3253013124672,1.2310258311962e-07,8.63678314052617e-07,"ENSG00000143786.10","CNIH3","149111","cornichon family AMPA receptor auxiliary protein 3"
14.5686050993748,-1.78147520755928,0.347157769158913,2.92437579282645e-08,2.27876700864966e-07,"ENSG00000233384.4","CNIH3-AS2","102723817","CNIH3 antisense RNA 2"
1756.73436830665,1.08767285916158,0.220816984364753,8.65029849732868e-08,6.21893953973452e-07,"ENSG00000154380.21","ENAH","55740","ENAH actin regulator"
1546.29257818165,1.40135730104439,0.335991367307698,8.56117517036509e-07,5.20591018541798e-06,"ENSG00000143776.22","CDC42BPA","8476","CDC42 binding protein kinase alpha"
559.831984282535,-1.16732141397471,0.308906751333327,1.16499701506697e-05,5.7251175810541e-05,"ENSG00000162910.21","MRPL55","128308","mitochondrial ribosomal protein L55"
16.4663229103692,1.15967429614343,0.302562447687825,2.3361466785998e-05,0.000108023142220952,"ENSG00000231563.4",NA,NA,NA
89.519196824272,-1.32206475840645,0.25664106025529,2.20833995476689e-08,1.75630791348428e-07,"ENSG00000181218.6","H2AC25","92815","H2A clustered histone 25"
172.370190015698,1.07915981027599,0.376415653499822,0.00032848192728405,0.00115282653633303,"ENSG00000154429.12","CCSAP","126731","centriole, cilia and spindle associated protein"
621.202024319947,1.23264764198071,0.53727621138393,0.000683367626118846,0.00219089649945504,"ENSG00000054267.24","ARID4B","51742","AT-rich interaction domain 4B"
11.8056034014445,1.21692810460218,0.794215103637901,0.00529085890477524,0.012766442680416,"ENSG00000284770.4","TBCE","6905","tubulin folding cofactor E"
198.281375611039,1.35328750534867,0.392715034106288,2.31192294205528e-05,0.000106935104047494,"ENSG00000143669.17","LYST","1130","lysosomal trafficking regulator"
658.793576582527,-1.46140173146376,0.250263185193514,5.83556850493466e-10,5.82461501065355e-09,"ENSG00000116962.17","NID1","4811","nidogen 1"
53.6856824598997,2.07638596315659,0.293406426556508,1.60889271948736e-13,2.33622736602773e-12,"ENSG00000226919.5",NA,NA,NA
393.439528713482,1.29931912098106,0.151808296361461,1.36693120248512e-18,3.18420635551708e-17,"ENSG00000179456.14","ZBTB18","10472","zinc finger and BTB domain containing 18"
91.6313429300962,1.2918890902048,0.852722209778631,0.00159729527624622,0.00455977239077988,"ENSG00000290683.2",NA,NA,NA
291.832741318995,1.22741984345744,0.128416092436229,1.79061794174772e-22,5.60103839344656e-21,"ENSG00000143797.14","MBOAT2","129642","membrane bound glycerophospholipid O-acyltransferase 2"
158.191944329928,1.46794796857131,0.138917882402276,4.42631290451995e-27,1.9446772450314e-25,"ENSG00000134317.19","GRHL1","29841","grainyhead like transcription factor 1"
41.5175776530136,-3.28843268176503,0.442651316058765,1.78354130932959e-14,2.82962865547032e-13,"ENSG00000162975.6","KCNF1","3754","potassium voltage-gated channel modifier subfamily F member 1"
421.265615404733,-1.2778981159638,0.103677269524713,1.05409123251712e-35,7.35526737404819e-34,"ENSG00000143878.10","RHOB","388","ras homolog family member B"
432.286811244966,-1.02911518508211,0.26380950011698,1.22576692556389e-05,6.00081008226058e-05,"ENSG00000118960.15","HS1BP3","64342","HCLS1 binding protein 3"
253.99258928401,-1.08383293925223,0.248536494861457,1.39140536228332e-06,8.17092996640181e-06,"ENSG00000119771.17","KLHL29","114818","kelch like family member 29"
8.29914796623175,1.17360020322438,0.477326237090879,0.00210518671144129,0.00578270115374708,"ENSG00000119782.15","FKBP1B","2281","FKBP prolyl isomerase 1B"
337.997563310717,1.09832510043856,0.174643862111842,4.09354010596684e-11,4.61788456284672e-10,"ENSG00000084676.18","NCOA1","8648","nuclear receptor coactivator 1"
626.056128940859,-1.24019076722165,0.125416403497925,5.48439362205831e-24,1.94872889506362e-22,"ENSG00000138074.17","SLC5A6","8884","solute carrier family 5 member 6"
2501.24957358328,-1.1084448307916,0.243848530059623,5.20113660851168e-07,3.29391078603116e-06,"ENSG00000084774.16","CAD","790","carbamoyl-phosphate synthetase 2, aspartate transcarbamylase, and dihydroorotase"
1567.99112624112,-1.09639087006542,0.391008947935944,0.000319688931792152,0.00112503948360721,"ENSG00000115234.13","SNX17","9784","sorting nexin 17"
20.0923108309707,1.13889819905197,0.412783178409915,0.000736101042912188,0.00233760588606854,"ENSG00000176714.12","CCDC121","79635","coiled-coil domain containing 121"
147.08345429175,1.81578981825794,0.265440188583175,3.98418460948512e-13,5.55014551606776e-12,"ENSG00000213626.14","LBH","81606","LBH regulator of Wnt signaling pathway"
285.65816312824,1.05866522303425,0.204150722210632,2.81641489673629e-08,2.19822783916326e-07,"ENSG00000021574.17","SPAST","6683","spastin"
971.742871633184,1.08877253151699,0.428421080286197,0.000714639186491556,0.0022769526642327,"ENSG00000115808.15","STRN","6801","striatin"
831.225600091831,1.21608163287369,0.34491066436923,2.5243185613862e-05,0.000115546205209666,"ENSG00000115904.17","SOS1","6654","SOS Ras/Rac guanine nucleotide exchange factor 1"
37.7589487768187,-2.32633705829819,0.290202027202791,5.81548512637285e-17,1.16660577027994e-15,"ENSG00000162878.15","PKDCC","91461","protein kinase domain containing, cytoplasmic"
2513.56187522707,1.08643859733248,0.117839860652618,4.48263574537674e-21,1.25456852685036e-19,"ENSG00000143924.21","EML4","27436","EMAP like 4"
291.676160384377,1.66086792898789,0.112460200892925,2.36194093154571e-50,3.57093050052611e-48,"ENSG00000152527.16","PLEKHH2","130271","pleckstrin homology, MyTH4 and FERM domain containing H2"
212.389423218087,1.00739756061234,0.186695337489231,1.22341298875896e-08,1.01650063036917e-07,"ENSG00000119729.14","RHOQ","23433","ras homolog family member Q"
26.2974728480403,1.12467786181139,0.42581068164352,0.00126548522442104,0.00372838978438903,"ENSG00000243244.9","STON1","11037","stonin 1"
27.167735573576,1.20596331950108,0.40451524901212,0.000312723174182953,0.00110304301671439,"ENSG00000162994.18","CLHC1","130162","clathrin heavy chain linker domain containing 1"
697.78608268197,1.12329617747489,0.534644523774802,0.00149094703295205,0.00430076584271484,"ENSG00000115355.20","CCDC88A","55704","coiled-coil and HOOK domain protein 88A"
206.588267603792,-1.30445505001234,0.245223910503632,7.33555474908107e-09,6.30203842816597e-08,"ENSG00000233426.3","EIF3FP3","339799","eukaryotic translation initiation factor 3 subunit F pseudogene 3"
268.243141487865,1.0281337980615,0.636377299149862,0.00442592866235628,0.0109677399810696,"ENSG00000162924.18","REL","5966","REL proto-oncogene, NF-kB subunit"
212.313826114221,1.83330763384417,0.572882374242544,1.4354836034819e-05,6.92634313181928e-05,"ENSG00000293434.2","AHSA2P","130872","activator of HSP90 ATPase homolog 2, pseudogene"
1716.85725104016,1.18556584524123,0.613686658193156,0.00145931421721563,0.00422453248426548,"ENSG00000115464.16","USP34","9736","ubiquitin specific peptidase 34"
84.3864116667746,1.07708740019703,0.31234514426262,6.35575304538741e-05,0.000265255934270417,"ENSG00000170264.15","FAM161A","84140","FAM161 centrosomal protein A"
320.599520336448,-1.0145923764138,0.25492961510753,9.05938795369824e-06,4.58048595521248e-05,"ENSG00000228305.2",NA,NA,NA
427.80784635716,1.04968147273373,0.123565393062896,3.23097945413771e-18,7.22100495105184e-17,"ENSG00000197329.14","PELI1","57162","pellino E3 ubiquitin protein ligase 1"
11.853665711724,1.28352109332619,0.467367538737519,0.000833001908092398,0.00260351082786641,"ENSG00000225889.11",NA,NA,NA
299.270587808987,1.43781613725256,0.336737978709588,8.09867137477928e-07,4.95004404559934e-06,"ENSG00000143971.11","ETAA1","54465","ETAA1 activator of ATR kinase"
54.5828697700835,1.24085152190797,0.315206172809473,8.42594964365087e-06,4.28409394839235e-05,"ENSG00000204923.6","FBXO48","554251","F-box protein 48"
58.6064772039779,-2.25642965188588,0.240536708386139,4.20433970712204e-22,1.28132653406184e-20,"ENSG00000163219.13","ARHGAP25","9938","Rho GTPase activating protein 25"
365.377151561848,1.12676441697263,0.103015422431285,1.14522556081119e-28,5.66042415809915e-27,"ENSG00000087338.7","GMCL1","64395","germ cell-less 1, spermatogenesis associated"
705.889756423077,1.11013922621331,0.446412058786963,0.000736517009795876,0.0023379068930899,"ENSG00000116001.19","TIA1","7072","TIA1 cytotoxic granule associated RNA binding protein"
1282.79966682652,1.09942512742491,0.517125541575477,0.00134938648426879,0.0039470578478583,"ENSG00000075292.22","ZNF638","27332","zinc finger protein 638"
9.85177068664562,1.04354132220757,1.00254899309814,0.0077926448843686,0.0177582941867664,"ENSG00000289463.1",NA,NA,NA
97.2339727122711,-1.13516394223258,0.165971099984389,1.32073804965341e-12,1.73632578548212e-11,"ENSG00000135636.18","DYSF","8291","dysferlin"
742.411981806099,-1.10393948773314,0.192810098142362,1.15080891810556e-09,1.10227480286372e-08,"ENSG00000135632.14","SMYD5","10322","SMYD family member 5"
492.39437480237,-1.52313898050268,0.29927614085065,1.21412089376551e-08,1.0093238977228e-07,"ENSG00000135617.6","PRADC1","84279","protease associated domain containing 1"
596.185561560095,1.02802485065503,0.511121738454184,0.00249929731164224,0.00671691597121559,"ENSG00000116127.21","ALMS1","7840","ALMS1 centrosome and basal body associated protein"
41.0694937869107,-1.0602949569405,0.19431846631307,1.03827784247148e-08,8.71125277951726e-08,"ENSG00000272711.1","HK2-DT","118568819","HK2 divergent transcript"
483.869586471436,-1.02425080281612,0.337897819218455,0.000258482309124792,0.000932410687488518,"ENSG00000115350.14","POLE4","56655","DNA polymerase epsilon 4, accessory subunit"
125.565033019529,-1.34961448857971,0.120985028248888,9.66680248202018e-30,5.03620814443355e-28,"ENSG00000152284.7","TCF7L1","83439","transcription factor 7 like 1"
489.573898766572,-2.48088387041357,0.209420082517212,1.29784353057592e-33,8.40926264076101e-32,"ENSG00000168899.7","VAMP5","10791","vesicle associated membrane protein 5"
644.721394359333,1.10026598062898,0.167567119801994,7.02106351671147e-12,8.5811153758132e-11,"ENSG00000115548.19","KDM3A","55818","lysine demethylase 3A"
82.176045825726,1.46947708065009,0.268943380561879,3.06927459886308e-09,2.79735718611511e-08,"ENSG00000144026.16","ZNF514","84874","zinc finger protein 514"
1005.72341522989,3.96579080197748,0.273725747733339,4.57341654682121e-51,7.42385858616104e-49,"ENSG00000232931.7",NA,NA,NA
368.494243927308,4.17558815051026,0.228920311697292,1.13562557212197e-75,4.60854788097182e-73,"ENSG00000174501.16","ANKRD36C","400986","ankyrin repeat domain 36C"
41.7272567381227,-1.02779106020973,0.282864275710656,5.70380712084837e-05,0.000240718143433505,"ENSG00000274286.2","ADRA2B","151","adrenoceptor alpha 2B"
153.35020395402,2.3476543963535,0.515988820777774,2.27579106881169e-08,1.80529702017207e-07,"ENSG00000135976.22","ANKRD36","375248","ankyrin repeat domain 36"
28.8050377029095,1.29562284278999,1.26944950995855,0.0018012373097083,0.00505585739952889,"ENSG00000230606.12",NA,NA,NA
113.144422208346,1.89460320722952,0.310761001661854,3.7420166825809e-11,4.24306171044706e-10,"ENSG00000196912.14","ANKRD36B","57730","ankyrin repeat domain 36B"
108.889209851441,2.73175205326765,0.295390963135992,1.2436346264392e-21,3.66693873313937e-20,"ENSG00000071073.15","MGAT4A","11320","alpha-1,3-mannosyl-glycoprotein 4-beta-N-acetylglucosaminyltransferase A"
56.7889664675134,1.03898588947229,0.209432470141993,1.66210508668904e-07,1.14323472532701e-06,"ENSG00000273045.9","C2orf15","150590","chromosome 2 open reading frame 15"
81.738159109009,1.00745734688027,0.373620215113801,0.000723429480792446,0.00230068179486498,"ENSG00000175874.11","CREG2","200407","cellular repressor of E1A stimulated genes 2"
333.22244206857,2.57310351988309,0.603574692140751,1.89728317091166e-08,1.52464845120525e-07,"ENSG00000115594.14","IL1R1","3554","interleukin 1 receptor type 1"
1101.42087709656,-3.18639460216507,0.316310358481774,6.14406557369752e-26,2.49993760453798e-24,"ENSG00000115602.19","IL1RL1","9173","interleukin 1 receptor like 1"
102.117604128731,1.41789243353381,0.229902090634449,5.18675173284952e-11,5.77508292218574e-10,"ENSG00000115616.5","SLC9A2","6549","solute carrier family 9 member A2"
28.0219269355429,1.248278136692,0.369597840832309,0.000146627245194888,0.000561225015117374,"ENSG00000144057.18","ST6GAL2","84620","ST6 beta-galactoside alpha-2,6-sialyltransferase 2"
526.945100195848,1.28001422941259,0.544853498123103,0.000573356098247543,0.0018828203558508,"ENSG00000135968.24","GCC2","9648","GRIP and coiled-coil domain containing 2"
108.07012477841,1.93507594773355,0.230185705030084,3.50112147042358e-18,7.77965334227694e-17,"ENSG00000135960.12","EDAR","10913","ectodysplasin A receptor"
169.010702348171,-1.04536416861714,0.324373599015471,0.000132996433291976,0.000514148407569708,"ENSG00000175701.12","MTLN","205251","mitoregulin"
15.280442656975,1.14821696544415,0.377045049685948,0.000363975340488313,0.00126088524312105,"ENSG00000183054.15","RGPD6","729540","RANBP2 like and GRIP domain containing 6"
48.5789745644066,2.52889510181204,0.7268804187808,1.06312692120644e-06,6.3569136300599e-06,"ENSG00000153093.23","ACOXL","55289","acyl-CoA oxidase like"
453.839800960988,1.0352519863029,0.152723709688168,2.09931155417698e-12,2.71361973821988e-11,"ENSG00000153094.27","BCL2L11","10018","BCL2 like 11"
174.010827717943,1.21897225613569,0.277971919440433,1.01295014528557e-06,6.07809501573884e-06,"ENSG00000153208.21","MERTK","10461","MER proto-oncogene, tyrosine kinase"
75.9570426025092,1.49369641988995,0.178886288581276,9.80497593434789e-18,2.09421792082519e-16,"ENSG00000188177.17","ZC3H6","376940","zinc finger CCCH-type containing 6"
20.9089555688178,1.36938515945504,0.491423029896449,0.000407197063420989,0.00139170787123561,"ENSG00000169629.13","RGPD8","727851","RANBP2 like and GRIP domain containing 8"
567.712611082837,-1.76412997335628,0.119983352078051,3.97549879140163e-50,5.95205503516549e-48,"ENSG00000125538.13","IL1B","3553","interleukin 1 beta"
120.535701641615,-1.03237948084576,0.13646590659227,8.38330921650261e-15,1.38266322382553e-13,"ENSG00000144158.4",NA,NA,NA
875.197245665035,1.16829343275521,0.306770918185161,1.03627626040626e-05,5.14501487821151e-05,"ENSG00000115084.17","SLC35F5","80255","solute carrier family 35 member F5"
33.5054126282313,1.13219993667641,0.743277980698187,0.00439627349688109,0.0109065208486814,"ENSG00000236255.3",NA,NA,NA
369.227813959798,1.18107503181297,0.167380466810524,2.39123994444218e-13,3.40492254692917e-12,"ENSG00000125629.18","INSIG2","51141","insulin induced gene 2"
29.4099016849384,-1.36829881397958,0.453521619833156,0.000294093265514135,0.00104353710250655,"ENSG00000171227.9","TMEM37","140738","transmembrane protein 37"
283.748235525334,1.06915343479247,0.481589914407922,0.00154989674937135,0.00445083012515003,"ENSG00000088179.11","PTPN4","5775","protein tyrosine phosphatase non-receptor type 4"
350.438434827332,1.04514577433091,0.110280001727227,5.23810037880819e-22,1.58385776356081e-20,"ENSG00000115109.16","EPB41L5","57669","erythrocyte membrane protein band 4.1 like 5"
221.511731610681,2.91794124431959,0.23092439444178,7.52127669415976e-38,5.91763305615498e-36,"ENSG00000163083.7","INHBB","3625","inhibin subunit beta B"
207.07103835972,-1.26039048846366,0.421291391895371,0.000174298756078472,0.000656536667681024,"ENSG00000074047.23","GLI2","2736","GLI family zinc finger 2"
908.000848031061,1.08991385239545,0.49438253316559,0.00139265916454523,0.00405593899460849,"ENSG00000169967.19","MAP3K2","10746","mitogen-activated protein kinase kinase kinase 2"
1415.07416606647,-1.18494667823765,0.092086429072644,1.08322809809896e-38,9.12812049223177e-37,"ENSG00000136718.12","IMP4","92856","IMP U3 small nucleolar ribonucleoprotein 4"
13.4305424654619,-1.16853418672297,0.50803132970396,0.00216779093783409,0.0059335292957649,"ENSG00000310331.1",NA,NA,NA
105.198657607227,1.09789764738533,0.130820937702929,1.1164220465567e-17,2.36163846089861e-16,"ENSG00000150540.16","HNMT","3176","histamine N-methyltransferase"
192.862393536819,1.14306886326823,0.194424473479397,5.07511054125379e-10,5.10190871295142e-09,"ENSG00000121964.17","QTMAN","79712","queuosine-tRNA mannosyltransferase"
190.623988182222,1.26867997165929,0.323828386027054,5.80948063733961e-06,3.04513939185636e-05,"ENSG00000187123.17","LYPD6","130574","LY6/PLAUR domain containing 6"
15.2010674037462,1.171194525152,0.600954996365755,0.00626643298120115,0.0147782020191318,"ENSG00000182389.21","CACNB4","785","calcium voltage-gated channel auxiliary subunit beta 4"
1432.8063157698,1.1410598370982,0.352554635673098,8.4476558604354e-05,0.000343180455805517,"ENSG00000115159.19","GPD2","2820","glycerol-3-phosphate dehydrogenase 2"
466.51645185786,1.45769209087726,0.519983751724712,0.000105178625758815,0.000416956192243364,"ENSG00000123636.22","BAZ2B","29994","bromodomain adjacent to zinc finger domain 2B"
137.698518832601,1.02253874404242,0.116792273142151,4.90050994893257e-19,1.1734590671194e-17,"ENSG00000241399.9","CD302","9936","CD302 molecule"
756.66573164818,1.10185768649167,0.164325381490332,2.78633915655066e-12,3.55108563084031e-11,"ENSG00000115221.15","ITGB6","3694","integrin subunit beta 6"
359.014160492659,1.03255599310166,0.296465635419509,5.71944507778257e-05,0.00024131207262513,"ENSG00000136560.16","TANK","10010","TRAF family member associated NFKB activator"
1684.55037379784,1.39857538251086,0.286295283847781,4.61984452875875e-08,3.47694594816929e-07,"ENSG00000172292.17","CERS6","253782","ceramide synthase 6"
51.0418453918861,-1.38019498780789,0.255424405146855,8.8387540588441e-09,7.48914430447444e-08,"ENSG00000073734.12","ABCB11","8647","ATP binding cassette subfamily B member 11"
1151.98079576675,-1.75609717838675,0.25238978372672,8.28893846725321e-14,1.23501178843973e-12,"ENSG00000073737.19","DHRS9","10170","dehydrogenase/reductase 9"
10.193573413324,-1.30887853431122,0.502981683148483,0.000988223916017482,0.00301054938935314,"ENSG00000235321.1",NA,NA,NA
47.6222503753671,1.03726312569882,0.326561498063339,0.000202048037249137,0.000749346508518264,"ENSG00000144362.14","PHOSPHO2","493911","phosphatase, orphan 2"
93.4772365727805,1.6450873364827,0.346836608952832,7.56373043406555e-08,5.47606981332041e-07,"ENSG00000071967.14","CYBRD1","79901","cytochrome b reductase 1"
542.697757427633,1.09890776697779,0.123297284829873,5.79114132404467e-20,1.49090468043561e-18,"ENSG00000152256.16","PDK1","5163","pyruvate dehydrogenase kinase 1"
1487.58622777678,1.01108102809714,0.388227477822742,0.000723825363691627,0.00230146617185332,"ENSG00000172845.19","SP3","6670","Sp3 transcription factor"
27.8785416203073,1.4306540047328,0.372538103692758,1.55999169149406e-05,7.47564694671533e-05,"ENSG00000163328.16","GPR155","151556","G protein-coupled receptor 155"
79.5321206066332,-1.92594155376771,0.430919805594231,1.55022949089909e-07,1.07351514190411e-06,"ENSG00000115935.21","WIPF1","7456","WAS/WASL interacting protein family member 1"
52.6599122730773,1.11439567121254,0.269425394297198,5.93352460629524e-06,3.10593628491782e-05,"ENSG00000213963.7","LOC100130691","100130691","Putative uncharacterized protein FLJ44553"
61.5565383778619,2.34820705469267,0.27805534250188,2.2499460542059e-18,5.11746579674177e-17,"ENSG00000237298.12","TTN-AS1","100506866","TTN antisense RNA 1"
563.332283416338,1.07259612562333,0.17542139846335,1.32105512465158e-10,1.41275943670264e-09,"ENSG00000187231.16","SESTD1","91404","SEC14 and spectrin domain containing 1"
17.6183652747287,1.24360634987618,0.441203415401455,0.00109135664512239,0.00327619443730434,"ENSG00000170396.9","ZNF804A","91752","zinc finger protein 804A"
96.1775429794209,-1.17647327173034,0.50198003452147,0.00214569382507211,0.00587826336408544,"ENSG00000188738.17","FSIP2","401024","fibrous sheath interacting protein 2"
3326.93561109617,1.50507385651432,0.2510586337637,8.48468144783657e-11,9.24680371781539e-10,"ENSG00000138448.15","ITGAV","3685","integrin subunit alpha V"
101.860053403111,1.03550567140703,0.87833676477651,0.00391447564356342,0.00986519511348121,"ENSG00000144369.16","FAM171B","165215","family with sequence similarity 171 member B"
31.7702499554932,-1.17320288367154,0.432904180534195,0.000568086216802501,0.00186750320812436,"ENSG00000224063.7",NA,NA,NA
17.6443246200138,1.95353949897392,0.422872265636629,3.75704169287021e-07,2.43536527724891e-06,"ENSG00000064989.15","CALCRL","10203","calcitonin receptor like receptor"
426.497494631145,1.18593896488623,0.20909514320991,1.31487904966005e-09,1.25097199383545e-08,"ENSG00000081320.14","STK17B","9262","serine/threonine kinase 17b"
255.562284426203,1.40424944480077,0.595093509928616,0.000364573531225536,0.00126225604513448,"ENSG00000197121.17","PGAP1","80055","post-GPI attachment to proteins inositol deacylase 1"
555.133958677364,1.11626879697273,0.517133829548424,0.00130546937034157,0.00383679114923525,"ENSG00000163535.20","SGO2","151246","shugoshin 2"
521.123678768275,1.16902221945655,0.331890990023892,3.29303054122063e-05,0.00014734502566056,"ENSG00000013441.19","CLK1","1195","CDC like kinase 1"
1571.78876863852,1.29687539393282,0.438282998547123,0.000111013592445693,0.000436385574587057,"ENSG00000204217.17","BMPR2","659","bone morphogenetic protein receptor type 2"
37.5449211195932,1.38331717178987,0.618088671815604,0.000715947832403914,0.00227970917272368,"ENSG00000138380.20","CARF","79800","calcium responsive transcription factor"
413.177023910205,2.10058108404285,0.616677727074027,2.37753808652038e-06,1.33420723552514e-05,"ENSG00000144426.20","NBEAL1","65065","neurobeachin like 1"
342.051224214225,1.20214617808468,0.848763428766322,0.00195763923071671,0.00543647660307623,"ENSG00000114933.18","INO80D","54891","INO80 complex subunit D"
172.649558897914,2.05575295829626,0.461490411341558,6.13276672728991e-08,4.50564057653824e-07,"ENSG00000204186.13","ZDBF2","57683","zinc finger DBF-type containing 2"
23.9787287092652,-1.27343782892592,0.361922472699254,5.82153823635243e-05,0.000245216993014998,"ENSG00000229647.4",NA,NA,NA
185.286553924535,1.0485193071223,0.172656130622811,2.44775448963426e-10,2.53845474005716e-09,"ENSG00000178385.17","PLEKHM3","389072","pleckstrin homology domain containing M3"
558.8598047716,1.00185683461658,0.495792260588633,0.00281556367769308,0.00746027619823111,"ENSG00000115020.19","PIKFYVE","200576","phosphoinositide kinase, FYVE-type zinc finger containing"
134.608759230204,1.04586141652097,0.173032989101209,2.88580996852452e-10,2.97275053604654e-09,"ENSG00000144445.19","KANSL1L","151050","KAT8 regulatory NSL complex subunit 1 like"
463.306276438512,1.87432744761944,0.551862179565624,5.31119981239405e-06,2.8087795715682e-05,"ENSG00000030419.19","IKZF2","22807","IKAROS family zinc finger 2"
58.2473949135754,2.72605835456963,0.432420277644602,2.04566657718151e-12,2.64871740442621e-11,"ENSG00000115457.12","IGFBP2","3485","insulin like growth factor binding protein 2"
23.3122395025413,2.34466489729681,0.315163138754675,1.03725061920503e-14,1.68728289016463e-13,"ENSG00000115461.7","IGFBP5","3488","insulin like growth factor binding protein 5"
12.3559833654549,-1.04216073364568,0.348624900288544,0.000546213430726618,0.00180328780030725,"ENSG00000305602.1","LOC101928487","101928487","uncharacterized LOC101928487"
11.1062190706662,-1.29066649880165,0.413739573109476,0.000250680674979431,0.00090873217885703,"ENSG00000179921.16","GPBAR1","151306","G protein-coupled bile acid receptor 1"
449.006031619388,1.08398088137227,0.421210988853162,0.000633308007725367,0.00205130073243707,"ENSG00000135913.13","USP37","57695","ubiquitin specific peptidase 37"
653.027881316095,-1.10557127712904,0.189988376902132,6.40047471099981e-10,6.34329823382571e-09,"ENSG00000074582.17","BCS1L","617","BCS1 ubiquinol-cytochrome c reductase complex chaperone"
3541.87222401694,-1.23426158015382,0.107843487621571,2.85516155077587e-31,1.60107077361872e-29,"ENSG00000127824.17","TUBA4A","7277","tubulin alpha 4a"
3160.53116356558,-1.01585920770396,0.351599003877232,0.000335201171959057,0.0011732041018567,"ENSG00000123989.17","CHPF","79586","chondroitin polymerizing factor"
1149.84241178711,1.10925526291232,0.781226912641349,0.00278869311111823,0.00739924921998524,"ENSG00000163082.12","SGPP2","130367","sphingosine-1-phosphate phosphatase 2"
580.79996423017,-1.40866589006324,0.117496025653731,3.39492712873335e-34,2.25660220914642e-32,"ENSG00000135919.16","SERPINE2","5270","serpin family E member 2"
64.5495672203981,1.24719832796117,0.68558032344951,0.00201723904168704,0.00557588156692164,"ENSG00000261379.1",NA,NA,NA
100.113986042265,2.08830605660183,0.355594263912092,3.1442157900162e-10,3.22815923421038e-09,"ENSG00000115009.14","CCL20","6364","C-C motif chemokine ligand 20"
21.32092360868,-1.73417336465126,0.513651760109524,3.89631831061964e-05,0.000170890570728286,"ENSG00000237758.1",NA,NA,NA
1015.79742868742,-1.3178152457845,0.324384637326251,1.7796553447815e-06,1.0220256890548e-05,"ENSG00000188042.9","ARL4C","10123","ARF like GTPase 4C"
59.0114844242833,-1.13400012330644,0.319011932275731,6.51464307719811e-05,0.000271373071025046,"ENSG00000233608.7","TWIST2","117581","twist family bHLH transcription factor 2"
16.9128027596658,2.62005197285963,0.603946645639636,4.1131856676086e-07,2.6473053497576e-06,"ENSG00000218416.5","GPC1-AS1","100130449","GPC1 antisense RNA 1"
10.4452351945706,-1.32977513891844,0.434131187930762,0.000272322943766062,0.000976172039938734,"ENSG00000130294.20","KIF1A","547","kinesin family member 1A"
43.3405779452715,2.02119297063568,0.598876811196231,7.27649229061981e-06,3.74410369081241e-05,"ENSG00000172478.20","MAB21L4","79919","mab-21 like 4"
1325.4310800989,-1.03439483493023,0.274885395875162,1.69902019468754e-05,8.06668424331174e-05,"ENSG00000176946.15","THAP4","51078","THAP domain containing 4"
43.6587752729613,1.94076117240632,0.224514531325174,7.35101818388467e-19,1.74132183431161e-17,"ENSG00000214021.20","TTLL3","26140","tubulin tyrosine ligase like 3"
416.9475015283,-1.17700663282623,0.332924033180876,2.77260271913898e-05,0.000126013281850404,"ENSG00000154764.7","WNT7A","7476","Wnt family member 7A"
40.1890533953146,1.8269657921287,0.817542301209715,0.000163125984515663,0.000617619888832811,"ENSG00000224660.2","SH3BP5-AS1","100505696","SH3BP5 antisense RNA 1"
148.459373646381,1.07292176159609,0.295360217777718,3.38693371643744e-05,0.000151040789014406,"ENSG00000114166.10","KAT2B","8850","lysine acetyltransferase 2B"
45.8596840413368,2.27656543165416,0.262037139609489,3.43622406193159e-19,8.34488366284205e-18,"ENSG00000077092.22","RARB","5915","retinoic acid receptor beta"
1948.18394735395,1.03824081266936,0.399320296706335,0.000701804901754509,0.00224208274082376,"ENSG00000077097.19","TOP2B","7155","DNA topoisomerase II beta"
1791.43491911421,1.10438004721904,0.0601379720203563,6.52784462620549e-76,2.79627477724208e-73,"ENSG00000091317.10","CMTM6","54918","CKLF like MARVEL transmembrane domain containing 6"
93.5886895770868,1.31300982270129,0.145801643295836,3.89035846814246e-20,1.01511367068062e-18,"ENSG00000153558.19","FBXL2","25827","F-box and leucine rich repeat protein 2"
11.528240893108,-1.20342898588278,0.472599908672067,0.00121844046365943,0.00360505955297238,"ENSG00000270194.2","GOLGA4-AS1","152048","GOLGA4 antisense RNA 1"
1657.26266746346,1.13926593139999,0.769574898500724,0.00236984700008956,0.00641485177959998,"ENSG00000144674.21","GOLGA4","2803","golgin A4"
231.844470386694,1.78488878800218,0.156118573779447,3.58787554183626e-31,1.99742341987931e-29,"ENSG00000114739.16","ACVR2B","93","activin A receptor type 2B"
102.084589083027,1.22782386612484,0.509593975147915,0.000715554440068236,0.00227892710043211,"ENSG00000114812.15","VIPR1","7433","vasoactive intestinal peptide receptor 1"
753.536514502975,1.38140821040286,0.73990314444876,0.000702586515508505,0.00224336450721152,"ENSG00000114857.21","NKTR","4820","natural killer cell triggering receptor"
109.860518836962,-1.92554253292516,0.331277699627682,1.80176407575954e-10,1.89918002818099e-09,"ENSG00000249992.2","TMEM158","25907","transmembrane protein 158"
21.7769053068601,-2.44942840222482,0.310429286781289,2.00668694660991e-16,3.8441142116362e-15,"ENSG00000223552.4","CCR5AS","102724297","CCR5 antisense RNA"
1807.3430392902,-1.08232924881793,0.289122748498401,1.5436246827768e-05,7.40181474909857e-05,"ENSG00000132153.17","DHX30","22907","DExH-box helicase 30"
3873.81677004369,-1.04763921655855,0.392352925141079,0.000539088209245241,0.00178281777284385,"ENSG00000010256.14","UQCRC1","7384","ubiquinol-cytochrome c reductase core protein 1"
1544.77805421051,-1.05341391004095,0.442512653748439,0.0010552796589195,0.00318525496578541,"ENSG00000233276.10","GPX1","2876","glutathione peroxidase 1"
25.2926746122955,1.01740216672203,0.299052593391368,0.000139575172446203,0.000536755295334888,"ENSG00000173531.17","MST1","4485","macrophage stimulating 1"
1717.11043934171,-1.11943334657107,0.168947945893948,3.82092497446609e-12,4.80607536959556e-11,"ENSG00000164078.17","MST1R","4486","macrophage stimulating 1 receptor"
237.994519197587,-1.50742714733326,0.181458419100724,9.17844295150581e-18,1.96857814680349e-16,"ENSG00000164077.17","MON1A","84315","MON1 vesicular trafficking associated A"
1423.03394181921,-1.44897459394814,0.218164996843059,1.34006355614232e-12,1.75873362546984e-11,"ENSG00000214706.14","IFRD2","7866","interferon related developmental regulator 2"
312.054968666382,-1.06051682620258,0.159623834286943,4.80940799078285e-12,5.98594678174838e-11,"ENSG00000068028.20","RASSF1","11186","Ras association domain family member 1"
105.923140631243,-1.20055421900627,0.161271653582543,1.74929512500429e-14,2.78388855755327e-13,"ENSG00000114395.13","CYB561D2","11068","cytochrome b561 family member D2"
529.206882065855,-1.04094498761056,0.236713015911936,1.29312223508838e-06,7.64618020985347e-06,"ENSG00000126062.6","TMEM115","11070","transmembrane protein 115"
1251.13404229487,-1.01538764183569,0.256926085819043,9.04822522422262e-06,4.5778438708247e-05,"ENSG00000114738.13","MAPKAPK3","7867","MAPK activated protein kinase 3"
593.588385938354,-1.65986468325742,0.199377609139666,3.49006559866319e-18,7.77750023077819e-17,"ENSG00000114767.9","RRP9","9136","ribosomal RNA processing 9, U3 small nucleolar RNA binding protein"
1384.72138382101,-1.30028108463981,0.0925484849130675,1.04148035074957e-45,1.29949117025377e-43,"ENSG00000164086.11","DUSP7","1849","dual specificity phosphatase 7"
440.416969546154,-1.05164953124798,0.189625457957898,4.17326021622236e-09,3.71784204473513e-08,"ENSG00000164087.10","POC1A","25886","POC1 centriolar protein A"
86.9589784139071,-1.16247535141007,0.295361196769275,8.26465076324418e-06,4.21180368208819e-05,"ENSG00000168237.20","GLYCTK","132158","glycerate kinase"
101.98041383317,-1.06232861683303,0.155802658697925,1.91921521043271e-12,2.48707712269604e-11,"ENSG00000168273.10","UQCC5","440957","ubiquinol-cytochrome c reductase complex assembly factor 5"
75.0840340389673,1.0301418240344,0.236610741748516,2.97664865257986e-06,1.64056107474746e-05,"ENSG00000144730.21","IL17RD","54756","interleukin 17 receptor D"
557.723667423551,1.00040499268378,0.311857595426667,0.000175761095219993,0.000661398694335655,"ENSG00000157500.14","APPL1","26060","adaptor protein, phosphotyrosine interacting with PH domain and leucine zipper 1"
36.1868965112404,1.35417691861816,0.534775212284049,0.000468269305868429,0.00157564498490007,"ENSG00000241316.9","SUCLG2-DT","101927111","SUCLG2 divergent transcript"
344.696908043127,1.07510099470011,0.11535237848963,2.13859019478743e-21,6.15283570780167e-20,"ENSG00000114861.26","FOXP1","27086","forkhead box P1"
76.426419060998,1.0208545045142,0.237691667508035,3.16278925611462e-06,1.73818150814482e-05,"ENSG00000163412.15","EIF4E3","317649","eukaryotic translation initiation factor 4E family member 3"
621.865696408916,1.09727889619764,0.258321086683674,2.03913496854389e-06,1.15821364088086e-05,"ENSG00000163602.12","RYBP","23429","RING1 and YY1 binding protein"
45.7772259014853,1.70069609441816,0.2226384565298,2.47061531393663e-15,4.30015335848948e-14,"ENSG00000172986.14","GXYLT2","727936","glucoside xylosyltransferase 2"
10.403433539772,1.58952934925015,0.658719941373424,0.000664506322859048,0.00214066262895537,"ENSG00000255423.1","EBLN2","55096","endogenous Bornavirus like nucleoprotein 2"
1085.17705615736,1.28351210011141,0.564757603999886,0.000588512783301097,0.0019243968683813,"ENSG00000080200.11","CRYBG3","131544","crystallin beta-gamma domain containing 3"
23.2963376269002,-1.58526975838678,0.252144584586315,4.08547520306089e-11,4.61216054951698e-10,"ENSG00000239445.7",NA,NA,NA
170.831000286458,-1.25974959535107,0.360075327234173,2.50430485165833e-05,0.00011481314804779,"ENSG00000240476.3","LINC00973","105374003","long intergenic non-protein coding RNA 973"
331.327689334352,2.08634084353102,0.113605997358177,3.65739462154651e-76,1.70911158966269e-73,"ENSG00000168386.20","FILIP1L","11259","filamin A interacting protein 1 like"
136.789079579181,1.20239586216316,0.44582030852793,0.000336185233924902,0.00117638132342998,"ENSG00000138468.18","SENP7","57337","SUMO specific peptidase 7"
126.47104052519,1.74858258050393,0.381618510803107,1.05858252046156e-07,7.51930034455908e-07,"ENSG00000293268.2","LOC124906262","124906262","endogenous retrovirus group K member 5 Gag polyprotein"
13.2028433041583,-1.47576518439626,0.467628158482352,0.000147279695528012,0.000563573246833119,"ENSG00000243635.1",NA,NA,NA
1978.10836136034,1.07271475832548,0.522405858709068,0.00193767082385019,0.0053917036763973,"ENSG00000114439.21","BBX","56987","BBX high mobility group box domain containing"
37.9870959483931,1.68512043153738,1.17681064017067,0.000448560216055522,0.00151428351396502,"ENSG00000279277.3",NA,NA,NA
4895.53862931042,1.0361853370761,0.0763705022808407,1.16633695468623e-42,1.21527582285246e-40,"ENSG00000196776.19","CD47","961","CD47 molecule"
12.5837934007759,-1.17269352615764,0.462713831483953,0.00172968637762415,0.00487511470098106,"ENSG00000144834.16","TAGLN3","29114","transgelin 3"
413.338129846581,1.72100888057501,0.20063665607427,4.61473138071019e-19,1.10846997853476e-17,"ENSG00000091986.18","CCDC80","151887","coiled-coil domain containing 80"
162.210323820694,1.94667562421202,0.819707953781231,5.88482849136216e-05,0.000247544844968074,"ENSG00000206530.12","CFAP44","55779","cilia and flagella associated protein 44"
713.233470145793,1.39085452882685,0.411824628137948,2.52762178248659e-05,0.000115663072723222,"ENSG00000176542.11","USF3","205717","upstream transcription factor family member 3"
39.5690250537256,1.65235853555492,0.370627741558851,6.19555959805418e-07,3.86874888953218e-06,"ENSG00000163617.13","CCDC191","57577","coiled-coil domain containing 191"
38.9062497184135,1.86134475479942,0.804993875043084,0.000182615751313815,0.000684686968395413,"ENSG00000181722.20","ZBTB20","26137","zinc finger and BTB domain containing 20"
11.8021909735119,-1.18210258075002,0.516619031993822,0.00254264388418986,0.00682152250140776,"ENSG00000114638.10","UPK1B","7348","uroplakin 1B"
43.3272474142798,-1.00346415930128,0.674962992836808,0.0117461998862615,0.025200076300228,"ENSG00000031081.13","ARHGAP31","57514","Rho GTPase activating protein 31"
2880.094277413,1.51571709788264,0.668458124287783,0.000241853412251513,0.00088045832632922,"ENSG00000173230.19","GOLGB1","2804","golgin B1"
33.0149553464106,1.05280509179194,0.273567890302098,2.52136402004432e-05,0.00011544523323368,"ENSG00000145088.11","EAF2","55840","ELL associated factor 2"
100.208382990728,1.04739410305566,0.245185234006638,3.20250978309504e-06,1.75813112727336e-05,"ENSG00000163406.13","SLC15A2","6565","solute carrier family 15 member 2"
17.0205545250658,1.07682589740221,0.487405509935019,0.00279187171869034,0.00740640870014172,"ENSG00000272758.8","WDR5B-DT","102723582","WDR5B divergent transcript"
1828.28486957945,1.03109954339606,0.422067904988981,0.000931442394144601,0.0028630203627873,"ENSG00000173193.17","PARP14","54625","poly(ADP-ribose) polymerase family member 14"
134.936603779302,1.11572610718993,0.42921087109743,0.000637713458029022,0.00206340311293864,"ENSG00000273033.3","LINC02035","100129550","long intergenic non-protein coding RNA 2035"
103.004609637587,-2.98765235389113,0.364489441474191,1.96901043807935e-17,4.06480722431348e-16,"ENSG00000173175.18","ADCY5","111","adenylate cyclase 5"
933.343693691706,1.12766475458727,0.587446076637374,0.00184148645960018,0.00515195259315937,"ENSG00000175455.18","CCDC14","64770","coiled-coil domain containing 14"
24.1497843477809,1.14918548710702,0.263389271409253,2.46985463341091e-06,1.37975453827388e-05,"ENSG00000160145.17","KALRN","8997","kalirin RhoGEF kinase"
837.895383759281,1.92220362162934,0.195794499530031,3.57129274188303e-24,1.28436461592215e-22,"ENSG00000173706.16","HEG1","57493","heart development protein with EGF like domains 1"
837.121236739478,1.22378745285794,0.599933749820785,0.00103773582768779,0.00313947054624072,"ENSG00000163848.23","ZNF148","7707","zinc finger protein 148"
187.50272892318,-1.39581744336186,0.173616894534748,1.109859814975e-16,2.19706652204486e-15,"ENSG00000144908.16","ALDH1L1","10840","aldehyde dehydrogenase 1 family member L1"
16.5136319139686,-1.52903899306891,0.381310901949231,8.54820080572541e-06,4.33767043846961e-05,"ENSG00000180767.12","CHST13","166012","carbohydrate sulfotransferase 13"
1805.16186364504,-2.06585883941034,0.285960044000612,4.95064060337141e-15,8.31632121400767e-14,"ENSG00000074416.18","MGLL","11343","monoglyceride lipase"
776.376982264843,-1.00604254217322,0.258351975865832,1.14471959060603e-05,5.63804561058305e-05,"ENSG00000132394.13","EEFSEC","60678","eukaryotic elongation factor, selenocysteine-tRNA specific"
20.0642541016893,1.43021166497565,0.455406141729728,0.000119089177967116,0.0004655194457366,"ENSG00000287110.4","ACAD9-DT","123706524","ACAD9 divergent transcript"
231.805708746635,1.16254906009073,0.316618571140908,1.80314593579852e-05,8.48536087281156e-05,"ENSG00000290993.2","RPL32P3","132241","ribosomal protein L32 pseudogene 3"
68.253624673567,1.11938212158924,0.323288612925616,6.87538824790994e-05,0.000284479104295732,"ENSG00000203644.3",NA,NA,NA
17.2010429640943,1.20757847538107,0.629979816989335,0.00307402250301112,0.00804199022921377,"ENSG00000250608.3","NUDT16-DT","339874","NUDT16 divergent transcript"
162.430255792765,-2.6295734258313,0.27069320857838,1.73619156389261e-23,5.85860177391423e-22,"ENSG00000144868.16","TMEM108","66000","transmembrane protein 108"
351.570896821932,1.36071025384342,0.390158639301855,1.7865839340746e-05,8.42277922573046e-05,"ENSG00000073711.13","PPP2R3A","5523","protein phosphatase 2 regulatory subunit B''alpha"
442.008285661935,1.01189771709224,0.34853061698939,0.000369068303233866,0.00127438475238904,"ENSG00000114107.11","CEP70","80321","centrosomal protein 70"
42.7492472528847,-1.21344555083332,0.349593568526264,7.88716561734045e-05,0.000322278698953384,"ENSG00000183770.7","FOXL2","668","forkhead box L2"
1164.92801661645,1.49973641973967,0.469780831956235,2.88243254194334e-05,0.000130543295827631,"ENSG00000114120.16","SLC25A36","55186","solute carrier family 25 member 36"
1100.22983242539,1.58235050250237,0.379609064551872,5.13039310543551e-07,3.2557939127128e-06,"ENSG00000177311.14","ZBTB38","253461","zinc finger and BTB domain containing 38"
404.587184858282,1.09706275747948,0.477794933749507,0.00114098765502423,0.00340661580409075,"ENSG00000155903.16","RASA2","5922","RAS p21 protein activator 2"
474.444627114618,1.24182796828309,0.46078400076962,0.000272233231237838,0.000976077344552127,"ENSG00000175066.17","GK5","256356","glycerol kinase 5"
829.47893730667,1.19841554459107,0.423345841114933,0.000228882598482306,0.000837389929109284,"ENSG00000114127.13","XRN1","54464","5'-3' exoribonuclease 1"
960.005869106424,1.34498820843438,0.1083591303521,3.1876743345267e-36,2.30784628698292e-34,"ENSG00000120756.15","PLS1","5357","plastin 1"
22.8766166737596,-1.75114584762603,0.80335489336927,0.000386725747833635,0.0013296984966204,"ENSG00000163710.11","PCOLCE2","26577","procollagen C-endopeptidase enhancer 2"
1424.09063655713,1.1853447877218,0.21631126387855,4.05972986122706e-09,3.62717811065947e-08,"ENSG00000152952.16","PLOD2","5352","procollagen-lysine,2-oxoglutarate 5-dioxygenase 2"
60.9126814580932,-1.11705502386498,0.218263420632329,5.139457629556e-08,3.82692303744003e-07,"ENSG00000241627.3",NA,NA,NA
1955.47491618412,1.40815661512748,1.80209646511442,0.000104403192875188,0.000414628286718588,"ENSG00000047457.16","CP","1356","ceruloplasmin"
328.295354741,-4.92428855803916,0.385030136726844,2.93039706199257e-38,2.40370495175465e-36,"ENSG00000169903.9","TM4SF4","7104","transmembrane 4 L six family member 4"
35.9273359121027,-1.73730444073639,0.35654071754126,9.54133083433772e-08,6.81189179612602e-07,"ENSG00000206199.12","ANKUB1","389161","ankyrin repeat and ubiquitin domain containing 1"
80.2742895994852,1.0771355417803,0.184192484806652,9.67865518796206e-10,9.37528527974642e-09,"ENSG00000152580.11","IGSF10","285313","immunoglobulin superfamily member 10"
11.4450733163731,1.33436336180772,0.499920652217442,0.000711204750898809,0.00226741543593354,"ENSG00000272990.1",NA,NA,NA
39.4165228901579,-1.09029226779068,0.274166612386459,1.14511294508147e-05,5.63818222417027e-05,"ENSG00000230457.3",NA,NA,NA
1282.01179458899,1.11166572710635,0.426859841043442,0.000535287843025657,0.0017725524016579,"ENSG00000163660.14","CCNL1","57018","cyclin L1"
76.9268395758483,-1.61820471444826,0.565807622764184,8.10156422410209e-05,0.00033002634758341,"ENSG00000163661.6","PTX3","5806","pentraxin 3"
189.82512737611,1.3334984225979,0.577289453633618,0.000473075367325465,0.0015893889410732,"ENSG00000068885.17","IFT80","57560","intraflagellar transport 80"
74.0294959867789,1.08900588535168,0.237920065186142,6.42240792753594e-07,3.99515742842e-06,"ENSG00000163590.15","PPM1L","151742","protein phosphatase, Mg2+/Mn2+ dependent 1L"
165.807973512604,1.54207592287129,0.536736051181209,7.15433762511927e-05,0.000294676924457704,"ENSG00000173890.19","GPR160","26996","G protein-coupled receptor 160"
1840.97353357422,1.07967677882555,0.35864103904342,0.000184287978570326,0.00069062087910887,"ENSG00000163558.15","PRKCI","5584","protein kinase C iota"
988.041134001751,1.19099304164316,0.454459975038034,0.000390934027930455,0.00134267119035981,"ENSG00000136603.17","SKIL","6498","SKI like proto-oncogene"
413.013207904155,1.31650508445206,0.145279204560434,1.67028791806611e-20,4.47178992786414e-19,"ENSG00000075651.19","PLD1","5337","phospholipase D1"
3278.26315441669,1.40653912328553,0.333064873840081,6.99439119382564e-07,4.32827073033648e-06,"ENSG00000177565.21","TBL1XR1","79718","TBL1X/Y related 1"
468.870972541886,1.18730244417045,0.36234615659963,6.33797471885918e-05,0.000264585566160063,"ENSG00000121879.8","PIK3CA","5290","phosphatidylinositol-4,5-bisphosphate 3-kinase catalytic subunit alpha"
65.0939887888507,1.25640067748365,0.679024056548531,0.00155091789316091,0.00445274023712262,"ENSG00000171121.18","KCNMB3","27094","potassium calcium-activated channel subfamily M regulatory beta subunit 3"
48.6308255661847,1.2529204562378,0.490410287280426,0.000623238995479115,0.00202421410052305,"ENSG00000240429.1",NA,NA,NA
564.612604046319,1.00491999774007,0.331512779035152,0.000246842450962582,0.000897138212654719,"ENSG00000171109.21","MFN1","55669","mitofusin 1"
1427.19852852389,1.22995554970078,0.411953328307669,0.000129758845042272,0.000503272421880503,"ENSG00000058063.19","ATP11B","23200","ATPase phospholipid transporting 11B (putative)"
969.444932765703,1.2881131552732,0.280613371785504,2.62822304046237e-07,1.7478794685387e-06,"ENSG00000176597.14","B3GNT5","84002","UDP-GlcNAc:betaGal beta-1,3-N-acetylglucosaminyltransferase 5"
268.077931137488,1.96867920693499,0.268426637697059,6.18174864275906e-15,1.02724941616366e-13,"ENSG00000114796.18","KLHL24","54800","kelch like family member 24"
1666.64310139378,-1.38110695829225,0.238156614000875,3.25000008859483e-10,3.33233054296681e-09,"ENSG00000214160.12","ALG3","10195","ALG3 alpha-1,3- mannosyltransferase"
60.7343183687411,-1.19154879617126,0.275361850755454,1.84133891448873e-06,1.05362847496589e-05,"ENSG00000284753.4","EEF1AKMT4","110599564","EEF1A lysine methyltransferase 4"
7696.55100993813,-1.02521693479613,0.0943298465272222,5.93713369789702e-28,2.78287351839726e-26,"ENSG00000175166.19","PSMD2","5708","proteasome 26S subunit ubiquitin receptor, non-ATPase 2"
1342.14989637266,1.45245170297965,0.410857924882285,1.01557917131248e-05,5.0634485615292e-05,"ENSG00000145012.17","LPP","4026","LIM domain containing preferred translocation partner in lipoma"
16.2705432833759,1.67490790558517,0.333447264278117,6.06063518273014e-08,4.45689342646073e-07,"ENSG00000113946.6","CLDN16","10686","claudin 16"
53.7851739109143,-1.24363712504767,0.714430176510534,0.00258562253864214,0.00692598318019808,"ENSG00000127252.9","PLAAT1","57110","phospholipase A and acyltransferase 1"
450.970673555845,-1.99104293563532,0.102308531806363,2.03006578064492e-85,1.49074497158692e-82,"ENSG00000185112.6","FAM43A","131583","family with sequence similarity 43 member A"
54.2374477626039,1.51276329620032,0.341574233880599,6.07648821140977e-07,3.79989962320154e-06,"ENSG00000224769.1",NA,NA,NA
447.349500991253,1.04684246744573,0.470146323870835,0.00165201319036945,0.00469079274695033,"ENSG00000242086.9","SDHAP2","727956","SDHA pseudogene 2"
137.366012619004,1.58386250716516,0.299024486124608,5.58315981211183e-09,4.8670382963582e-08,"ENSG00000176945.20","MUC20","200958","mucin 20, cell surface associated"
5479.40362191291,2.0272876510879,0.540491298749419,9.63857258622535e-07,5.81065003331435e-06,"ENSG00000145113.23","MUC4","4585","mucin 4, cell surface associated"
110.954006260886,1.02160298768189,0.316269305934734,0.000151007724906031,0.000576408446974235,"ENSG00000290763.2","SDHAP1","255812","SDHA pseudogene 1"
8.31934709529044,1.01597432790963,0.468866496549352,0.00495587648787937,0.0120744381307634,"ENSG00000213123.13","DYNLT2B","255758","dynein light chain Tctex-type 2B"
815.404624016967,1.27174558922042,0.244193419849652,1.29553405380586e-08,1.07180421908477e-07,"ENSG00000163960.15","UBXN7","26043","UBX domain protein 7"
20.293286699994,-2.03491850740341,0.450726782076886,4.27435082621097e-07,2.74644850379164e-06,"ENSG00000174004.8","NRROS","375387","negative regulator of reactive oxygen species"
2213.76013632308,-1.10763946841117,0.194975266283015,2.17442237423477e-09,2.01876986352043e-08,"ENSG00000163975.16","MELTF","4241","melanotransferrin"
1673.10740758595,1.17850711718945,0.359002310216271,5.47528802312955e-05,0.000232217867449617,"ENSG00000075711.23","DLG1","1739","discs large MAGUK scaffold protein 1"
8.26088600026553,1.04459561836431,0.627095196368597,0.00957411128789499,0.0212030711658718,"ENSG00000289396.1",NA,NA,NA
234.410366073858,1.00307782340687,0.324999570986718,0.000223493824806377,0.000819619089735823,"ENSG00000291091.2","SDHAP4","220729","SDHA pseudogene 4"
25.0844170645523,1.13408137958332,0.48605469937626,0.00163513415024304,0.00464971486831974,"ENSG00000286909.2",NA,NA,NA
129.727343018842,1.16698910856885,0.35666723514733,8.40368254438305e-05,0.000341484027712598,"ENSG00000272602.7","ZNF595","152687","zinc finger protein 595"
191.090776877222,1.08999303538119,0.533836802903688,0.00203009142368952,0.00560638249368126,"ENSG00000131127.16","ZNF141","7700","zinc finger protein 141"
94.9999418883304,-1.633022629597,0.213386960813132,2.77367065585894e-15,4.80053593535362e-14,"ENSG00000133256.14","PDE6B","5158","phosphodiesterase 6B"
55.4218994645406,-2.17039692919292,0.261507723621875,9.71069589522972e-18,2.07695757836806e-16,"ENSG00000169026.15","SLC49A3","84179","solute carrier family 49 member 3"
84.2737876290163,-1.02909390363426,0.575860836294444,0.00388704298491283,0.00980727910182277,"ENSG00000243449.10","NICOL1","401115","NELL2 interacting cell ontogeny regulator 1"
891.536438051847,-1.55756689091502,0.131562027614883,1.52671784296561e-33,9.85084345454926e-32,"ENSG00000109501.17","WFS1","7466","wolframin ER transmembrane glycoprotein"
20.9144979314097,1.36048351282824,0.36356202422793,2.40195797451379e-05,0.000110780744465347,"ENSG00000074211.15","PPP2R2C","5522","protein phosphatase 2 regulatory subunit Bgamma"
529.793471084184,1.11582127809472,0.309092070354531,2.44480755789112e-05,0.000112407207365054,"ENSG00000170871.13","KIAA0232","9778","KIAA0232"
119.916876648217,1.24232635200707,0.14482030828481,1.68845875744499e-18,3.89786264948491e-17,"ENSG00000287778.3",NA,NA,NA
14.2098294434135,1.3265835064635,0.395805096264981,0.000110567309621202,0.000434742091195451,"ENSG00000251152.1",NA,NA,NA
12.0721677728462,1.00996361845437,0.364674327061398,0.00127443585472565,0.0037527354049502,"ENSG00000263327.7","TAPT1-AS1","202020","TAPT1 antisense RNA 1"
127.524633708399,-1.79918026192736,0.23385686102985,1.19975524393068e-15,2.14882992063357e-14,"ENSG00000109610.8","SOD3","6649","superoxide dismutase 3"
104.681051950104,1.36533940803401,0.349927977860028,5.16215667666953e-06,2.73558825123439e-05,"ENSG00000109618.15","SEPSECS","51091","Sep (O-phosphoserine) tRNA:Sec (selenocysteine) tRNA synthase"
405.193977845113,1.37895694224563,0.633232079314217,0.000506123570365743,0.00168864811307013,"ENSG00000047365.15","ARAP2","116984","ArfGAP with RhoGAP domain, ankyrin repeat and PH domain 2"
426.551541415433,1.00608406083341,0.26852720137357,2.12812776594705e-05,9.90578275842725e-05,"ENSG00000154274.17","PGCKA1","55286","PDCD10 and GCKIII kinases associated 1"
1396.48848300491,1.12080955893999,0.131563153353729,2.29832527207723e-18,5.21980471586199e-17,"ENSG00000109790.20","KLHL5","51088","kelch like family member 5"
212.270966621556,1.35874524973804,0.431206884342871,5.21320703945957e-05,0.000222448438725805,"ENSG00000157796.20","WDR19","57728","WD repeat domain 19"
266.149120520664,1.64049814987525,0.172022161864256,9.80302361631879e-23,3.10415661575466e-21,"ENSG00000163683.14","SMIM14","201895","small integral membrane protein 14"
65.8797024110727,-1.53685513807455,0.258434283408433,3.06659629207778e-10,3.15266542800876e-09,"ENSG00000154277.15","UCHL1","7345","ubiquitin C-terminal hydrolase L1"
646.558395977285,1.74269838095454,0.10663683215408,6.03656975608684e-61,1.34912959722631e-58,"ENSG00000064042.20","LIMCH1","22998","LIM and calponin homology domains 1"
1535.51739442997,1.24480189458091,0.278527321182442,5.33541109322871e-07,3.37064213308807e-06,"ENSG00000075539.17","FRYL","285527","FRY like transcription coactivator"
310.207694217059,-1.03191228285695,0.103229169783199,3.255067906009e-24,1.18667617443415e-22,"ENSG00000184178.19","SCFD2","152579","sec1 family domain containing 2"
19.5616998514561,-1.18217941495089,0.448715267396992,0.00123781237424989,0.00365728472588115,"ENSG00000128052.12","KDR","3791","kinase insert domain receptor"
913.937977683194,1.07081696909321,0.543203660419134,0.00228041000223035,0.00620543544104362,"ENSG00000134852.17","CLOCK","9575","clock circadian regulator"
191.021408513654,1.24298977636962,0.199703311987446,5.3842382208311e-11,5.97770609096014e-10,"ENSG00000157426.16","AASDH","132949","aminoadipate-semialdehyde dehydrogenase"
335.065194090555,1.08523168377089,0.336575188191942,0.000109772728204984,0.000432058509864487,"ENSG00000173542.10","MOB1B","92597","MOB kinase activator 1B"
61.7312200866821,-1.93969293587291,0.453559020119485,1.38001950862915e-06,8.11024422354042e-06,"ENSG00000080493.21","SLC4A4","8671","solute carrier family 4 member 4"
49.2855453823336,1.79421880632514,0.262629760072297,9.16326412823764e-13,1.23089456551875e-11,"ENSG00000156140.12","ADAMTS3","9508","ADAM metallopeptidase with thrombospondin type 1 motif 3"
2099.13121632636,1.54966990631388,0.369022356725843,6.15229531017732e-07,3.84574568213395e-06,"ENSG00000169429.14","CXCL8","3576","C-X-C motif chemokine ligand 8"
81.2502700928687,1.11233982406656,0.510218437206268,0.00159918665923099,0.0045643267577274,"ENSG00000169116.13","PARM1","25849","prostate androgen-regulated mucin-like protein 1"
25.0148529878069,-1.01651034811373,0.358414339514826,0.000871997210622536,0.00270782702074308,"ENSG00000169245.7","CXCL10","3627","C-X-C motif chemokine ligand 10"
101.155746016257,1.16027282883546,0.333238373446668,4.52248884216411e-05,0.000195349020249286,"ENSG00000186212.4","SOWAHB","345079","sosondowah ankyrin repeat domain family member B"
2141.14143146151,1.05196207215847,0.294592820151674,3.40158768129106e-05,0.00015151901684919,"ENSG00000138758.14","SEPTIN11","55752","septin 11"
681.015773772023,1.08959439092353,0.192207629760538,1.96376147734448e-09,1.83312141296182e-08,"ENSG00000138764.17","CCNG2","901","cyclin G2"
482.489998940301,1.16571907846052,0.311902777525583,1.45244605194657e-05,6.99942830220876e-05,"ENSG00000138767.16","CNOT6L","246175","CCR4-NOT transcription complex subunit 6 like"
144.770411188366,1.53532440775162,0.186491423336681,1.52056610675862e-17,3.17302434808182e-16,"ENSG00000163322.16","ABRAXAS1","84142","abraxas 1, BRCA1 A complex subunit"
560.058450396558,1.02547583539515,0.294639299701581,5.45090212990993e-05,0.000231374516227198,"ENSG00000163624.8","CDS1","1040","CDP-diacylglycerol synthase 1"
884.671783426267,1.2101416973398,0.241409227569775,4.43417736423043e-08,3.3519337810685e-07,"ENSG00000163625.18","WDFY3","23001","WD repeat and FYVE domain containing 3"
54.9729368793111,1.19764400386238,0.216032646952737,5.40371280960104e-09,4.73200767954898e-08,"ENSG00000109339.26","MAPK10","5602","mitogen-activated protein kinase 10"
776.648516634702,1.6827873309246,0.286873792789596,1.457063336839e-10,1.54854401911745e-09,"ENSG00000163629.15","PTPN13","5783","protein tyrosine phosphatase non-receptor type 13"
1192.53185113113,1.07376227016224,0.19741117845501,6.11113360908913e-09,5.29734633984055e-08,"ENSG00000172493.25","AFF1","4299","ALF transcription elongation factor 1"
91.0994142623563,2.01347477055902,0.195781206201133,7.97211908391519e-26,3.22672043026394e-24,"ENSG00000118777.14","ABCG2","9429","ATP binding cassette subfamily G member 2 (JR blood group)"
22.6781005775728,1.84047802218306,0.728148431453318,0.000189569326186391,0.00070731879485128,"ENSG00000248019.4",NA,NA,NA
165.720755303905,1.10181919768088,0.128167577880615,1.76734879560126e-18,4.06174154649285e-17,"ENSG00000138696.13","BMPR1B","658","bone morphogenetic protein receptor type 1B"
458.161383644329,-1.78239990592953,0.190989976330876,1.23006947213537e-21,3.64086397884828e-20,"ENSG00000248144.8","ADH1C","126","alcohol dehydrogenase 1C (class I), gamma polypeptide"
110.845362488687,1.57920760370399,0.236673968244372,3.41507152281308e-12,4.32024757615263e-11,"ENSG00000145358.8","DDIT4L","115265","DNA damage inducible transcript 4 like"
1177.43591085552,1.06440410054703,0.939651420663979,0.00263248273554533,0.00703439893689907,"ENSG00000138778.16","CENPE","1062","centromere protein E"
517.418965832732,1.28691028728808,0.572029200757305,0.000653421287939145,0.00210803549818191,"ENSG00000168769.16","TET2","54790","tet methylcytosine dioxygenase 2"
32.3376321093253,1.91494076669962,0.427643360468762,5.76202748960019e-07,3.62087310175732e-06,"ENSG00000236699.10","ARHGEF38","54848","Rho guanine nucleotide exchange factor 38"
795.965152350624,1.16210361825718,0.276118599027183,2.21976765616362e-06,1.25250775798387e-05,"ENSG00000164023.17","SGMS2","166929","sphingomyelin synthase 2"
35.8438883568452,1.19580601005846,0.524619488947165,0.0025588751201713,0.0068602943720726,"ENSG00000138798.15","EGF","1950","epidermal growth factor"
75.4223592411798,1.54763006049495,0.214649524135758,6.22634535419396e-14,9.42261743935476e-13,"ENSG00000138792.12","ENPEP","2028","glutamyl aminopeptidase"
223.604670952123,1.13159787283087,0.184584202812459,1.20863313218363e-10,1.29883843424416e-09,"ENSG00000073331.20","ALPK1","80216","alpha kinase 1"
689.187127222507,1.47782079834919,0.542664031849764,0.000107256538568352,0.000424352139353572,"ENSG00000145390.14","USP53","54532","ubiquitin specific peptidase 53"
88.977322307044,2.69193193682554,0.179411595677077,6.76641939551334e-52,1.13418427715447e-49,"ENSG00000138735.18","PDE5A","8654","phosphodiesterase 5A"
30.4310002870385,-1.6592173659771,0.334394709117179,9.95569724986949e-08,7.08803357757329e-07,"ENSG00000173376.16","NDNF","79625","neuron derived neurotrophic factor"
674.6738971546,1.64160969689504,0.650912834417774,9.67646322697795e-05,0.000386682403273457,"ENSG00000138688.18","BLTP1","84162","bridge-like lipid transfer protein family member 1"
1512.84087417104,1.23240355364908,0.17432567377073,1.35170544748935e-13,1.9814305803929e-12,"ENSG00000109452.15","INPP4B","8821","inositol polyphosphate-4-phosphatase type II B"
17.6863314408279,-2.04522518697524,0.394851185818136,2.37860394832294e-08,1.87917840530074e-07,"ENSG00000249806.2",NA,NA,NA
199.425081700932,1.25483749396266,0.227894528296685,3.53533682026235e-09,3.18077182644491e-08,"ENSG00000109458.12","GAB1","2549","GRB2 associated binding protein 1"
76.6671802476246,1.39720563200796,0.149705062880585,1.65242874195595e-21,4.81703282225005e-20,"ENSG00000151611.19","MMAA","166785","metabolism of cobalamin associated A"
94.4921589225785,1.05374092601331,0.3146909847206,9.27368617738767e-05,0.000373003428642398,"ENSG00000164169.15","PRMT9","90826","protein arginine methyltransferase 9"
1416.43844594647,1.12943659419172,0.221326788791047,3.16612161948485e-08,2.4510422436785e-07,"ENSG00000198589.17","LRBA","987","LPS responsive beige-like anchor protein"
388.031318341859,1.04521440240143,0.10645551989034,1.88225962057788e-23,6.28275446080767e-22,"ENSG00000164142.18","FHIP1A","729830","FHF complex subunit HOOK interacting protein 1A"
307.990693962131,1.69520303311298,0.275096566876816,1.97258460753579e-11,2.3027424097509e-10,"ENSG00000109654.18","TRIM2","23321","tripartite motif containing 2"
17.6416526929627,1.42602839710247,0.392817027564243,4.09986302509678e-05,0.000178750318659931,"ENSG00000197410.15","DCHS2","54798","dachsous cadherin-related 2"
46.0340361308678,-1.02708092678943,0.251478147013666,9.32748353314093e-06,4.69448836698976e-05,"ENSG00000171560.20","FGA","2243","fibrinogen alpha chain"
318.589253022135,1.27627764695323,0.166807854646339,2.16313837785271e-15,3.78205860826152e-14,"ENSG00000145431.13","PDGFC","56034","platelet derived growth factor C"
449.001953742145,1.00201704166153,0.221995914747021,9.23794412555226e-07,5.5866014258879e-06,"ENSG00000109756.12","RAPGEF2","9693","Rap guanine nucleotide exchange factor 2"
18.1510846407624,1.7076455464243,0.429393324948229,6.4302546546296e-06,3.35003233206227e-05,"ENSG00000183439.12","TRIM61","391712","tripartite motif containing 61"
19.7403460674228,1.49664767478784,0.853612314746513,0.00126549952016365,0.00372838978438903,"ENSG00000196104.13","SPOCK3","50859","SPARC (osteonectin), cwcv and kazal like domains proteoglycan 3"
954.632276534283,-2.2234506409541,0.235588164917845,2.61209626825006e-23,8.62551103911865e-22,"ENSG00000109511.12","ANXA10","11199","annexin A10"
825.934516942012,1.23342653639687,0.523630482740357,0.000614451672028585,0.00199946386038253,"ENSG00000137628.20","DDX60","55601","DExD/H-box helicase 60"
1380.20658348988,1.16197816333195,0.107794581034895,7.58612878458088e-28,3.51308384345411e-26,"ENSG00000129116.22","PALLD","23022","palladin, cytoskeletal associated protein"
15.6193030429298,1.05039357635601,0.37745267090221,0.000984188993448875,0.00299944238497532,"ENSG00000294732.1",NA,NA,NA
21.8809559321165,1.29852219784301,0.357931487233958,3.01296526571494e-05,0.000135878235921759,"ENSG00000248774.2",NA,NA,NA
170.311535852975,1.10758353232662,0.285576579902715,1.06432476321701e-05,5.275780190797e-05,"ENSG00000164118.15","CEP44","80817","centrosomal protein 44"
36.661904405211,-3.64767121241612,0.294162679141669,2.82324368826048e-36,2.05364343946533e-34,"ENSG00000150630.5","VEGFC","7424","vascular endothelial growth factor C"
339.389349132728,1.25849059897965,0.198294052612125,1.92674690295843e-11,2.2526432138379e-10,"ENSG00000151726.18","ACSL1","2180","acyl-CoA synthetase long chain family member 1"
348.206090354744,1.61648524896679,0.159498000069824,2.36658527454748e-25,9.26271865959306e-24,"ENSG00000154556.22","SORBS2","8470","sorbin and SH3 domain containing 2"
338.885376212806,2.36822323562479,0.492380900705878,6.89973679161414e-08,5.02127612380753e-07,"ENSG00000153404.17","PLEKHG4B","153478","pleckstrin homology and RhoGEF domain containing G4B"
266.621350757096,1.65548490726303,0.314676991694471,4.08431289420031e-09,3.64281024531307e-08,"ENSG00000291079.2","SDHAP3","728609","SDHA pseudogene 3"
1941.50405646897,-1.00348268863365,0.278960323347172,3.72140397402372e-05,0.000164246624737893,"ENSG00000145494.14","NDUFS6","4726","NADH:ubiquinone oxidoreductase subunit S6"
58.5583840300134,1.05979685802109,0.547578569241965,0.00300417534633668,0.00788417086723245,"ENSG00000145536.17","ADAMTS16","170690","ADAM metallopeptidase with thrombospondin type 1 motif 16"
237.807668091448,1.56833603075821,0.1264194766681,1.90122967009378e-36,1.40281639916345e-34,"ENSG00000039139.11","DNAH5","1767","dynein axonemal heavy chain 5"
331.284429970601,1.13359283873929,0.813643047429109,0.0025562127706447,0.0068543483109219,"ENSG00000145569.8","OTULINL","54491","OTU deubiquitinase with linear linkage specificity like"
24.3750795015103,-1.25708494925468,0.325472735825614,1.77570541312983e-05,8.37917783839508e-05,"ENSG00000154162.17","CDH12","1010","cadherin 12"
33.4413084058591,-1.66761273987573,0.249807407215481,2.48632316414941e-12,3.18451740152393e-11,"ENSG00000251593.1",NA,NA,NA
52.8129568701825,1.97258304734476,0.330328378215719,1.03494907850494e-10,1.11842675120005e-09,"ENSG00000290548.2",NA,NA,NA
317.017281519769,1.45581704093088,0.528955069785994,0.000112794834013836,0.000442597744358107,"ENSG00000164187.9","LMBRD2","92255","LMBR1 domain containing 2"
2107.4326252394,1.34928318129726,0.5930839318224,0.000436604715749041,0.00148007942879005,"ENSG00000164190.20","NIPBL","25836","NIPBL cohesin loading factor"
264.103623196821,1.87193423066276,0.439967676260346,2.48449816961468e-07,1.66146774820589e-06,"ENSG00000197603.18","CPLANE1","65250","ciliogenesis and planar polarity effector complex subunit 1"
752.168678244273,1.07843115137035,0.287782450905186,1.75776086012728e-05,8.30212258009885e-05,"ENSG00000113594.12","LIFR","3977","LIF receptor subunit alpha"
31.8172053252136,1.08061628935076,0.254512191264358,3.98282730799908e-06,2.15022822058071e-05,"ENSG00000249740.5","LINC01265","101926904","long intergenic non-protein coding RNA 1265"
1160.79466024909,1.39706314288281,0.618763329583675,0.000383884464888668,0.00132140230648396,"ENSG00000164327.16","RICTOR","253260","RPTOR independent companion of MTOR complex 2"
146.985537962222,1.08077416250916,0.199002381978366,9.6382428881541e-09,8.13972308752598e-08,"ENSG00000113638.16","TTC33","23548","tetratricopeptide repeat domain 33"
31.1848311481916,3.20117136106859,0.303623470036796,1.03710145761626e-26,4.47987159044827e-25,"ENSG00000250722.7","SELENOP","6414","selenoprotein P"
326.916163261531,1.27481844348273,0.171047063419401,8.88799775762761e-15,1.46121336269057e-13,"ENSG00000151883.22","PARP8","79668","poly(ADP-ribose) polymerase family member 8"
62.0844528506763,-1.19318385197422,0.794636403859381,0.00268460940944916,0.00715138395286156,"ENSG00000016082.17","ISL1","3670","ISL LIM homeobox 1"
22.4366773744549,-1.59244850306512,0.321857936635184,8.10882769203729e-08,5.85148487781502e-07,"ENSG00000285831.2",NA,NA,NA
2022.36043505394,-1.52966848733231,0.226248479529813,1.11448114861667e-12,1.48031126553124e-11,"ENSG00000134363.14","FST","10468","follistatin"
44.9377023536023,2.37216495021639,0.367307190743383,4.96392063610145e-12,6.1583765188512e-11,"ENSG00000248727.7",NA,NA,NA
376.494580384781,1.16768378912839,0.523279730074883,0.000949510601152399,0.00290985750802288,"ENSG00000155545.22","MIER3","166968","MIER family member 3"
38.6890613722807,1.11985009675106,0.401077859925387,0.000534434573439716,0.00177122621040487,"ENSG00000169067.4","ACTBL2","345651","actin beta like 2"
179.187818709226,1.50931522579212,0.160617924386387,6.79834755764183e-22,2.03963653086371e-20,"ENSG00000113448.21","PDE4D","5144","phosphodiesterase 4D"
12.9637053010775,1.55752143051445,0.433089032582809,3.79008511077106e-05,0.000166657834311949,"ENSG00000049192.16","ADAMTS6","11174","ADAM metallopeptidase with thrombospondin type 1 motif 6"
91.2000107504228,1.03811602270047,0.627230762681479,0.00428002402471686,0.0106602722031096,"ENSG00000113595.16","TRIM23","373","tripartite motif containing 23"
115.032263377567,1.44060306823813,0.187284682470173,1.64793527069854e-15,2.91097477771389e-14,"ENSG00000197860.12","SGTB","54557","small glutamine rich tetratricopeptide repeat co-chaperone beta"
1551.06960242424,1.38613911015128,0.43215224952245,3.78326553164782e-05,0.000166452889482286,"ENSG00000112851.18","ERBIN","55914","erbb2 interacting protein"
309.13670299341,1.47924401972438,0.201596223818372,1.3705633570535e-14,2.19703300718525e-13,"ENSG00000197822.14","OCLN","100506658","occludin"
46.4679807085843,1.17630473325349,0.772888479831964,0.0114145075895271,0.0245945398264772,"ENSG00000205572.12","SERF1A","8293","small EDRK-rich factor 1A"
20.4222314139456,1.40222442386746,0.585801573461039,0.00114761858733019,0.00342376208845403,"ENSG00000297805.1","GUSBP16","653080","GUSB pseudogene 16"
934.257456063754,1.00016529090039,0.885031284248682,0.00385590040722082,0.00973666942520915,"ENSG00000145734.21","BDP1","55814","BDP1 general transcription factor IIIB subunit"
1134.42582500239,1.10461374985389,0.386407057256712,0.000274266817559933,0.000982683223418151,"ENSG00000131711.16","MAP1B","4131","microtubule associated protein 1B"
315.830165235155,-1.1700481400684,0.326272444513954,2.58777837272015e-05,0.000118240386031755,"ENSG00000251493.5","FOXD1","2297","forkhead box D1"
146.623644039136,1.06296111128612,0.120999417391014,3.64147234515566e-19,8.81556436964607e-18,"ENSG00000164331.12","ANKRA2","57763","ankyrin repeat family A member 2"
168.679065292585,1.16687921102661,0.278225046973599,2.67566895541905e-06,1.48621615897609e-05,"ENSG00000198780.15","FAM169A","26049","family with sequence similarity 169 member A"
580.665608302947,1.06129282339717,0.334365106010316,0.000136987150740762,0.000528119712893323,"ENSG00000113163.20","CERT1","10087","ceramide transporter 1"
548.738433656377,1.09647589326489,0.325632861672626,6.12511321429481e-05,0.000256323937252755,"ENSG00000085365.20","SCAMP1","9522","secretory carrier membrane protein 1"
357.907198033226,2.50095922148631,0.214864459396055,5.41314000993857e-33,3.39333463793751e-31,"ENSG00000152409.12","JMY","133746","junction mediating and regulatory protein, p53 cofactor"
302.488421255437,1.10563579291625,0.214462230128773,3.01156987995173e-08,2.33608748082171e-07,"ENSG00000152413.17","HOMER1","9456","homer scaffold protein 1"
405.338680969358,1.14793606737819,0.168166921668598,1.05303187557678e-12,1.40474087831051e-11,"ENSG00000164329.17","TENT2","167153","terminal nucleotidyltransferase 2"
378.66222059633,1.49919962065446,0.299037400191256,2.01905577042072e-08,1.61744722263158e-07,"ENSG00000177034.19","MTX3","345778","metaxin 3"
504.322960808897,1.75003871308925,0.344854988457468,8.21176517373737e-09,6.98475624623298e-08,"ENSG00000039319.19","ZFYVE16","9765","zinc finger FYVE-type containing 16"
10.7420629802647,1.23422179134949,0.412686325090426,0.000439266585837574,0.0014874681642954,"ENSG00000152380.12","FAM151B","167555","family with sequence similarity 151 member B"
333.263412930874,1.18679173357368,0.14242523383001,1.00581375426788e-17,2.1453186589993e-16,"ENSG00000113318.13","MSH3","4437","mutS homolog 3"
98.9176194965659,1.11369240622528,0.659447902718248,0.00287025662419661,0.00757785095047695,"ENSG00000145687.19","SSBP2","23635","single stranded DNA binding protein 2"
103.630662382781,-1.54101600000696,0.484460987854251,7.05182819716575e-05,0.000291076666564489,"ENSG00000038427.17","VCAN","1462","versican"
13.3356988520654,1.89382414984449,0.446112888562214,2.16719458100738e-06,1.22463567730725e-05,"ENSG00000164176.15","EDIL3","10085","EGF like and discoidin domains 3"
1306.81811703013,1.48251263808927,0.193632737528559,9.4041237597179e-16,1.69813808546381e-14,"ENSG00000145715.17","RASA1","5921","RAS p21 protein activator 1"
16.5928891677884,1.1894247513305,0.296757730282332,1.17543760361893e-05,5.76540180833573e-05,"ENSG00000287862.2",NA,NA,NA
434.052221972236,1.13034503616386,0.287745289346621,7.70149008024497e-06,3.94698167256423e-05,"ENSG00000164180.17","TMEM161B","153396","transmembrane protein 161B"
402.610919800966,1.63984361351181,0.335457897923654,2.34335886627601e-08,1.855040398648e-07,"ENSG00000176018.15","LYSMD3","116068","LysM domain containing 3"
60.9434657165474,1.23813148105602,0.175050620440182,2.68523042084122e-13,3.81649201104078e-12,"ENSG00000164199.19","ADGRV1","84059","adhesion G protein-coupled receptor V1"
132.298556170271,1.41401441984652,0.268417462774255,9.01824709404219e-09,7.63284239501782e-08,"ENSG00000248323.9","LUCAT1","100505994","lung cancer associated transcript 1"
1882.13910436622,1.98297484219447,0.174994477882051,2.36799237983813e-31,1.3376121058419e-29,"ENSG00000113369.10","ARRDC3","57561","arrestin domain containing 3"
355.498943332295,1.20944639128662,0.0813488514323863,1.11518518429177e-50,1.70270007197657e-48,"ENSG00000113391.21","ARB2A","83989","ARB2 cotranscriptional regulator A"
18.620069182085,1.95272431860909,0.313672271095817,6.48034587152998e-11,7.13810097749027e-10,"ENSG00000185261.17","KIAA0825","285600","KIAA0825"
270.003916884884,1.27318802947818,0.320764987806528,4.16327018234709e-06,2.23855611861836e-05,"ENSG00000133302.15","SLF1","84250","SMC5/6 complex localization factor 1"
145.789401761154,1.21721017259625,0.105990431665868,3.40833437030068e-31,1.90434508421764e-29,"ENSG00000175471.20","MCTP1","79772","multiple C2 and transmembrane domain containing 1"
1489.97487817213,1.39809116117243,0.453164152117119,5.3281643063374e-05,0.000226857011442773,"ENSG00000198677.15","SKIC3","9652","SKI3 subunit of superkiller complex"
4049.42506799336,1.42933561533807,0.085415570661621,7.37176585184305e-64,1.86360657707003e-61,"ENSG00000164292.15","RHOBTB3","22836","Rho related BTB domain containing 3"
1301.85811623745,1.21701956779244,0.148688098768796,2.93417518901812e-17,5.97830577791153e-16,"ENSG00000118985.18","ELL2","22936","elongation factor for RNA polymerase II 2"
6725.38070349352,1.29794491940915,0.181598659714219,5.64004553963603e-14,8.55212804982569e-13,"ENSG00000310517.3","CAST","831","calpastatin"
1508.88447989944,1.24882675731021,0.420734011332259,0.000136930541807482,0.000528033479673213,"ENSG00000113441.18","LNPEP","4012","leucyl and cystinyl aminopeptidase"
1140.3063654984,1.09917869084497,0.539061955683462,0.00177426646734001,0.00498559824942606,"ENSG00000153922.14","CHD1","1105","chromodomain helicase DNA binding protein 1"
9.34482698084494,1.51138105062685,0.406498749097328,2.79962683189372e-05,0.000127129108877011,"ENSG00000248489.5","LOC100289230","100289230","uncharacterized LOC100289230"
1539.75830354226,1.09899303886548,0.292383601751525,1.65013385187528e-05,7.87050042346368e-05,"ENSG00000198961.13","PJA2","9867","praja ring finger ubiquitin ligase 2"
612.960589615863,1.05994183276459,0.280250057257067,1.67328363318557e-05,7.96656588680294e-05,"ENSG00000164211.15","STARD4","134429","StAR related lipid transfer domain containing 4"
658.633743522943,1.13840486919923,0.402321253937113,0.000273406673064292,0.000979829027498127,"ENSG00000172795.18","DCP2","167227","decapping mRNA 2"
46.0076295870411,1.5183470109667,0.190783648698712,2.52715643579073e-16,4.81721624182061e-15,"ENSG00000152503.12","TRIM36","55521","tripartite motif containing 36"
12.5655304111604,-2.30155002121347,0.387954023764792,2.82113899480732e-10,2.91196682991458e-09,"ENSG00000248663.8","LOC124900192","124900192","uncharacterized LOC124900192"
524.26914077676,1.57776912085777,0.449555877673569,8.26210989722614e-06,4.21180368208819e-05,"ENSG00000172869.17","DMXL1","1657","Dmx like 1"
380.564964567099,1.16168407188723,0.0764434379137703,7.4518822253839e-53,1.32086753790397e-50,"ENSG00000145779.9","TNFAIP8","25816","TNF alpha induced protein 8"
157.172832894519,1.77306594342151,0.14034353268184,1.84337614390028e-37,1.44297987386225e-35,"ENSG00000113083.17","LOX","4015","lysyl oxidase"
524.855348700632,1.04845434188933,0.326200473756728,0.000122546489373769,0.000477581352699745,"ENSG00000151292.21","CSNK1G3","1456","casein kinase 1 gamma 3"
74.3235814957359,1.13981021547505,0.92478298539232,0.00304220893247027,0.00796880974259157,"ENSG00000168916.18","ZNF608","57507","zinc finger protein 608"
288.631439977544,1.4970857201407,0.102643004495405,4.53894721219719e-49,6.60331178861254e-47,"ENSG00000155324.12","GRAMD2B","65983","GRAM domain containing 2B"
3646.0499778949,1.58447426127095,0.181689338843178,1.37278894605562e-19,3.43108238851276e-18,"ENSG00000064651.16","SLC12A2","6558","solute carrier family 12 member 2"
95.9786811884401,1.05461671705613,0.677429987196798,0.00423272078927166,0.0105534013405591,"ENSG00000158987.24","RAPGEF6","51735","Rap guanine nucleotide exchange factor 6"
56.3713610596491,-1.52277978030594,0.302446985016327,3.79529331451606e-08,2.9002585829114e-07,"ENSG00000164400.7","CSF2","1437","colony stimulating factor 2"
587.083814968415,-1.95007176701907,0.321257305957141,8.60107751225462e-11,9.36042458126172e-10,"ENSG00000131435.15","PDLIM4","8572","PDZ and LIM domain 4"
36.5633501972247,1.25285438478246,0.385385462319651,9.79704019746264e-05,0.000391196677589517,"ENSG00000233006.9","MIR3936HG","553103","MIR3936 host gene"
280.904952350373,-1.55824727044481,0.220148931928251,1.87338367893034e-13,2.69742761090428e-12,"ENSG00000298415.1",NA,NA,NA
43.5319505244201,-1.11740077558509,1.14928508039711,0.00195320766773617,0.00542629312263254,"ENSG00000152377.16","SPOCK1","6695","SPARC (osteonectin), cwcv and kazal like domains proteoglycan 1"
17.1184692384366,-1.31053319574813,0.341618173325526,1.6826280335889e-05,8.00364185872129e-05,"ENSG00000158458.23","NRG2","9542","neuregulin 2"
41.3490460483675,1.68243255882125,0.647892588742796,0.0001277223948985,0.000496122683055357,"ENSG00000182700.5","IGIP","492311","IgA inducing protein"
28.4096177310757,1.09898693513622,0.467471240937258,0.00156268822236663,0.0044792221332929,"ENSG00000131503.23","ANKHD1","54882","ankyrin repeat and KH domain containing 1"
29.3452433045744,1.34384831336476,0.279441772522727,2.13512317697362e-07,1.44095118214924e-06,"ENSG00000254996.5","ANKHD1-EIF4EBP3","404734","ANKHD1-EIF4EBP3 readthrough"
725.724859634435,-1.09029197662772,0.17189190815843,2.99896964112968e-11,3.44356744868658e-10,"ENSG00000213523.14","SRA1","10011","steroid receptor RNA activator 1"
30.8351343144359,1.5474304092942,0.311308426523611,7.19977494307582e-08,5.22975644828885e-07,"ENSG00000248383.6","PCDHAC1","56135","protocadherin alpha subfamily C, 1"
17.5385293178234,1.13926997882334,0.424237800740043,0.0012043972626628,0.00356967330146511,"ENSG00000197479.7","PCDHB11","56125","protocadherin beta 11"
63.9194137524912,1.23108941580367,0.205431089136964,3.72308382477641e-10,3.79218465402094e-09,"ENSG00000187372.11","PCDHB13","56123","protocadherin beta 13"
19.2365059824784,1.14961348821901,0.312079212601299,4.23280288133373e-05,0.000183818792545895,"ENSG00000253731.4","PCDHGA6","56109","protocadherin gamma subfamily A, 6"
157.627636960085,-1.32111722162689,0.331733231321016,8.30598285575107e-06,4.23007138766635e-05,"ENSG00000253159.4","PCDHGA12","26025","protocadherin gamma subfamily A, 12"
1288.62458343771,1.18681142063466,0.363498371850686,6.22824299786981e-05,0.000260286545447562,"ENSG00000113580.17","NR3C1","2908","nuclear receptor subfamily 3 group C member 1"
2127.67005027866,-1.25925263646046,0.200304350121662,4.22876203232547e-11,4.75998097083877e-10,"ENSG00000113657.15","DPYSL3","1809","dihydropyrimidinase like 3"
169.016572573813,1.62634484413409,0.959601908240531,0.000332899383540137,0.00116620658645444,"ENSG00000230551.4",NA,NA,NA
40.2565394118203,-1.12487888716376,0.314974423586627,6.06034350438286e-05,0.0002540270649119,"ENSG00000183876.10","ARSI","340075","arylsulfatase family member I"
3847.61106236607,-1.05080310807714,0.0776197843319826,2.01312600161949e-42,2.06962773806495e-40,"ENSG00000070814.24","TCOF1","6949","treacle ribosome biogenesis factor 1"
171.717948936522,1.05357209312095,0.927401843394308,0.00355812113110442,0.00908289785842763,"ENSG00000145908.15","ZNF300","91975","zinc finger protein 300"
502.867799324625,-1.86257576201993,0.250568158058187,1.1184285364332e-14,1.80978871567013e-13,"ENSG00000211445.14","GPX3","2878","glutathione peroxidase 3"
1025.40378641399,-1.67285402948869,0.118994286881093,7.48743407276146e-46,9.54245626744252e-44,"ENSG00000197043.17","ANXA6","309","annexin A6"
549.555339861745,-1.14990651705836,0.16307329438413,2.20177499176658e-13,3.14676294235703e-12,"ENSG00000177556.14","ATOX1","475","antioxidant 1 copper chaperone"
60.3064693240547,1.83043907608117,0.351919668847546,4.03176772315606e-08,3.06880010161844e-07,"ENSG00000113249.16","HAVCR1","26762","hepatitis A virus cellular receptor 1"
1086.83566103408,-2.67135963568175,0.154016905868753,1.49532831307506e-68,4.52146233645697e-66,"ENSG00000135074.18","ADAM19","8728","ADAM metallopeptidase domain 19"
41.0710479594676,-2.11928678753345,0.898939974351665,0.000103670052378842,0.000412035020034567,"ENSG00000172548.16","NIPAL4","348938","NIPA like domain containing 4"
74.1405651888554,-2.11601789666076,0.266525583676414,1.65299818769065e-16,3.19034856725626e-15,"ENSG00000170214.6","ADRA1B","147","adrenoceptor alpha 1B"
53.4759404821381,1.01366608625462,0.282986808038811,5.12011597169474e-05,0.000218657735805884,"ENSG00000221886.6","FAM200C","63920","family with sequence similarity 200 member C"
111.037282400359,2.14861801656648,0.303091292189325,2.16254513800023e-14,3.39945041519894e-13,"ENSG00000253522.7","MIR3142HG","107075116","MIR3142 host gene"
65.0843594673949,3.9765476751739,0.69084290201985,4.96326053770246e-12,6.1583765188512e-11,"ENSG00000118322.15","ATP10B","23120","ATPase phospholipid transporting 10B (putative)"
12.0824769106274,-1.14865872717291,0.510640540884292,0.00376988252519065,0.00955859230860984,"ENSG00000253978.3",NA,NA,NA
79.4325344139996,2.27672350307073,0.371143411073642,9.2979337746914e-12,1.12545868712336e-10,"ENSG00000164463.14","CREBRF","153222","CREB3 regulatory factor"
160.32564785885,-1.14075475792791,0.203588455278412,3.25844419504123e-09,2.9499644294054e-08,"ENSG00000120149.10","MSX2","4488","msh homeobox 2"
89.1528273692313,1.20548752502841,0.216142695109224,3.60382818448822e-09,3.24050346548063e-08,"ENSG00000175414.9","ARL10","285598","ARF like GTPase 10"
643.215630380833,-1.21979025588118,0.130132381129848,1.1264002912648e-21,3.34042670992201e-20,"ENSG00000048162.24","NOP16","51491","NOP16 nucleolar protein"
1934.85627904844,-1.61407019800759,0.122971124049287,1.35058903418632e-40,1.3017145935117e-38,"ENSG00000175416.18","CLTB","1212","clathrin light chain B"
221.430373142341,-1.04256731222859,0.217909196827477,2.56427051936585e-07,1.71110409689056e-06,"ENSG00000169258.9","GPRIN1","114787","G protein regulated inducer of neurite outgrowth 1"
1219.01712822174,-1.01325475355184,0.332552124631073,0.000221001610028464,0.000812024262151284,"ENSG00000048140.20","TSPAN17","26262","tetraspanin 17"
92.5841612381406,-1.09014545706889,0.290744146431472,3.29354972733254e-05,0.00014734502566056,"ENSG00000113763.14","UNC5A","90249","unc-5 netrin receptor A"
3720.62794964347,-1.00481047954935,0.240309563242035,3.54191838311086e-06,1.93276445102451e-05,"ENSG00000169230.12","PRELID1","27166","PRELI domain containing 1"
384.560964000732,-1.21908416702805,0.293269577353055,2.43025893376646e-06,1.36131576526017e-05,"ENSG00000169220.20","RGS14","10636","regulator of G protein signaling 14"
307.300220370103,-1.69005013766399,0.471774267555183,4.86759709731913e-06,2.59196183832038e-05,"ENSG00000131187.13","F12","2161","coagulation factor XII"
427.239148578412,-1.05822502912458,0.436613726828358,0.000956728909994322,0.00292987279505422,"ENSG00000131188.14","PRR7","80758","proline rich 7, synaptic"
2783.66344113886,-1.11359599752732,0.244421064190223,4.26422761061634e-07,2.74108603515275e-06,"ENSG00000113758.16","DBN1","1627","drebrin 1"
2633.64185384436,-1.46478114647757,0.286351475401711,1.00668393344221e-08,8.47383893974473e-08,"ENSG00000196923.16","PDLIM7","9260","PDZ and LIM domain 7"
1315.09296963348,-1.06488089246521,0.230705133174176,4.31065345682752e-07,2.76746823304485e-06,"ENSG00000145912.12","NHP2","55651","NHP2 ribonucleoprotein"
125.807998813166,1.33166360604495,0.511110830450895,0.000287451464134275,0.00102259533000526,"ENSG00000113240.16","CLK4","57396","CDC like kinase 4"
98.8143831057887,1.10290809795908,0.429972145146922,0.000664014587407574,0.00213952548107233,"ENSG00000169131.15","ZNF354A","6940","zinc finger protein 354A"
6203.9782409454,-1.15861476970562,0.0881266586594101,2.53919345862769e-40,2.40226394634955e-38,"ENSG00000161011.22","SQSTM1","8878","sequestosome 1"
13.4470607137829,1.95260228864905,0.386776266238287,5.66345794730765e-08,4.17876483279575e-07,"ENSG00000289839.2","LOC102725231","102725231","uncharacterized LOC102725231"
54.9448417031583,-1.25624666575667,0.350189824490748,4.53085281450306e-05,0.000195605490628364,"ENSG00000037280.18","FLT4","2324","fms related receptor tyrosine kinase 4"
399.876814074339,1.04985678013198,0.224806547507487,3.73053290586162e-07,2.42225465015966e-06,"ENSG00000196670.15","ZFP62","643836","ZFP62 zinc finger protein"
823.665903314483,1.00529093898234,0.137431041699572,4.65605730509816e-14,7.10198414460126e-13,"ENSG00000054598.9","FOXC1","2296","forkhead box C1"
263.940400072635,1.03008225106854,0.233507948556491,1.51849643582206e-06,8.80990727494807e-06,"ENSG00000137266.16","SLC22A23","63027","solute carrier family 22 member 23"
20.1629605736258,-1.09675601809392,0.385669984108568,0.000579210917508387,0.001897198716843,"ENSG00000153162.11","BMP6","654","bone morphogenetic protein 6"
14.2377989925654,1.69061271965237,0.417091912221719,5.29314042399246e-06,2.8011502566365e-05,"ENSG00000111837.12","MAK","4117","male germ cell associated kinase"
58.0096277392399,2.4194988206976,0.25157054671591,6.74110313780314e-23,2.1612172866541e-21,"ENSG00000205269.8","TMEM170B","100113407","transmembrane protein 170B"
435.938206486101,1.02915998520891,0.267288888670877,2.5138916167882e-05,0.00011516515090394,"ENSG00000302734.1",NA,NA,NA
628.67952499543,1.70838670289523,0.0894697179202152,2.09231669758304e-82,1.29062463173713e-79,"ENSG00000124788.19","ATXN1","6310","ataxin 1"
51.8924469477038,1.44335645125077,0.271251479274181,1.0151161487871e-08,8.54015609953402e-08,"ENSG00000229931.4",NA,NA,NA
212.293132611672,1.35779613303871,0.182114105764524,9.46405235767418e-15,1.54931158606893e-13,"ENSG00000137414.9","FAM8A1","51439","family with sequence similarity 8 member A1"
27.0055509413701,-1.61123653579091,0.240444559548773,2.44655971558909e-12,3.13880177821127e-11,"ENSG00000272269.3",NA,NA,NA
380.995849308889,1.80144394124435,0.48051644639386,1.96099402727566e-06,1.11629711681868e-05,"ENSG00000137393.12","RNF144B","255488","ring finger protein 144B"
32.1469942414201,1.41228682143363,0.277231219338982,5.76884612838247e-08,4.2524558387087e-07,"ENSG00000146038.14","DCDC2","51473","doublecortin domain containing 2"
15.6542701616243,1.04744853656418,0.320086174087167,0.000214526065764545,0.00079105845532163,"ENSG00000272462.5","LINC02980","123706533","long intergenic non-protein coding RNA 2980"
542.280781511429,-2.23987904760862,0.141332608732106,8.82736798413437e-58,1.7015855210417e-55,"ENSG00000187837.5","H1-2","3006","H1.2 linker histone, cluster member"
449.263896804548,-1.47127454256959,0.335066930993877,3.73737539776458e-07,2.42383739795028e-06,"ENSG00000180573.11","H2AC6","8334","H2A clustered histone 6"
338.613447372808,-1.08844442647733,0.133633064168571,5.81752050674582e-17,1.16660577027994e-15,"ENSG00000158373.11","H2BC5","3017","H2B clustered histone 5"
116.095805097377,1.28706968029016,0.368855333988569,2.50278923725133e-05,0.00011479926480563,"ENSG00000181315.13","ZNF322","79692","zinc finger protein 322"
13.2154618947825,1.07784377271455,0.44331234738839,0.00205272194134027,0.00565874598809588,"ENSG00000290474.2","GUSBP2","387036","GUSB pseudogene 2"
179.250410947963,-1.6987480935646,0.303467436674542,6.26054621811263e-10,6.21660548805633e-09,"ENSG00000124635.12","H2BC11","8970","H2B clustered histone 11"
1574.50411876707,-2.32936893876075,0.136035527485385,1.26521627538165e-67,3.48408931833223e-65,"ENSG00000197903.11","H2BC12","85236","H2B clustered histone 12"
18.6705550585495,1.26973021229734,0.324956618790686,1.50366800286763e-05,7.22144636319581e-05,"ENSG00000291112.2","ZNF204P","7754","zinc finger protein 204, pseudogene"
621.755954131617,1.06373032002639,0.344908565192655,0.000209159923055694,0.000772934381366369,"ENSG00000198315.13","ZKSCAN8","7745","zinc finger with KRAB and SCAN domains 8"
31.6444230503535,1.51470700325125,0.320051559362152,2.0634600414724e-07,1.39625350151584e-06,"ENSG00000226314.10","ZKSCAN8P1","651302","ZKSCAN8 pseudogene 1"
7.5766569020524,2.20542964506552,0.721999456245905,0.000100238810023719,0.000399323867056514,"ENSG00000280107.1",NA,NA,NA
54.2751539422751,1.45651303037827,0.177644751539252,4.00126178641664e-17,8.11887605372777e-16,"ENSG00000235109.10","ZSCAN31","64288","zinc finger and SCAN domain containing 31"
56.1891611173527,1.79457453681634,0.641105100911917,0.000158978094129461,0.000603099923633558,"ENSG00000187987.12","ZSCAN23","222696","zinc finger and SCAN domain containing 23"
124.372986711187,1.00588141337814,0.267109843891736,2.39854042118545e-05,0.000110709044702487,"ENSG00000290710.2","HLA-V","352962","major histocompatibility complex, class I, V (pseudogene)"
16.1469865517145,2.15463854587728,0.367845476947327,6.22950368629178e-10,6.19775331266487e-09,"ENSG00000290870.1",NA,NA,NA
695.70447014858,1.44182182820368,0.452907809271562,3.62492257800226e-05,0.000160506425219716,"ENSG00000204616.13","TRIM31","11074","tripartite motif containing 31"
36.172312436296,-1.94721755883832,0.333906407538411,3.63184950346764e-10,3.70170199557002e-09,"ENSG00000272540.1",NA,NA,NA
65.491874124675,1.55180025238717,0.228519318210791,1.30923640432133e-12,1.7241447131545e-11,"ENSG00000204531.22","POU5F1","5460","POU class 5 homeobox 1"
17.8626017155654,1.72952243939352,0.671060057053569,0.000260002372007289,0.000937455360936264,"ENSG00000204528.4",NA,NA,NA
29.4052663213415,1.32796967813658,0.337622840253517,1.01885465605459e-05,5.07649681777636e-05,"ENSG00000272501.2",NA,NA,NA
51.1951008327361,1.66075586404961,1.3668232307747,0.000559193743939129,0.00184141078908505,"ENSG00000227507.4","LTB","4050","lymphotoxin beta"
59.0399986200139,1.52246629900118,0.38174622503242,2.7756690815691e-06,1.53527951602859e-05,"ENSG00000204410.17","MSH5","4439","mutS homolog 5"
5004.16296115888,-1.20891668392491,0.27849695191698,8.87974735455689e-07,5.38688371182619e-06,"ENSG00000204394.15","VARS1","7407","valyl-tRNA synthetase 1"
159.522912575067,2.31670197037552,0.513527207450469,2.48325994239723e-08,1.95180181303301e-07,"ENSG00000243649.12","CFB","629","complement factor B"
829.693792608235,-1.84631070881895,0.171901780561351,3.86490654659831e-28,1.83952851404607e-26,"ENSG00000213654.12","GPSM3","63940","G protein signaling modulator 3"
46.4477994953814,-2.49299062399851,0.246879861616891,4.30952020862332e-25,1.66142777842951e-23,"ENSG00000204252.16","HLA-DOA","3111","major histocompatibility complex, class II, DO alpha"
364.902540442505,-1.0147220457057,0.250968463221839,1.10001810048639e-05,5.44221338710319e-05,"ENSG00000223865.14","HLA-DPB1","3115","major histocompatibility complex, class II, DP beta 1"
911.931923318296,-1.09710670487429,0.151297215585619,5.44269265453526e-14,8.26100033716419e-13,"ENSG00000227057.11","WDR46","9277","WD repeat domain 46"
1882.49910107372,-1.11154307564675,0.303697649117249,1.9972063479833e-05,9.35000579606877e-05,"ENSG00000030110.16","BAK1","578","BCL2 antagonist/killer 1"
67762.9657500088,-1.01055559495695,0.432427178002644,0.00135769588937324,0.00396760058935469,"ENSG00000137309.23","HMGA1","3159","high mobility group AT-hook 1"
78.4811640009342,-2.47195556351467,0.558824727586654,1.51724673240337e-07,1.05280820336222e-06,"ENSG00000295821.1",NA,NA,NA
803.195207364647,-1.31081024553563,0.0820729177593214,3.27514666916608e-58,6.5592255565208e-56,"ENSG00000124664.13","SPDEF","25803","SAM pointed domain containing ETS transcription factor"
1434.51251671224,1.07238095156432,0.0600678241670001,5.29116272275797e-72,1.85443228062842e-69,"ENSG00000112079.12","STK38","11329","serine/threonine kinase 38"
1868.21525399973,-1.0430820070202,0.236549840308658,1.2767163264053e-06,7.55786659097739e-06,"ENSG00000124762.17","CDKN1A","1026","cyclin dependent kinase inhibitor 1A"
74.1275915235912,-1.99245411212321,0.516358272129282,1.76370886338199e-06,1.01485650679901e-05,"ENSG00000124772.13","CPNE5","57699","copine 5"
162.700599133358,-2.37072806232424,1.19765432563552,4.91288337400542e-05,0.000210624338366799,"ENSG00000124615.23","MOCS1","4337","molybdenum cofactor synthesis 1"
667.170642134861,-1.76121622452745,0.100639103661647,1.44326835802587e-69,4.54217170390141e-67,"ENSG00000112559.17","MDFI","4188","MyoD family inhibitor"
70.9876470141604,1.39411262751605,0.382642170806878,1.19807497589003e-05,5.87270000101723e-05,"ENSG00000164663.17","USP49","25862","ubiquitin specific peptidase 49"
547.972046512613,-1.19108498520917,0.148823634979427,1.63406864935482e-16,3.15776599520058e-15,"ENSG00000112578.13","BYSL","705","bystin like"
18.6376878916698,-1.31575532300418,0.491843521867508,0.000560624244089215,0.00184493949383265,"ENSG00000221821.4","PEX39","441150","peroxisomal biogenesis factor 39"
895.668625125441,-1.44229373714434,0.111857782802736,5.11242721898253e-39,4.40439889072233e-37,"ENSG00000112655.18","PTK7","5754","protein tyrosine kinase 7 (inactive)"
686.473179351828,1.02963762047399,0.130432842068982,5.34513090374926e-16,9.87152858284041e-15,"ENSG00000171467.18","ZNF318","24149","zinc finger protein 318"
1548.81759166319,-1.14522731189936,0.126489676061048,1.82423560368766e-20,4.85026504214955e-19,"ENSG00000112759.21","SLC29A1","2030","solute carrier family 29 member 1 (Augustine blood group)"
200.73953969067,1.08972764379871,0.168258171226821,1.97118946185795e-11,2.3027424097509e-10,"ENSG00000124813.25","RUNX2","860","RUNX family transcription factor 2"
135.745586636697,1.00566774443729,0.222657627053641,1.44114778031445e-06,8.42773603345816e-06,"ENSG00000112782.20","CLIC5","53405","chloride intracellular channel 5"
84.1735064931265,1.60966495854346,0.293044153710461,4.36690414829867e-09,3.87914912850886e-08,"ENSG00000112796.12","ENPP5","59084","ectonucleotide pyrophosphatase/phosphodiesterase family member 5"
40.7283092481052,1.8012446680703,0.266239990056496,1.21618842927841e-12,1.60948011233411e-11,"ENSG00000170927.16","PKHD1","5314","PKHD1 ciliary IPT domain containing fibrocystin/polyductin"
30.9234040075856,1.08904434731725,0.370320057438505,0.00041484353097631,0.00141533232105878,"ENSG00000291006.1","LOC730101","730101","uncharacterized LOC730101"
491.822428619697,1.10861021842451,0.0793217954496472,4.46234789072984e-45,5.37608334554257e-43,"ENSG00000137269.17","LRRC1","55227","leucine rich repeat containing 1"
13.7290275750265,-1.06854446931285,0.536629572465649,0.00763998298699537,0.0174645979309896,"ENSG00000137251.16","TINAG","27283","tubulointerstitial nephritis antigen"
6222.46180730377,1.02982548417657,0.644326053748278,0.00385489828090114,0.00973573311329455,"ENSG00000151914.23","DST","667","dystonin"
608.194291099862,1.06571824688537,0.524004335407327,0.0020986117320962,0.00576977919783482,"ENSG00000112200.19","ZNF451","26036","zinc finger protein 451"
1588.81662933921,1.50473723845511,0.485250474887,3.19342567538465e-05,0.000143323100524176,"ENSG00000118482.14","PHF3","23469","PHD finger protein 3"
328.634028280315,1.08228891352002,0.107969373723112,2.36571035394083e-24,8.66546778340179e-23,"ENSG00000168216.15","LMBRD1","55788","LMBR1 domain containing 1"
331.415885850563,1.28777937372468,0.35292673523192,1.26898930466179e-05,6.1914366589463e-05,"ENSG00000082269.19","FAM135A","57579","family with sequence similarity 135 member A"
148.662443534596,1.86161698070658,1.25474010451846,0.00011396579205637,0.000446624264117226,"ENSG00000233237.10","LINC00472","79940","long intergenic non-protein coding RNA 472"
354.596353569472,1.06514158750645,0.285170432478029,2.11348208726993e-05,9.84950355629784e-05,"ENSG00000119900.10","OGFRL1","79627","opioid growth factor receptor like 1"
43.6872321192713,1.26998676803974,0.261788513985073,2.80799680029262e-07,1.85846002821083e-06,"ENSG00000080007.10","DDX43","55510","DEAD-box helicase 43"
3110.70046360945,1.11211518847351,0.203564413422373,6.02277401909302e-09,5.23251820554555e-08,"ENSG00000156535.16","CD109","135228","CD109 molecule"
1219.8669891976,1.337152882757,0.15770999036584,1.87037419898704e-18,4.28117420185608e-17,"ENSG00000196586.19","MYO6","4646","myosin VI"
1075.85018371992,1.09782424446114,0.852847923825526,0.00272346145447867,0.00724611785533396,"ENSG00000146247.17","PHIP","55023","PHIP subunit of CUL4-Ring ligase complex"
178.278343886225,1.54912834776262,0.188362801785596,1.54698587051286e-17,3.22379312286201e-16,"ENSG00000135338.16","LCA5","167691","lebercilin LCA5"
452.243740264892,1.48511175955253,0.0924128418758606,7.10641419749566e-59,1.48091909918352e-56,"ENSG00000198478.11","SH3BGRL2","83699","SH3 domain binding glutamate rich protein like 2"
11.1039188533834,1.53524292264145,0.790177674939852,0.00224395591394308,0.0061159498319046,"ENSG00000233967.8",NA,NA,NA
36.8954464860851,1.10532481252435,0.309105018881884,5.42941704446377e-05,0.000230716561704811,"ENSG00000013392.10","RWDD2A","112611","RWD domain containing 2A"
410.84754586451,1.07062436739388,0.121625526459134,2.45499585914813e-19,6.00928430855925e-18,"ENSG00000065833.11","ME1","4199","malic enzyme 1"
71.4972805514039,1.47857219170002,0.635601161167957,0.000410959220829033,0.0014033796123832,"ENSG00000135315.14","CEP162","22832","centrosomal protein 162"
113.803265669064,1.25759451428076,0.426211450162289,0.000155207260750993,0.000590975597047176,"ENSG00000135317.16","SNX14","57231","sorting nexin 14"
559.836597359695,1.67082769793702,0.796842074347726,0.000171909681244093,0.000648329467954306,"ENSG00000188994.16","ZNF292","23036","zinc finger protein 292"
9.39501424449145,1.54304907604449,0.586377443552414,0.000584035877549847,0.00191178460362899,"ENSG00000203872.7","C6orf163","206412","chromosome 6 open reading frame 163"
71.3677772892207,1.0654661730241,0.264429522812703,9.95109728709608e-06,4.97748528265678e-05,"ENSG00000135299.20","ANKRD6","22881","ankyrin repeat domain 6"
20.0352169973956,1.32120019245317,0.382793276154702,0.000106685848215189,0.000422388309454797,"ENSG00000220908.3",NA,NA,NA
177.297054303892,1.52321587296417,0.721914994410284,0.000377047970362621,0.00129961036007197,"ENSG00000135333.17","EPHA7","2045","EPH receptor A7"
28.012172738468,1.01420329396046,0.283666421726386,7.17611711722236e-05,0.000295416182767448,"ENSG00000112218.11","GPR63","81491","G protein-coupled receptor 63"
213.131000606458,1.10693169350119,0.259515932254187,2.13916137109297e-06,1.21012500013297e-05,"ENSG00000112234.11","FBXL4","26235","F-box and leucine rich repeat protein 4"
1016.31835682153,1.08921682732189,0.347179938151826,0.00012931154827748,0.000501789981375697,"ENSG00000132424.19","PNISR","25957","PNN interacting serine and arginine rich protein"
147.233569783155,1.3425934427423,0.204686500307192,4.46633213441539e-12,5.5814674104392e-11,"ENSG00000085382.14","HACE1","57531","HECT domain and ankyrin repeat containing E3 ubiquitin protein ligase 1"
104.846754573718,1.70319390694851,0.2307781914848,8.41651005050632e-15,1.38665599881259e-13,"ENSG00000057657.19","PRDM1","639","PR/SET domain 1"
219.598621065266,1.40888745313886,0.176597629390376,1.17994820107344e-16,2.31795938965013e-15,"ENSG00000155111.17","CDK19","23097","cyclin dependent kinase 19"
15.0190773539304,-1.27259138868441,0.31575183309984,8.31574402957738e-06,4.23364439353294e-05,"ENSG00000112769.22","LAMA4","3910","laminin subunit alpha 4"
31.1219635918694,1.12820467400238,0.371348804400324,0.00052007485488678,0.00172920964579755,"ENSG00000230943.5","LINC02541","101927686","long intergenic non-protein coding RNA 2541"
577.730940007789,1.5631570720651,0.227638088794269,3.19215961627126e-13,4.48735582885316e-12,"ENSG00000111816.10","FRK","2444","fyn related Src family tyrosine kinase"
694.483829735573,1.05861064598663,0.378220881984071,0.000479956123508058,0.00161075155182106,"ENSG00000111817.21","DSE","29940","dermatan sulfate epimerase"
59.3076566398994,1.75461648724855,0.534752460435313,2.41090753939277e-05,0.000111146801689016,"ENSG00000196911.14","KPNA5","3841","karyopherin subunit alpha 5"
18.7919634188038,2.17676649631315,0.38912109433536,2.49899056966318e-09,2.30346285563514e-08,"ENSG00000111879.21","FAM184A","79632","family with sequence similarity 184 member A"
118.008454981287,1.63502375620089,0.455886048050541,9.5423510802932e-06,4.79324416968083e-05,"ENSG00000111885.9","MAN1A1","4121","mannosidase alpha class 1A member 1"
79.8124735119221,1.06521022520411,0.37423301896619,0.000514661247799046,0.00171379639436603,"ENSG00000146350.16","TBC1D32","221322","TBC1 domain family member 32"
387.4125369012,1.34840286672511,0.295900467904683,2.71215548073185e-07,1.79966220603984e-06,"ENSG00000146373.18","RNF217","154214","ring finger protein 217"
903.581171551859,1.17006582289545,0.236622391702394,6.27988792019148e-08,4.60276386013654e-07,"ENSG00000146376.13","ARHGAP18","93663","Rho GTPase activating protein 18"
587.831393050463,-1.25761124770261,0.175117666947698,1.10910393225896e-13,1.63826549227638e-12,"ENSG00000118523.8","CCN2","1490","cellular communication network factor 2"
323.971535689303,1.46200969188731,0.321786482181872,2.72454871738629e-07,1.80555503957087e-06,"ENSG00000112299.10","VNN1","8876","vanin 1"
241.635954455845,1.36135041828505,0.636354931737977,0.000967532710483288,0.00295862025150958,"ENSG00000112303.15","VNN2","8875","vanin 2"
84.1490312646939,1.61617253733474,0.182106633648086,8.19443727010235e-20,2.10260261467967e-18,"ENSG00000146411.8","SLC2A12","154091","solute carrier family 2 member 12"
238.727045127524,1.11648986708225,0.424005259201359,0.000519650308343516,0.00172817067176307,"ENSG00000135541.24","AHI1","54806","Abelson helper integration site 1"
804.429620023315,1.02287956693486,0.0876609018854667,4.91731119294746e-32,2.8723430267592e-30,"ENSG00000197442.13","MAP3K5","4217","mitogen-activated protein kinase kinase kinase 5"
335.624609397018,1.77192526781463,0.163363376261624,1.03358293451383e-28,5.14157497843154e-27,"ENSG00000112379.11","ARFGEF3","57221","ARFGEF family member 3"
2008.78888802261,1.22925531249209,0.244053702953193,3.4553565033129e-08,2.6589347623547e-07,"ENSG00000112414.17","ADGRG6","57211","adhesion G protein-coupled receptor G6"
191.737298349898,1.7888616553963,0.167873754620461,1.40827756436557e-27,6.40620894397685e-26,"ENSG00000118495.23","PLAGL1","5325","PLAG1 like zinc finger 1"
1019.61995638639,-1.18358174385856,0.312665826932391,1.02804506239874e-05,5.11429747044817e-05,"ENSG00000169976.7","SF3B5","83443","splicing factor 3b subunit 5"
1125.6666028287,-3.25024453069048,0.960174216943783,2.23956610962349e-08,1.78022417404659e-07,"ENSG00000289850.3",NA,NA,NA
262.497024746575,1.25829031344172,0.331313349306605,1.12367556568675e-05,5.54857537574622e-05,"ENSG00000111962.10","UST","10090","uronyl 2-sulfotransferase"
1832.00689950582,1.01565053121545,0.260400961505792,1.13286960045641e-05,5.58681871078933e-05,"ENSG00000055208.22","TAB2","23118","TGF-beta activated kinase 1 (MAP3K7) binding protein 2"
49.0016313386921,-1.16492549373607,0.331084820981361,4.83174504295399e-05,0.000207434132258891,"ENSG00000273132.2","LRP11-AS1","124901427","LRP11 antisense RNA 1"
16.0208806294302,-1.00273184965484,0.34401518940082,0.000629227116603608,0.00203979637694855,"ENSG00000155918.9","RAET1L","154064","retinoic acid early transcript 1L"
33.4232538690614,1.55711264857945,0.269026911566444,9.18538511083105e-10,8.91988814824468e-09,"ENSG00000091844.10","RGS17","26575","regulator of G protein signaling 17"
16.8138220087883,1.10118375615058,0.381811016003309,0.000714345239516343,0.00227648645145309,"ENSG00000074706.16","IPCEF1","26034","interaction protein for cytohesin exchange factors 1"
193.242230667266,-1.21784851340405,0.124046917562676,1.30654501732783e-23,4.45757316641868e-22,"ENSG00000175048.19","ZDHHC14","79683","zDHHC palmitoyltransferase 14"
92.6155356426549,1.08432364533713,0.166001752947782,1.36450743901981e-11,1.61613434847347e-10,"ENSG00000122335.19","SERAC1","84947","serine active site containing 1"
3947.07749983474,1.14263255110566,0.102807638615446,1.15115572864771e-29,5.95703774881757e-28,"ENSG00000291237.3","SOD2","6648","superoxide dismutase 2"
163.022139558867,-1.41702037830531,0.391920526371421,1.01756100379182e-05,5.07168979944203e-05,"ENSG00000146477.8","SLC22A3","6581","solute carrier family 22 member 3"
103.446892396495,1.05686454857093,0.211166510143767,1.72153285917275e-07,1.18200170174991e-06,"ENSG00000280707.4","LOC102725048","102725048","uncharacterized LOC102725048"
32.2431136515413,-1.52593812188082,0.273993032647785,3.65829264297753e-09,3.28182262055594e-08,"ENSG00000164488.13","DACT2","168002","dishevelled binding antagonist of beta catenin 2"
269.367728728393,1.59657474140077,0.364143033638062,3.50232974010852e-07,2.2856295777492e-06,"ENSG00000184465.19","WDR27","253769","WD repeat domain 27"
535.368848356458,-1.10813779538784,0.201496938725791,4.95513868870783e-09,4.36397451276776e-08,"ENSG00000188191.18","PRKAR1B","5575","protein kinase cAMP-dependent type I regulatory subunit beta"
359.618454734736,-1.11140166702948,0.286142058316116,9.14191764529553e-06,4.6176715364593e-05,"ENSG00000106268.18","NUDT1","4521","nudix hydrolase 1"
45.2241258715941,-1.06553668043062,0.375119795693139,0.000793909466702951,0.00249650854119621,"ENSG00000157927.19","RADIL","55698","Rap associating with DIL domain"
384.447969463224,1.3246594967184,0.531037691787192,0.000328149204554531,0.00115192098416468,"ENSG00000146587.20","RBAK","57786","RB associated KRAB zinc finger"
1034.10775490183,-1.24384091920986,0.128798305590286,4.72938560095412e-23,1.53540748110134e-21,"ENSG00000155034.23","FBXL18","80028","F-box and leucine rich repeat protein 18"
5647.24083450088,-1.79576381543994,0.363389830368433,1.01618874498667e-08,8.54451834047948e-08,"ENSG00000075618.20","FSCN1","6624","fascin actin-bundling protein 1"
726.453796851597,-1.28663356978992,0.0800760936599404,6.78256599362277e-59,1.43279383818708e-56,"ENSG00000106305.12","AIMP2","7965","aminoacyl tRNA synthetase complex interacting multifunctional protein 2"
18.5887925846702,-1.5185103596348,0.460791312844355,9.22309445607356e-05,0.000371065326394757,"ENSG00000236609.6","ZNF853","54753","zinc finger protein 853"
122.337323249117,1.42681748944884,0.206259125610829,6.35683101128559e-13,8.63618697837078e-12,"ENSG00000106415.15","GLCCI1","113263","glucocorticoid induced 1"
901.174536633432,1.04827656323519,0.303118770876358,5.88189469759862e-05,0.000247506717504566,"ENSG00000106460.22","TMEM106B","54664","transmembrane protein 106B"
30.5350586410285,1.40075613612129,0.395544588827931,3.05002279854635e-05,0.000137447111561611,"ENSG00000006747.17","SCIN","85477","scinderin"
246.562277853629,1.04195635767442,0.121366134558193,2.15536888116173e-18,4.90959283846308e-17,"ENSG00000006468.17","ETV1","2115","ETS variant transcription factor 1"
30.5146770699361,1.14192195996143,0.273918852266825,5.79930401805821e-06,3.04083873724841e-05,"ENSG00000214960.13","CRPPA","729920","CDP-L-ribitol pyrophosphorylase A"
424.109805122708,1.23776633055108,0.107812840427825,2.64749094102113e-31,1.49003495625865e-29,"ENSG00000106524.11","ANKMY2","57037","ankyrin repeat and MYND domain containing 2"
32.1553024186029,1.21447858676882,0.347100251104356,5.98079120220215e-05,0.000251102045001795,"ENSG00000289189.3","LOC105375170","105375170","uncharacterized LOC105375170"
110.959364876369,1.38080673527553,0.618971053940876,0.00141371368920901,0.00411170850140487,"ENSG00000236039.4","LINC02889","101927630","long intergenic non-protein coding RNA 2889"
699.637637902748,1.27076735982036,0.393544470903205,5.59267590691882e-05,0.000236805752774836,"ENSG00000071189.23","SNX13","23161","sorting nexin 13"
17.6637451480084,1.29656097639812,0.494600036399018,0.000651181869228221,0.00210213012463228,"ENSG00000243004.8","MACC1-OT1","101927668","MACC1 3' UTR overlapping transcript 1"
2501.2660354196,1.7080946493842,0.234847718446897,8.99074230459506e-15,1.47653074631694e-13,"ENSG00000183742.15","MACC1","346389","MET transcriptional regulator MACC1"
24.5730340714505,1.1410963840886,0.39366042993541,0.000416769374988089,0.00142064556403433,"ENSG00000271133.8","ITGB8-AS1","101927811","ITGB8 antisense RNA 1"
13.6934531517868,2.65136492105849,0.998319818570527,9.58181113460143e-05,0.000383502929597087,"ENSG00000302794.1",NA,NA,NA
2026.70048860836,2.71330621182598,0.164713171148627,5.05930595981831e-63,1.25837995494126e-60,"ENSG00000105855.12","ITGB8","3696","integrin subunit beta 8"
227.285803839773,1.41318201331863,0.239381418959901,2.34564409739371e-10,2.43419768680407e-09,"ENSG00000105866.17","SP4","6671","Sp4 transcription factor"
602.649745932899,1.07377719387677,0.165000572006606,1.16569274472731e-11,1.39026665247022e-10,"ENSG00000136237.21","RAPGEF5","9771","Rap guanine nucleotide exchange factor 5"
61.8883631120764,1.59021820323136,0.513867565249092,7.76165097933311e-05,0.000317823738057079,"ENSG00000232759.2","STEAP1B-AS1","100506178","STEAP1B antisense RNA 1"
561.353560075132,1.06891146433307,0.500706270693449,0.00180932579234041,0.00507394308850364,"ENSG00000122591.15","HYCC1","84668","hyccin PI4KA lipid kinase complex subunit 1"
8.5600348421244,1.31068970650364,0.556800662502063,0.00209239604032475,0.00575533342827616,"ENSG00000298035.1",NA,NA,NA
1979.52651012739,1.03137688950744,0.0920662732187589,7.17614383243115e-30,3.77690491603825e-28,"ENSG00000070882.15","OSBPL3","26031","oxysterol binding protein like 3"
1736.90941499173,1.25139058507802,0.10664201151962,9.62352089201225e-33,5.93617262702884e-31,"ENSG00000005020.15","SKAP2","8935","src kinase associated phosphoprotein 2"
42.0556471084047,1.03961715798231,0.196487975121047,2.70267907718468e-08,2.11886192421276e-07,"ENSG00000105991.11","HOXA1","3198","homeobox A1"
30.9443576671421,1.33646668637429,0.437746904661086,0.000157711695008097,0.00059947548649738,"ENSG00000254369.7","HOXA-AS3","100133311","HOXA cluster antisense RNA 3"
124.760278764418,1.00607500028544,0.336074811232888,0.000406417172366465,0.00138935030260768,"ENSG00000106004.6","HOXA5","3202","homeobox A5"
220.99056736486,-1.25179675490959,1.19785947218294,0.00110133391619916,0.00330100492161463,"ENSG00000106066.17","CPVL","54504","carboxypeptidase vitellogenic like"
38.5829457111423,1.24087937596681,0.554605948141104,0.00113144584170998,0.00338271157910229,"ENSG00000235859.5",NA,NA,NA
26.1192609033803,1.29314465051223,0.444010768955232,0.000274412652578748,0.000982977355497531,"ENSG00000281404.2","LINC01176","100506516","long intergenic non-protein coding RNA 1176"
175.799215160713,1.43887996842445,0.33391575532446,8.02596486988953e-07,4.90949640057781e-06,"ENSG00000196295.14",NA,NA,NA
60.4424185128246,1.0474713258208,0.297728460700037,6.56967965141502e-05,0.000273075552303156,"ENSG00000281332.1",NA,NA,NA
117.989667235607,1.97814338593479,0.147502428415292,5.72678168193929e-42,5.84852319981363e-40,"ENSG00000164542.15","MATCAP2","23366","microtubule associated tyrosine carboxypeptidase 2"
172.327284368732,1.49904019415544,0.492600551361126,5.42555028034413e-05,0.000230615796232599,"ENSG00000187037.11","GPR141","353345","G protein-coupled receptor 141"
8.72397194034232,1.81355095912743,0.544461361760453,6.5640338677963e-05,0.00027298804281361,"ENSG00000086288.12","NME8","51314","NME/NM23 family member 8"
1499.203067129,-1.18065630527379,0.191087880925709,7.2108845259521e-11,7.90009015612654e-10,"ENSG00000136271.13","DDX56","54606","DEAD-box helicase 56"
26.2402460069682,-1.02993274056856,0.257500739982593,1.35270982605657e-05,6.55566883331814e-05,"ENSG00000297670.1","LOC105375259","105375259","uncharacterized LOC105375259"
1914.72063301699,-1.16055481062615,0.369513098960591,9.50392368331748e-05,0.000381170369624028,"ENSG00000136270.16","TBRG4","9238","transforming growth factor beta regulator 4"
20.0682330956038,-1.06239159516748,0.576238664231125,0.00689960960002143,0.0160286027748956,"ENSG00000146678.11","IGFBP1","3484","insulin like growth factor binding protein 1"
49.882562145357,-1.09675796078751,0.250758737422051,1.91177897419575e-06,1.08989070466072e-05,"ENSG00000233539.5","LOC730338","730338","uncharacterized LOC730338"
1026.46591040552,-1.51930874783784,0.116062880945178,2.91139871183829e-40,2.73760241068648e-38,"ENSG00000183696.16","UPP1","7378","uridine phosphorylase 1"
23.047310694311,1.00676730234646,0.286868941713565,0.000104188438399224,0.000413881996021235,"ENSG00000290114.2",NA,NA,NA
764.600818918553,1.23897233798616,0.0936538275495725,9.4194983362802e-41,9.13572854363377e-39,"ENSG00000146729.12","NIPSNAP2","2631","nipsnap homolog 2"
40.413324940668,1.42444973265044,0.68623855524477,0.000955514212431487,0.00292709270359673,"ENSG00000152926.19","ZNF117","51351","zinc finger protein 117"
58.9135027191364,1.28534172934333,0.337829998229506,1.14655160494056e-05,5.64346386842912e-05,"ENSG00000213462.6","ERV3-1","2086","endogenous retrovirus group 3 member 1, envelope"
19.9691671348077,1.05729946820771,0.628741753342038,0.00644722453680756,0.015144348755843,"ENSG00000291124.2","CCT6P1","643253","chaperonin containing TCP1 subunit 6 pseudogene 1"
12.6185836464284,1.34512257619248,0.423241513103614,0.00021005924466469,0.000775885895083639,"ENSG00000289042.1",NA,NA,NA
69.3533904734314,1.10620347248406,0.247770492809696,1.15237122192149e-06,6.8480603519273e-06,"ENSG00000290831.2","NSUN5P2","260294","NSUN5 pseudogene 2"
23.9272238315303,-2.1539830352251,0.415024858456684,1.87264659035341e-08,1.5074345654842e-07,"ENSG00000188763.5","FZD9","8326","frizzled class receptor 9"
285.887148248123,-1.0763203907123,0.293871257659938,2.39953622032878e-05,0.000110721867306075,"ENSG00000176410.8","DNAJC30","84277","DnaJ heat shock protein family (Hsp40) member C30"
418.805870811047,-1.12559678906982,0.221183513398711,3.93431739541821e-08,2.99610412616021e-07,"ENSG00000106089.14","STX1A","6804","syntaxin 1A"
77.3975285797518,1.64993208494804,0.411781695261072,1.54174120402254e-06,8.93804176963596e-06,"ENSG00000291151.2","NSUN5P1","155400","NSUN5 pseudogene 1"
210.263769969109,-1.24241614795643,0.389872576596178,7.4959235709442e-05,0.000307432546243432,"ENSG00000188372.16","ZP3","7784","zona pellucida glycoprotein 3"
86.1125344783983,1.96554517227863,0.596072696163275,1.2953558176275e-05,6.31143193163782e-05,"ENSG00000135205.17","CCDC146","57639","coiled-coil domain containing 146"
144.641654573144,1.13882919351681,0.24949404771372,5.46245723874089e-07,3.44525779462672e-06,"ENSG00000186088.18","GSAP","54103","gamma-secretase activating protein"
15.5237360324079,1.32374698860851,0.393420407362115,9.91155297447287e-05,0.000395257456476199,"ENSG00000187391.24","MAGI2","9863","membrane associated guanylate kinase, WW and PDZ domain containing 2"
317.287279897921,1.01275320661372,0.122226532801379,2.9346848284022e-17,5.97830577791153e-16,"ENSG00000164659.17","ELAPOR2","222223","endosome-lysosome associated apoptosis and autophagy regulator family member 2"
749.978861068904,1.21516214217406,0.362674623146575,4.4766733412555e-05,0.000193537369205217,"ENSG00000135164.21","DMTF1","9988","cyclin D binding myb like transcription factor 1"
41.1521685741346,2.16934281567323,0.302140838043475,6.77635252877416e-14,1.02048957369362e-12,"ENSG00000008277.17","ADAM22","53616","ADAM metallopeptidase domain 22"
83.3154103410467,1.55545787729282,0.225402620560775,6.70391469616022e-13,9.08445241911131e-12,"ENSG00000127954.15","STEAP4","79689","STEAP4 metalloreductase"
725.931789547422,1.30269206408617,0.22397989168175,4.55196992175142e-10,4.60603203171448e-09,"ENSG00000157214.16","STEAP2","261729","STEAP2 metalloreductase"
34.4849707734369,1.10722607805845,0.471707607102649,0.00148400662243703,0.00428234770295684,"ENSG00000105792.21","CFAP69","79846","cilia and flagella associated protein 69"
1192.94247899242,1.76928303188386,0.798323231031658,9.64845248719384e-05,0.000385762991457133,"ENSG00000127914.21","AKAP9","10142","A-kinase anchoring protein 9"
1308.3039561889,1.12759181907322,0.324517667568532,3.66839265134858e-05,0.000162278494195199,"ENSG00000001629.12","ANKIB1","54467","ankyrin repeat and IBR domain containing 1"
18.9240950290525,1.63244162460343,0.469193825617133,2.83909338873184e-05,0.00012873172345673,"ENSG00000244055.3",NA,NA,NA
117.095021047571,-1.42861740350571,0.803014193271243,0.00102376923425466,0.00310167885293538,"ENSG00000127920.7","GNG11","2791","G protein subunit gamma 11"
5089.52859300255,1.09919091325908,0.0828239617306079,8.04975126313176e-41,7.90670154323279e-39,"ENSG00000242265.6","PEG10","23089","paternally expressed 10"
238.857306757421,3.07324723241863,0.264481009765163,5.70095377882896e-33,3.5592877823207e-31,"ENSG00000158528.14","PPP1R9A","55607","protein phosphatase 1 regulatory subunit 9A"
106.970282219734,1.17845433553232,0.144837055685103,7.38577424418733e-17,1.47725064357474e-15,"ENSG00000105852.13","PON3","5446","paraoxonase 3"
52.7220233178988,2.49629924467998,0.566455548709892,5.93957390627077e-08,4.37412460404019e-07,"ENSG00000004799.10","PDK4","5166","pyruvate dehydrogenase kinase 4"
100.029052647833,-1.03019874356246,0.276295751651852,3.18615422457351e-05,0.000143080035809983,"ENSG00000180535.6","BHLHA15","168620","basic helix-loop-helix family member a15"
76.8688334690978,-1.10998384863885,0.182197562148045,2.13256030337257e-10,2.22354377540963e-09,"ENSG00000130429.18","ARPC1B","10095","actin related protein 2/3 complex subunit 1B"
165.709664055921,-1.85758130064031,0.48168063550658,4.42531294771725e-06,2.36789559218417e-05,"ENSG00000160862.15","AZGP1","563","alpha-2-glycoprotein 1, zinc-binding"
1520.9752533733,1.18585006308732,0.269344822999641,8.48476569483555e-07,5.16351901263059e-06,"ENSG00000106261.19","ZKSCAN1","7586","zinc finger with KRAB and SCAN domains 1"
20.0568504009994,-1.25190034109882,0.45390717564266,0.000543453744046665,0.00179609948284261,"ENSG00000214309.7","MBLAC1","255374","metallo-beta-lactamase domain containing 1"
118.770616625972,1.91324970225129,0.408564604141992,4.34954065842416e-08,3.29118088780957e-07,"ENSG00000291122.2","CASTOR3P","352954","CASTOR family member 3, pseudogene"
187.130375973639,1.08156001253499,0.122593673732398,2.00394646243536e-19,4.93655884939547e-18,"ENSG00000272752.7","STAG3L5P","101735302","STAG3 cohesin complex component like 5, pseudogene"
222.603235950365,-1.21150588234173,0.12093930809432,2.21687112638279e-24,8.17855733013135e-23,"ENSG00000146834.17","MEPCE","56257","methylphosphate capping enzyme"
49.9802118488892,-1.66931424219968,0.28679725393658,6.0474190432572e-10,6.02437009470732e-09,"ENSG00000106327.15","TFR2","7036","transferrin receptor 2"
773.132194745331,-1.05542868889258,0.219643609255893,1.91295204314205e-07,1.30183731056017e-06,"ENSG00000172336.7","POP7","10248","POP7 ribonuclease P/MRP subunit"
1327.05617018626,-1.05029003688592,0.205870493551634,3.4473766588734e-08,2.65411859493194e-07,"ENSG00000106367.17","AP1S1","1174","adaptor related protein complex 1 subunit sigma 1"
25.3895410336911,1.2089420188822,0.518125328265307,0.00142797484978817,0.00414236270853712,"ENSG00000285437.4","POLR2J3","548644","RNA polymerase II subunit J3"
1825.87414924582,1.25998205086977,0.348868895892794,1.33590208378176e-05,6.48644396536477e-05,"ENSG00000005483.24","KMT2E","55904","lysine methyltransferase 2E (inactive)"
64.429048975869,2.36974803657323,0.290056594992366,1.04887505951726e-17,2.22485588621949e-16,"ENSG00000005249.16","PRKAR2B","5577","protein kinase cAMP-dependent type II regulatory subunit beta"
91.5638561400657,4.91049008667269,0.416392868471494,2.80144565887548e-33,1.78516915312061e-31,"ENSG00000091129.24","NRCAM","4897","neuronal cell adhesion molecule"
405.816799714562,1.17552850732374,0.392370960917866,0.000149552936077194,0.000571846225451627,"ENSG00000135241.19","PNPLA8","50640","patatin like domain 8, phospholipase A2"
139.403150663164,1.02085771678916,0.290296952927292,5.67135302693354e-05,0.000239545152090776,"ENSG00000006652.16","IFRD1","3475","interferon related developmental regulator 1"
13.4693508620466,1.05447741569689,0.623301307528058,0.00736528202648869,0.0169093883732737,"ENSG00000181016.11","LSMEM1","286006","leucine rich single-pass membrane protein 1"
117.158928326512,1.45846403719791,0.221475080151808,4.5729199259105e-12,5.69620340690354e-11,"ENSG00000164603.14","SAMTOR","154743","S-adenosylmethionine sensor upstream of mTORC1"
33.7467285675886,1.1602717835796,0.203470572183669,2.39032570466681e-09,2.20990483762991e-08,"ENSG00000106034.20","CPED1","79974","cadherin like and PC-esterase domain containing 1"
159.411273667965,1.55101373814049,0.529071297135475,5.63784231490815e-05,0.000238390914006577,"ENSG00000170775.4","GPR37","2861","G protein-coupled receptor 37"
517.006052195939,1.05883243367925,0.416129686147892,0.000764971336540359,0.0024148665262618,"ENSG00000128513.18","POT1","25913","protection of telomeres 1"
2014.09382925099,-1.10025595126084,0.236303293862896,3.08656011736859e-07,2.02544015191238e-06,"ENSG00000106348.21","IMPDH1","3614","inosine monophosphate dehydrogenase 1"
22.2931970870887,1.1916039307494,0.672161016950222,0.00331350562780148,0.00855542153603824,"ENSG00000205085.13","GARIN1A","346653","golgi associated RAB2 interactor 1A"
62.6800482166505,1.2160399982885,0.256990696539414,2.94049854933925e-07,1.93783880894704e-06,"ENSG00000128596.19","CCDC136","64753","coiled-coil domain containing 136"
191.343904957811,-1.19528748146697,0.17772527830319,3.10360533849542e-12,3.94564698474344e-11,"ENSG00000128602.13","SMO","6608","smoothened, frizzled class receptor"
359.442778736031,-1.2540971693245,0.534244087225335,0.00057388251949157,0.0018841478247987,"ENSG00000128510.13","CPA4","51200","carboxypeptidase A4"
122.280992249009,1.44410118138527,0.245032388301802,4.7663972204559e-10,4.80723424046112e-09,"ENSG00000105894.15","PTN","5764","pleiotrophin"
231.970960576167,1.45735747735067,0.741747632322856,0.000477343909298623,0.00160233357102614,"ENSG00000122778.12","KIAA1549","57670","KIAA1549"
494.053320740826,1.36607032631629,0.467960992859713,0.000111469353489672,0.000438065468951128,"ENSG00000157741.17","UBN2","254048","ubinuclein 2"
512.596072520236,-1.87697217875485,0.10306846992822,3.97088120630303e-75,1.57012715595895e-72,"ENSG00000059377.21","TBXAS1","6916","thromboxane A synthase 1"
251.177002339815,1.36126570766535,0.454505360462245,9.00834379195688e-05,0.000363278424727424,"ENSG00000006459.13","KDM7A","80853","lysine demethylase 7A"
11.6897292192575,-1.4532008127501,0.515148204372514,0.000461792693320991,0.00155622926654349,"ENSG00000240889.2","NDUFB2-AS1","100134713","NDUFB2 antisense RNA 1"
15.1824329610993,1.31762126597046,0.350276835567926,2.38144181749068e-05,0.000110018616739136,"ENSG00000244701.2",NA,NA,NA
920.592730824142,1.0258673437243,0.110910917377841,5.37408108900266e-21,1.49321990042361e-19,"ENSG00000257093.8","DENND11","57189","DENN domain containing 11"
11.9913950153331,2.80602184711799,0.706692329508118,2.13778996139542e-06,1.20979299063041e-05,"ENSG00000127364.4","TAS2R4","50832","taste 2 receptor member 4"
23.3816167315806,1.21143657905849,0.653810699104975,0.00563711660425791,0.0134796053890931,"ENSG00000204983.15","PRSS1","5644","serine protease 1"
207.558850638699,-3.92130217942117,0.528222500095437,1.31008708911971e-17,2.74495285343955e-16,"ENSG00000211772.11","TRBC2","28638","T cell receptor beta constant 2"
607.811588009359,-2.08140922210964,0.10264628194145,4.39578817047608e-92,4.23671558605697e-89,"ENSG00000106123.15","EPHB6","2051","EPH receptor B6"
115.181950080713,-1.48497454218042,0.400325067026157,6.86639660484043e-06,3.5532450350082e-05,"ENSG00000232533.4","FAM131B-AS2","100507507","FAM131B antisense RNA 2"
2818.99582838795,-1.36023645088694,0.271417404886994,2.76133530430315e-08,2.15935860687925e-07,"ENSG00000159840.18","ZYX","7791","zyxin"
69.4425196807293,1.31868706289806,0.404365499233501,5.66575392775426e-05,0.000239374222794242,"ENSG00000170379.22","TCAF2","285966","TRPM8 channel associated factor 2"
98.5012255018154,1.13753937934935,0.471403674015324,0.00166395502786594,0.00471948693851767,"ENSG00000174469.23","CNTNAP2","26047","contactin associated protein 2"
1249.40528846415,-1.17294422308943,0.229320431119054,2.71890195226201e-08,2.1294152872439e-07,"ENSG00000170265.14","ZNF282","8427","zinc finger protein 282"
467.020001725951,-1.27372773361319,0.0978348402605194,1.53562715235572e-39,1.38492926523341e-37,"ENSG00000196453.10","ZNF777","27153","zinc finger protein 777"
1236.70575973674,-1.8707056624513,0.125653959740138,2.75056718968905e-51,4.56091361636504e-49,"ENSG00000171130.21","ATP6V0E2","155066","ATPase H+ transporting V0 subunit e2"
52.835882540117,-2.88367780301251,1.00916834591457,1.31361110496827e-05,6.39028291789136e-05,"ENSG00000133561.17","GIMAP6","474344","GTPase, IMAP family member 6"
25.102516355939,-1.930382180798,0.352834748740174,5.6205357488475e-09,4.89685207813431e-08,"ENSG00000106565.21","TMEM176B","28959","transmembrane protein 176B"
892.456362955692,-1.1550831156571,0.237738508876505,1.08183304697735e-07,7.67738031175232e-07,"ENSG00000197150.15","ABCB8","11194","ATP binding cassette subfamily B member 8"
296.151297634038,-1.14649137236703,0.265058440665274,1.38302199058148e-06,8.12479318733603e-06,"ENSG00000164885.15","CDK5","1020","cyclin dependent kinase 5"
1226.07085476277,-1.13787367834706,0.206065519262891,3.24427101374388e-09,2.93947727984397e-08,"ENSG00000164896.23","FASTK","10922","Fas activated serine/threonine kinase"
405.000630596033,-1.24903720249734,0.115559136237632,4.2672554461986e-28,2.02477988417934e-26,"ENSG00000033050.11","ABCF2","10061","ATP binding cassette subfamily F member 2"
1139.13331279734,-1.09000794122431,0.0817963968803306,2.7682132686928e-41,2.79010567428181e-39,"ENSG00000033100.18","CHPF2","54480","chondroitin polymerizing factor 2"
117.543495910259,-1.37887382649798,0.282488891288898,1.37986209437993e-07,9.63279916588178e-07,"ENSG00000164690.8","SHH","6469","sonic hedgehog signaling molecule"
19.0039226054077,-1.21235732849367,0.412141480939097,0.00051388854041262,0.00171198396175984,"ENSG00000308671.1",NA,NA,NA
32.3058164975105,1.42725152326587,0.726817864390735,0.0009638445156534,0.00294851146119641,"ENSG00000224903.2","RNF32-AS1","101927858","RNF32 antisense RNA 1"
53.9024605230501,-1.66089453786609,0.307627227576364,5.98258080999558e-09,5.20052867367203e-08,"ENSG00000243479.4",NA,NA,NA
174.708418785962,1.35899049113259,0.169107366246704,1.53812478223109e-16,2.98733277919214e-15,"ENSG00000147364.19","FBXO25","26260","F-box protein 25"
9.56150864091201,-1.07982592847503,0.448083264025352,0.00281012204254309,0.00744841732864507,"ENSG00000275591.7","XKR5","389610","XK related 5"
281.337830360534,1.39521611565817,0.275995159695447,2.20360499018666e-08,1.75344646819755e-07,"ENSG00000173281.6","PPP1R3B","79660","protein phosphatase 1 regulatory subunit 3B"
11.8450712173288,1.08591308563813,0.33392841483934,0.000236261553761138,0.000862086976916946,"ENSG00000255310.2",NA,NA,NA
73.5267288702309,-1.33496897814424,0.575888943981707,0.000553234264299957,0.00182451359918085,"ENSG00000154319.18","FAM167A","83648","family with sequence similarity 167 member A"
216.759580216988,1.84860601927649,0.221904679107544,3.7391182912731e-18,8.27273216208357e-17,"ENSG00000104219.15","ZDHHC2","51201","zDHHC palmitoyltransferase 2"
980.423081264228,1.47659057740546,0.235608165319043,1.63971345553140e-11,1.93023062578243e-10,"ENSG00000129422.17","MTUS1","57509","microtubule associated scaffold protein 1"
11.6399287195488,1.81436779732906,0.47619705529917,1.09694243946334e-05,5.430481335141e-05,"ENSG00000253944.1","MTUS1-DT","101930275","MTUS1 divergent transcript"
384.245403237298,2.12101131389795,0.227554612314379,1.97034762948085e-22,6.12595378915811e-21,"ENSG00000156011.20","PSD3","23362","pleckstrin and Sec7 domain containing 3"
86.7266906107591,1.32131771084094,0.376541857973955,4.01687593014559e-05,0.000175429747150312,"ENSG00000147408.18","CSGALNACT1","55790","chondroitin sulfate N-acetylgalactosaminyltransferase 1"
202.830955349986,-1.15420584896388,0.261663472928817,1.17690663726212e-06,6.98578801124681e-06,"ENSG00000120913.26","PDLIM2","64236","PDZ and LIM domain 2"
1323.70183292112,1.40397698732279,0.110178596181605,4.13588868047219e-38,3.321851007373e-36,"ENSG00000104765.18","BNIP3L","665","BCL2 interacting protein 3 like"
146.243446489222,2.03381856179261,0.206750381604867,3.38667601571509e-24,1.22884543149041e-22,"ENSG00000104290.13","FZD3","7976","frizzled class receptor 3"
202.813753975224,1.21423269564593,0.343952802289411,2.67041175370877e-05,0.00012183556110634,"ENSG00000147421.20","HMBOX1","79618","homeobox containing 1"
45.1819058836314,1.12129145852418,0.418539151480245,0.000675647608344982,0.00216975463729446,"ENSG00000259366.3",NA,NA,NA
18.7439303674651,-1.03328404233646,0.363081588785672,0.000856371495130709,0.00266736110410233,"ENSG00000300341.1",NA,NA,NA
21.6025782240611,1.16324103544971,0.30720604634957,2.70353500994499e-05,0.000123310302834551,"ENSG00000279041.1",NA,NA,NA
621.312288094468,1.01135242301484,0.196197077494173,3.54737735580873e-08,2.72159732357843e-07,"ENSG00000156735.13","BAG4","9530","BAG cochaperone 4"
733.948507422478,1.11797987163764,0.061006229416355,1.07018601117465e-75,4.46036175089846e-73,"ENSG00000085788.16","DDHD2","23259","DDHD domain containing 2"
1570.3436380716,1.27002759713892,0.158491508729243,9.6202691227484e-17,1.91672054446903e-15,"ENSG00000147548.19","NSD3","54904","nuclear receptor binding SET domain protein 3"
331.98923828855,-1.34626146814185,0.162686903355825,1.03272705921477e-17,2.19664606622772e-16,"ENSG00000165046.15","LETM2","137994","leucine zipper and EF-hand containing transmembrane protein 2"
380.73576479921,-1.41590397747752,0.442190332383,5.92853127459556e-05,0.000249179288049981,"ENSG00000077782.25","FGFR1","2260","fibroblast growth factor receptor 1"
1640.88207270763,1.07978233977409,0.183763878071732,5.14776177123873e-10,5.16148467322968e-09,"ENSG00000147526.22","TACC1","6867","transforming acidic coiled-coil containing protein 1"
11870.1343202428,1.21510147981841,0.0512962822159036,4.6567193927565e-124,1.02587528222426e-120,"ENSG00000168615.15","ADAM9","8754","ADAM metallopeptidase domain 9"
24.1008007817532,1.68718432469092,0.478887997631439,1.98729902093041e-05,9.30927648899389e-05,"ENSG00000197140.17","ADAM32","203102","ADAM metallopeptidase domain 32"
194.03988340824,1.36509718909501,0.215635170507712,1.88717115679429e-11,2.20972410090545e-10,"ENSG00000131203.14","IDO1","3620","indoleamine 2,3-dioxygenase 1"
169.645495154135,1.94226856570639,0.220094350916158,1.06853527646268e-19,2.69246446051159e-18,"ENSG00000176907.5","TCIM","56892","transcriptional and immune response regulator"
619.407119310384,1.63456986530096,0.293132462905399,7.45459995124936e-10,7.33146593419748e-09,"ENSG00000168172.11","HOOK3","84376","hook microtubule tethering protein 3"
15.0498149177976,1.69747819066976,0.403080523232673,2.75107264749821e-06,1.52331387063088e-05,"ENSG00000034239.13","CLXN","79645","calaxin"
420.265643389546,1.65519775057847,0.16749493034367,3.57300058511511e-24,1.28436461592215e-22,"ENSG00000168300.16","PCMTD1","115294","protein-L-isoaspartate (D-aspartate) O-methyltransferase domain containing 1"
1059.28531413432,2.21178646304618,0.374500066004466,1.5893855254393e-11,1.87384665044338e-10,"ENSG00000023287.15","RB1CC1","9821","RB1 inducible coiled-coil 1"
47.6275464279763,1.08528055944837,0.517089510354824,0.00308060896675851,0.00805187641972594,"ENSG00000237807.5","LINC02984","100507516","long intergenic non-protein coding RNA 2984"
1592.99863492456,1.12889442353476,0.159052086117027,9.84595167683077e-14,1.45994635392699e-12,"ENSG00000187735.18","TCEA1","6917","transcription elongation factor A1"
28.5693486441725,-1.53829820886532,0.533982604503764,0.000139348913872367,0.000536018857776446,"ENSG00000104237.12","RP1","6101","RP1 axonemal microtubule associated"
182.378449455667,1.75450205853448,0.431073880180863,9.32917334373532e-07,5.63735039709022e-06,"ENSG00000181690.10","PLAG1","5324","PLAG1 zinc finger"
1975.13099671761,1.17934892015568,0.153988710101313,1.88760506798044e-15,3.31534826347681e-14,"ENSG00000104331.11","BPNT2","54928","3'(2'), 5'-bisphosphate nucleotidase 2"
477.513353647328,1.58790752476526,0.152692599677249,1.33829550758309e-26,5.70106492332563e-25,"ENSG00000215114.12","UBXN2B","137886","UBX domain protein 2B"
84.7346329512373,-2.57746439768914,0.911719770303421,1.04530223700602e-05,5.18815764302214e-05,"ENSG00000198846.8","TOX","9760","thymocyte selection associated high mobility group box"
13.9149675672169,-1.56882118371756,0.384645755394052,5.14558339481478e-06,2.72868093299308e-05,"ENSG00000167912.9","TOX-DT","100505501","TOX divergent transcript"
691.717624489906,1.03901818777469,0.113327100720372,8.72072147283548e-21,2.37182091415513e-19,"ENSG00000171316.16","CHD7","55636","chromodomain helicase DNA binding protein 7"
13669.3592152881,1.0328582385792,0.209376272076552,1.08502927574599e-07,7.69652091135184e-07,"ENSG00000198363.20","ASPH","444","aspartate beta-hydroxylase"
7.95012688653651,1.93110996350039,0.554818151316812,4.48859446808146e-05,0.000193998361245191,"ENSG00000147576.19","ADHFE1","137872","alcohol dehydrogenase iron containing 1"
497.413160192875,1.18991117156591,0.332324630564826,2.3062540606566e-05,0.000106768969887077,"ENSG00000175073.9","VCPIP1","80124","valosin containing protein interacting protein 1"
28.0812204781955,1.36523554978874,0.323109603097801,2.72417849878879e-06,1.51004876455147e-05,"ENSG00000288596.3","C8orf44","56260","chromosome 8 putative open reading frame 44"
22.9592347426421,1.59589759463679,0.372404026682872,1.51305400456777e-06,8.78465472436105e-06,"ENSG00000178460.20","MCMDC2","157777","minichromosome maintenance domain containing 2"
1230.20695286735,1.48165137270611,0.333415478840822,2.93805442020737e-07,1.93705588773056e-06,"ENSG00000066777.11","ARFGEF1","10565","ARF guanine nucleotide exchange factor 1"
493.321380444564,1.22606825198447,0.226685278241806,5.96051782060212e-09,5.18427215518924e-08,"ENSG00000140396.15","NCOA2","10499","nuclear receptor coactivator 2"
5805.36969365539,1.25820644616559,0.231638482975271,3.70759051624855e-09,3.32218206572161e-08,"ENSG00000067167.10","TRAM1","23471","translocation associated membrane protein 1"
152.680954808409,2.37893673590199,0.211950140511873,3.3050198548412e-30,1.79460250639106e-28,"ENSG00000104313.22","EYA1","2138","EYA transcriptional coactivator and phosphatase 1"
11.7546912064331,1.46293375864697,0.854961945700922,0.00226509550247124,0.00616484958411736,"ENSG00000253636.2",NA,NA,NA
480.487889004717,1.19019751644636,0.0798664421712909,5.15631633102008e-51,8.28287022298549e-49,"ENSG00000040341.20","STAU2","27067","staufen double-stranded RNA binding protein 2"
288.862659467555,1.51847038986136,0.252711022317332,7.88398519843508e-11,8.61650855741087e-10,"ENSG00000104343.23","UBE2W","55284","ubiquitin conjugating enzyme E2 W"
29.8761039888804,1.79364002611141,0.310056528689771,6.71920473469199e-10,6.646366658992e-09,"ENSG00000121005.11","CRISPLD1","83690","cysteine rich secretory protein LCCL domain containing 1"
99.5821104227249,1.18148315184832,0.25811185345364,5.2255517052396e-07,3.30801448466749e-06,"ENSG00000104427.15","ZC2HC1A","51101","zinc finger C2HC-type containing 1A"
15.0557769677261,2.16720788854915,0.415834019239513,1.75837894566596e-08,1.42490602843483e-07,"ENSG00000261618.2",NA,NA,NA
668.650245681106,1.1362127691673,0.0704546464017567,3.24769808416929e-59,6.95593779944092e-57,"ENSG00000076554.18","TPD52","7163","tumor protein D52"
204.149709061392,1.68502020708305,0.206913853946282,1.66525566214096e-17,3.45160047928438e-16,"ENSG00000205189.14","ZBTB10","65986","zinc finger and BTB domain containing 10"
73.8522472233836,1.16723623484781,0.201613318697405,1.37894933380072e-09,1.30779690507631e-08,"ENSG00000104497.17","SNX16","64089","sorting nexin 16"
143.25561258164,1.59666571060478,0.329612839701198,4.97270395477269e-08,3.71171673216601e-07,"ENSG00000133739.18","LRRCC1","85444","leucine rich repeat and coiled-coil centrosomal protein 1"
556.117368730842,1.00519594225671,0.282122949739058,4.43417054312122e-05,0.000191807416396837,"ENSG00000123124.16","WWP1","11059","WW domain containing E3 ubiquitin protein ligase 1"
236.134557948495,1.5267037391169,0.317533169842962,6.3907734173118e-08,4.67736672370029e-07,"ENSG00000251136.12","PARAIL","101929709","palmitic acid regulated anti-inflammatory lncRNA"
221.127374072233,1.31487076628823,0.173459794636528,3.79419417240751e-15,6.4795424510184e-14,"ENSG00000205133.14","TRIQK","286144","triple QxxK/R motif containing"
111.225560009334,1.66791217822775,0.242258740911707,5.79482965398001e-13,7.92216915727179e-12,"ENSG00000188343.16","CIBAR1","137392","CBY1 interacting BAR domain containing 1"
174.671684834506,1.42307778872836,0.28470707071145,3.12758695305019e-08,2.42242684093355e-07,"ENSG00000164953.18","TMEM67","91147","transmembrane protein 67"
1681.30500577834,1.64130473169857,0.219678612039877,3.04229026746683e-15,5.25365713489428e-14,"ENSG00000164951.17","PDP1","54704","pyruvate dehydrogenase phosphatase catalytic subunit 1"
52.3582226348246,1.10072993931785,0.348887566785126,0.000165904314060643,0.000627676748559659,"ENSG00000197275.16","RAD54B","25788","RAD54 homolog B"
69.3217583474565,1.86965016670905,0.257791964739391,1.96572517360985e-14,3.10907157971666e-13,"ENSG00000265817.5","FSBP","100861412","fibrinogen silencer binding protein"
565.19028400316,1.26271727334756,0.296743211085162,1.28382639358236e-06,7.59704022081103e-06,"ENSG00000156162.18","DPY19L4","286148","dpy-19 like 4"
892.918232023482,1.20496201732005,0.159420379324456,4.19400522881964e-15,7.1307336972026e-14,"ENSG00000164941.16","INTS8","55656","integrator complex subunit 8"
77.5129857572264,3.86049313416771,0.388640757874176,1.19554828460137e-24,4.49671953581408e-23,"ENSG00000164938.16","TP53INP1","94241","tumor protein p53 inducible nuclear protein 1"
313.288136661618,1.20650457614021,0.131183870254761,4.82142990713483e-21,1.34450760574912e-19,"ENSG00000175895.7","PLEKHF2","79666","pleckstrin homology and FYVE domain containing 2"
186.881006965254,2.29284087234354,0.240394760462797,3.87758592312761e-23,1.26686975679133e-21,"ENSG00000132561.16","MATN2","4147","matrilin 2"
198.076928804711,1.46424007997407,0.213663457812477,6.84695916457156e-13,9.27014550279702e-12,"ENSG00000104361.12","NIPAL2","79815","NIPA like domain containing 2"
460.304310799691,1.28483384708232,0.072941535955243,1.66190311350299e-70,5.57134954637602e-68,"ENSG00000104375.19","STK3","6788","serine/threonine kinase 3"
628.792410423105,1.50739863920949,0.224042182699297,8.67689149687622e-13,1.16861435609894e-11,"ENSG00000132549.21","VPS13B","157680","vacuolar protein sorting 13 homolog B"
17.2712483820237,1.1542522608496,0.348410080851785,0.00015854430184598,0.000601750351653175,"ENSG00000156509.15","FBXO43","286151","F-box protein 43"
404.712838738401,1.20634804879873,0.108175673009063,9.86389561950199e-30,5.12158701509563e-28,"ENSG00000104450.15","SPAG1","6674","sperm associated antigen 1"
986.006319682363,2.61000280754532,0.0992830029872086,5.17989117019695e-154,1.59758203471214e-150,"ENSG00000034677.15","RNF19A","25897","ring finger protein 19A, RBR E3 ubiquitin protein ligase"
65.3527253035724,1.14891483471885,0.14998228784088,4.05728944583956e-15,6.91353155185545e-14,"ENSG00000254024.2","GRHL2-DT","107986962","GRHL2 divergent transcript"
226.348688317913,1.14105141358576,0.457766226562147,0.000668928959801779,0.00215086603192311,"ENSG00000048392.15","RRM2B","50484","ribonucleotide reductase regulatory TP53 inducible subunit M2B"
3005.1993908225,1.29296342320024,0.178230681066647,3.02587182392788e-14,4.68493668642488e-13,"ENSG00000104517.15","UBR5","51366","ubiquitin protein ligase E3 component n-recognin 5"
1232.51426857946,1.16322063472376,0.333277589263647,3.27867112103951e-05,0.000146892467627979,"ENSG00000164930.14","FZD6","8323","frizzled class receptor 6"
51.2184217338092,2.12732967758992,0.360414830354202,1.9588431232816e-10,2.04795388502546e-09,"ENSG00000169946.16","ZFPM2","23414","zinc finger protein, FOG family member 2"
102.181213635007,1.8818547865256,0.147089879201938,2.39411847540426e-38,1.97431556198979e-36,"ENSG00000251003.11",NA,NA,NA
568.947920909569,1.377736132539,0.183239407808677,2.7039135496483e-15,4.68506189316028e-14,"ENSG00000164830.20","OXR1","55074","oxidation resistance 1"
40.203543646723,-1.07660584170436,0.430908014879847,0.00113471541063801,0.0033918291039831,"ENSG00000253676.1",NA,NA,NA
20.3206180156573,1.52252356144683,0.378128821014474,9.98771264129836e-06,4.9941801764417e-05,"ENSG00000174429.6","ABRA","137735","actin binding Rho activating protein"
32.2061984294898,2.07805211960895,0.38836570549705,4.6101140063291e-09,4.07874745218595e-08,"ENSG00000303006.1",NA,NA,NA
400.259594731718,1.18695957605452,0.214681843919819,3.30967793659499e-09,2.99170829192446e-08,"ENSG00000104447.15","TRPS1","7227","transcriptional repressor GATA binding 1"
3927.03837469336,1.1448803727592,0.0866365774401223,1.45778813600034e-40,1.39630750591685e-38,"ENSG00000164754.18","RAD21","5885","RAD21 cohesin complex component"
731.599021204228,1.98343532703591,0.189791616064555,3.73779117898926e-27,1.64687079346267e-25,"ENSG00000177570.17","SAMD12","401474","sterile alpha motif domain containing 12"
87.9531306041429,2.00550034632277,0.503624287467717,1.1947037128265e-06,7.08597152134517e-06,"ENSG00000164761.11","TNFRSF11B","4982","TNF receptor superfamily member 11b"
4585.89973523174,1.62273614998975,0.149951354603818,1.18126190734938e-28,5.8198849435255e-27,"ENSG00000147676.16","MAL2","114569","mal, T cell differentiation protein 2"
745.888839180417,1.3071385705857,0.31044563172426,1.37902803306028e-06,8.1075071665355e-06,"ENSG00000064313.14","TAF2","6873","TATA-box binding protein associated factor 2"
80.483698333479,1.74845737956774,1.31160225272893,0.000191327157022188,0.000713015004456055,"ENSG00000155792.12","DEPTOR","64798","DEP domain containing MTOR interacting protein"
270.769019233011,1.09339980410679,0.145365682567063,9.95536695489042e-15,1.62285109737172e-13,"ENSG00000172167.10","MTBP","27085","MDM2 binding protein"
206.086316471513,1.39685456866239,0.214806156973091,4.49937482168366e-12,5.61366174151971e-11,"ENSG00000156787.19","TBC1D31","93594","TBC1 domain family member 31"
633.466713320957,1.51364606986402,0.418476876677489,6.74764346665567e-06,3.49648554769144e-05,"ENSG00000165156.17","ZHX1","11244","zinc fingers and homeoboxes 1"
2228.63720351785,1.36560094311732,0.29178692893162,1.28721618989232e-07,9.01460529715234e-07,"ENSG00000156802.15","ATAD2","29028","ATPase family AAA domain containing 2"
7.46078242646676,1.27126022826164,0.563161592826385,0.00254375463158643,0.00682331538940586,"ENSG00000283172.1","MIR548D1","693130","microRNA 548d-1"
426.644812681753,1.29816177830012,0.702770130704485,0.0011425665144168,0.00341000933207305,"ENSG00000156804.9","FBXO32","114907","F-box protein 32"
1293.32818403157,1.41791684517125,0.334841322864054,8.56949277113074e-07,5.20891399383552e-06,"ENSG00000176853.18","FAM91A1","157769","family with sequence similarity 91 member A1"
44.9839958876091,1.64269476025739,0.842528649927109,0.000771915046832164,0.00243429487468278,"ENSG00000214814.8","FER1L6","654463","fer-1 like family member 6"
304.886851204947,1.24144400731882,0.126678439934543,1.91853033336265e-23,6.38999055524524e-22,"ENSG00000164983.11","TMEM65","157378","transmembrane protein 65"
24.2669566899866,1.53182328194902,0.500520843810755,0.000118127674125298,0.000461878007780483,"ENSG00000245149.7","RNF139-DT","101927612","RNF139 divergent transcript"
23.7990063110366,1.29066729732611,0.329735169186387,1.41116687788732e-05,6.82395874063983e-05,"ENSG00000180938.8","ZNF572","137209","zinc finger protein 572"
893.036771901807,1.15478730539902,0.0579603032599568,4.34729206112021e-89,3.52839951971236e-86,"ENSG00000164961.18","WASHC5","9897","WASH complex subunit 5"
11.129095519251,1.75488149130638,0.502032449135247,4.58321478000772e-05,0.000197589474762368,"ENSG00000286535.2","LOC124902026","124902026","uncharacterized LOC124902026"
1500.1805927069,1.49921845930375,0.233097609595694,5.13615403184656e-12,6.36181777711693e-11,"ENSG00000132294.17","EFR3A","23167","EFR3 homolog A"
30.1837614527471,2.16689017063173,0.603317341687343,1.11586502475968e-05,5.51448774077357e-05,"ENSG00000165071.17","TMEM71","137835","transmembrane protein 71"
810.060046723003,1.55858936091733,0.317527623118665,2.44066117366065e-08,1.9232210505376e-07,"ENSG00000129292.23","PHF20L1","51105","PHD finger protein 20 like 1"
66.8938387481724,2.22227806928421,0.720463071870784,1.26912448467245e-05,6.1914366589463e-05,"ENSG00000289405.3",NA,NA,NA
2930.64970742097,1.54291235677884,0.0937272670730182,5.12885749468763e-62,1.23581424102466e-59,"ENSG00000169398.22","PTK2","5747","protein tyrosine kinase 2"
112.924321192219,1.02890150495656,0.561632583221316,0.0035542535239525,0.00907620977927217,"ENSG00000177335.14","LY6S-AS1","286122","LY6S antisense RNA 1"
22.3086905640499,-1.28712948376221,0.353670539736808,3.63279186001379e-05,0.000160795876214904,"ENSG00000279605.1",NA,NA,NA
63.8846244064071,1.11636677821472,0.482141435205861,0.00137148849385741,0.00400354130529626,"ENSG00000181085.17","MAPK15","225689","mitogen-activated protein kinase 15"
902.974152842666,1.37885478441618,0.386703571378489,1.35115354696035e-05,6.55430602317568e-05,"ENSG00000261150.4","EPPK1","83481","epiplakin 1"
1776.59631401876,-1.115529046845,0.443741408834628,0.00062394665747871,0.00202523287833702,"ENSG00000261236.10","BOP1","23246","BOP1 ribosomal biogenesis factor"
161.071887461685,1.64763124786464,0.207928995801477,1.40915750272047e-16,2.74723360928601e-15,"ENSG00000198169.11","ZNF251","90987","zinc finger protein 251"
138.068154427374,1.66672092614826,0.249021512573458,7.06520197095203e-13,9.5488588601272e-12,"ENSG00000291080.2","ZNF252P","286101","zinc finger protein 252, pseudogene"
45.8487140366804,1.49157763471585,0.284145420140606,2.12363803034423e-08,1.69331034467107e-07,"ENSG00000107099.19","DOCK8","81704","dedicator of cytokinesis 8"
119.991362333647,1.68729546736148,0.243072584829078,2.87079297849462e-13,4.06524320673697e-12,"ENSG00000080298.18","RFX3","5991","regulatory factor X3"
18.9835133691697,1.62155369783192,0.609073820570589,0.000283571911113959,0.00101179140242674,"ENSG00000232104.6",NA,NA,NA
85.942683633282,1.24727646962738,0.704785127184008,0.00164243456751326,0.00466875271255704,"ENSG00000106688.14","SLC1A1","6505","solute carrier family 1 member 1"
494.426384461605,1.50265016492315,0.164183504604171,5.59517888835709e-21,1.55185707980854e-19,"ENSG00000096968.16","JAK2","3717","Janus kinase 2"
346.808991143141,1.25414433447916,0.497159606501857,0.000431042617510959,0.00146347604681561,"ENSG00000183354.13","BRD10","158358","bromodomain containing 10"
26.664268192594,-2.53974332435516,0.38322985972216,1.4504021628079e-12,1.89547896208988e-11,"ENSG00000137033.14","IL33","90865","interleukin 33"
177.705675512623,1.97033462407532,0.212296446198345,1.70410167515752e-21,4.95610136359463e-20,"ENSG00000107186.19","MPDZ","8777","multiple PDZ domain crumbs cell polarity complex component"
882.792823898014,1.00859050623766,0.315464007478538,0.000150481367147847,0.000574959777962674,"ENSG00000147862.20","NFIB","4781","nuclear factor I B"
228.247603697699,1.16487477796176,0.435140789680721,0.00043705429175676,0.00148127785344637,"ENSG00000175893.15","ZDHHC21","340481","zDHHC palmitoyltransferase 21"
175.651934351166,1.28341401002303,0.134905050101932,2.47903032597436e-22,7.64582533137011e-21,"ENSG00000155158.22","TTC39B","158219","tetratricopeptide repeat domain 39B"
22.3528239326284,1.08846102709867,0.675124265334161,0.0054515469450923,0.0131049579797768,"ENSG00000164989.19","CCDC171","203238","coiled-coil domain containing 171"
598.847800126001,1.44796911790953,0.374082357535717,3.27708618177255e-06,1.79523786888506e-05,"ENSG00000137145.23","DENND4C","55667","DENN domain containing 4C"
338.309066413222,1.76878437585664,0.101867386580529,2.17839681272041e-68,6.33831268848329e-66,"ENSG00000171843.18","MLLT3","4300","MLLT3 super elongation complex subunit"
3574.02731578728,-1.23328015534674,0.341484391505321,3.17020960752087e-05,0.000142446976566374,"ENSG00000147889.19","CDKN2A","1029","cyclin dependent kinase inhibitor 2A"
27.4456198591095,1.4990264974801,0.35523297775122,4.21662355066312e-06,2.26251378934635e-05,"ENSG00000176399.5","DMRTA1","63951","DMRT like family A1"
20.7341703030572,1.32925942640541,0.433242809112985,0.000222863343582532,0.000817695841395724,"ENSG00000107105.17","ELAVL2","1993","ELAV like RNA binding protein 2"
207.867448935156,1.28773785493428,0.282243070621997,3.84548331227202e-07,2.48329975538303e-06,"ENSG00000147894.19","C9orf72","203228","C9orf72-SMCR8 complex subunit"
2188.87899160941,-1.3285719933908,0.069471598368886,2.4730157302082e-82,1.46678367598233e-79,"ENSG00000165271.19","NOL6","65083","nucleolar protein 6"
1340.94388768536,-1.61075301362934,0.548026545270847,3.56061703901156e-05,0.000157873132140878,"ENSG00000010438.17","PRSS3","5646","serine protease 3"
2947.18814042757,-1.13350708667451,0.143676969410816,3.18667034764342e-16,6.02964950073731e-15,"ENSG00000147955.20","SIGMAR1","10280","sigma non-opioid intracellular receptor 1"
15.1330661266,1.11729412238904,0.37129413425605,0.000446837656815733,0.00151045232480391,"ENSG00000227388.4",NA,NA,NA
47.5920404936952,-1.34190862358238,0.267157181996193,6.58413916373844e-08,4.81203839071139e-07,"ENSG00000196196.3","HRCT1","646962","histidine rich carboxyl terminus 1"
1616.14209040905,1.05754095956907,0.133889807295166,4.56969514158821e-16,8.54172954890082e-15,"ENSG00000159921.22","GNE","10020","glucosamine (UDP-N-acetyl)-2-epimerase/N-acetylmannosamine kinase"
655.752073020753,1.09485373410859,0.276679592130234,7.16386492727343e-06,3.69354600613452e-05,"ENSG00000281649.4","EBLN3P","100506710","endogenous Bornavirus like nucleoprotein 3, pseudogene"
80.4391051259385,-1.42648841085859,0.213881737016639,4.01570561032867e-12,5.03874664091769e-11,"ENSG00000137142.7","IGFBPL1","347252","insulin like growth factor binding protein like 1"
99.88901715851,1.06150693455447,0.334914814810096,0.000171866051524393,0.000648323478609997,"ENSG00000291075.2","FRG1HP","100132352","FSHD region gene 1 family member H, pseudogene"
83.9650044749571,-1.36467503550198,0.336141249001766,2.56849878196263e-06,1.42940525863031e-05,"ENSG00000154529.17","CNTNAP3B","728577","contactin associated protein family member 3B"
26.9107848945126,-1.12625365774881,0.356883901295553,0.000254306022111084,0.000919712281185513,"ENSG00000237357.3","FAM88E","103908605","family with sequence similarity 88 member E"
42.9886873625049,1.59098360275201,0.341935022290773,1.82775311222358e-07,1.24881616054939e-06,"ENSG00000238113.8","PTGER4P2-CDK2AP2P2","442421","PTGER4P2-CDK2AP2P2 readthrough, transcribed pseudogene"
758.132124039812,1.17717110275329,0.718543783280315,0.00195326847310377,0.00542629312263254,"ENSG00000188647.15","PTAR1","375743","protein prenyltransferase alpha subunit repeat containing 1"
18.3811997622354,2.05866244183369,0.360305057207903,1.15626788688304e-09,1.1068160821616e-08,"ENSG00000165072.12","MAMDC2","256691","MAM domain containing 2"
906.239748476346,1.04874332757445,0.536901937886187,0.00247884209682953,0.0066700792139606,"ENSG00000198887.11","SMC5","23137","structural maintenance of chromosomes 5"
21.1526297212369,-1.19644281724797,0.284394515213751,3.8833146051211e-06,2.10155070062398e-05,"ENSG00000224437.2","PIGUP1","100422342","phosphatidylinositol glycan anchor biosynthesis class U pseudogene 1"
1185.02782674537,1.16127927793698,0.0724093141044482,2.15335159054359e-58,4.36932037865431e-56,"ENSG00000135048.16","CEMIP2","23670","cell migration inducing hyaluronidase 2"
950.402403115424,1.62016574210881,0.627974302534744,8.89156912390871e-05,0.000358756900732068,"ENSG00000197969.15","VPS13A","23230","vacuolar protein sorting 13 homolog A"
1174.95253846867,1.06762046109166,0.282153091130129,1.72640433408742e-05,8.16903382508808e-05,"ENSG00000156052.13","GNAQ","2776","G protein subunit alpha q"
212.664086335209,1.69379413214736,0.33866893415002,1.43198620803304e-08,1.17398507783506e-07,"ENSG00000106829.23","TLE4","7091","TLE family member 4, transcriptional corepressor"
34.9770652828892,1.35815262755446,0.234615536652699,1.10260302690232e-09,1.05873233361524e-08,"ENSG00000165113.15","GKAP1","80318","G kinase anchoring protein 1"
89.6384330850831,1.42194845164854,0.616665681795476,0.000445318792268188,0.00150663911706181,"ENSG00000165115.17","KIF27","55582","kinesin family member 27"
50.6698982517103,3.40258152490055,0.354062808345636,7.57414234192572e-23,2.41823704047281e-21,"ENSG00000197506.8","SLC28A3","64078","solute carrier family 28 member 3"
327.393270592277,1.54508214561719,0.402219657710746,3.5173922374494e-06,1.92142067636228e-05,"ENSG00000135049.18","AGTPBP1","23287","ATP/GTP binding carboxypeptidase 1"
95.3600095352231,-1.42931929033875,0.361071561942564,3.25707881761838e-06,1.78491160079933e-05,"ENSG00000156345.20","CDK20","23552","cyclin dependent kinase 20"
379.679863508632,-1.32562214187964,0.410969616342118,6.0894161080446e-05,0.000255106997560869,"ENSG00000187764.14","SEMA4D","10507","semaphorin 4D"
114.364307308515,1.18046004814948,0.478673916941203,0.000684834960420695,0.00219468826364247,"ENSG00000127081.17","ZNF484","83744","zinc finger protein 484"
58.2929103085817,1.22025041113188,0.364850090070645,7.43833151272686e-05,0.000305232863911019,"ENSG00000196597.15","ZNF782","158431","zinc finger protein 782"
332.871268040031,1.16070275954181,0.0852573152262407,7.08629364093655e-43,7.53639546461259e-41,"ENSG00000196116.10","TDRD7","23424","tudor domain containing 7"
34.5444524700544,1.01286023315489,0.327613468568824,0.000376734147851398,0.00129881897921225,"ENSG00000136842.16","TMOD1","7111","tropomodulin 1"
455.080512699171,1.07817117110243,0.574152367599203,0.00247115408717061,0.00665287485653946,"ENSG00000106799.17","TGFBR1","7046","transforming growth factor beta receptor 1"
663.038170380796,1.13314391306982,0.348934740213183,8.722405457802e-05,0.000352669676362781,"ENSG00000136874.13","STX17","55014","syntaxin 17"
300.849418006678,1.09634857370953,0.221705384402285,9.27932619906127e-08,6.64329105458328e-07,"ENSG00000136870.12","ZNF189","7743","zinc finger protein 189"
398.898031583876,1.57427660178975,0.157747757551348,2.19186672082366e-24,8.10570184695963e-23,"ENSG00000165029.18","ABCA1","19","ATP binding cassette subfamily A member 1"
2278.54206312702,1.00033662100741,0.127556695549863,8.13351840932313e-16,1.4773496747959e-14,"ENSG00000070214.19","SLC44A1","23446","solute carrier family 44 member 1"
84.0974463556065,1.69410405285283,0.347257918826936,4.96544360508894e-08,3.70988884855022e-07,"ENSG00000173258.15","ZNF483","158399","zinc finger protein 483"
2017.7053904987,1.32242478761785,0.0959573867473526,3.12669833894876e-44,3.54535405036241e-42,"ENSG00000148154.12","UGCG","7357","UDP-glucose ceramide glucosyltransferase"
4660.95541813302,1.27284343632575,0.211474865927237,1.28907435102929e-10,1.38047330327935e-09,"ENSG00000119314.19","PTBP3","9991","polypyrimidine tract binding protein 3"
247.405821288674,1.54811520087493,0.142789943808194,2.23345126396682e-28,1.07968814864051e-26,"ENSG00000165185.17","KIAA1958","158405","KIAA1958"
31.3897206967781,1.15422552820509,0.286734767711849,1.88480060033084e-05,8.84794826718474e-05,"ENSG00000228623.11","ZNF883","169834","zinc finger protein 883"
231.500677370417,2.01098668156372,0.727296029924166,2.71370194716899e-05,0.000123664295884436,"ENSG00000165188.15","RNF183","138065","ring finger protein 183"
54.8500673720411,1.07377504510027,0.189029398351324,2.97727998304159e-09,2.72155510483013e-08,"ENSG00000148225.19","WDR31","114987","WD repeat domain 31"
100.244907218049,3.07132100518545,0.372401987111037,3.73271370259917e-18,8.2704278746813e-17,"ENSG00000181634.9","TNFSF15","9966","TNF superfamily member 15"
253.24770539976,2.14938255237434,0.224451731247287,2.89213483289888e-23,9.48927899109226e-22,"ENSG00000106780.11","MEGF9","1955","multiple EGF like domains 9"
630.16714043171,1.10037632473441,0.369559951792956,0.000236303848740544,0.000862086976916946,"ENSG00000119397.21","CNTRL","11064","centriolin"
1270.50926593742,1.19109326617536,0.427022311388947,0.000258235131952394,0.000931737007449196,"ENSG00000056586.18","RC3H2","54542","ring finger and CCCH-type domains 2"
161.843867927259,1.20164751798646,0.37343430564733,9.51922994261098e-05,0.000381547098506609,"ENSG00000171448.11","ZBTB26","57684","zinc finger and BTB domain containing 26"
82.7665878161469,1.70966299194836,0.209499430684955,1.7411204092859e-17,3.60400239350307e-16,"ENSG00000236901.6","MIR600HG","81571","MIR600 host gene"
634.680957179305,1.06101789240832,0.148697867630199,1.4983602180181e-13,2.18395207202808e-12,"ENSG00000165209.21","STRBP","55342","spermatid perinuclear RNA binding protein"
49.7763336064466,-1.42638535037542,0.631669636538626,0.000961569979506754,0.00294272090771456,"ENSG00000136918.10","WDR38","401551","WD repeat domain 38"
219.176260226459,1.08155052750258,0.154629904920237,4.68916712025739e-13,6.49117110964894e-12,"ENSG00000173611.20","SCAI","286205","suppressor of cancer cell invasion"
202.209710230732,1.38088876594484,0.21602037746637,8.92235461322206e-12,1.08254626664435e-10,"ENSG00000177125.8","ZBTB34","403341","zinc finger and BTB domain containing 34"
129.264686701264,1.110698714844,0.231787206813733,2.34694549690711e-07,1.57563110612993e-06,"ENSG00000136828.21","RALGPS1","9649","Ral GEF with PH domain and SH3 binding motif 1"
194.228790575375,-1.04256106228113,0.392310967808178,0.000624286249929065,0.00202548248688326,"ENSG00000187024.17","PTRH1","138428","peptidyl-tRNA hydrolase 1 homolog"
2196.65338881112,-1.23892528929348,0.319643178620545,5.9574782132916e-06,3.11741674676518e-05,"ENSG00000136877.18","FPGS","2356","folylpolyglutamate synthase"
44.6710225211077,-1.73216739115304,0.301278344119998,9.01335811388982e-10,8.7638710891737e-09,"ENSG00000106991.17","ENG","2022","endoglin"
747.161173540228,-1.34329143525792,0.356214411212694,6.45982175361305e-06,3.36429960359564e-05,"ENSG00000136840.21","ST6GALNAC4","27090","ST6 N-acetylgalactosaminide alpha-2,6-sialyltransferase 4"
445.390438581589,1.18790112756515,0.108833909392682,1.60999352219568e-28,7.83208520687055e-27,"ENSG00000234771.3",NA,NA,NA
29.4682903972972,1.25258729262666,0.302777423083477,5.32222382464748e-06,2.81364462118234e-05,"ENSG00000232850.3","PTGES2-DT","389791","PTGES2 divergent transcript"
205.273762905705,-1.50444936152151,0.360579480154186,9.02927701683528e-07,5.47328934263431e-06,"ENSG00000167136.9","ENDOG","2021","endonuclease G"
942.989823227921,-1.36593572362611,0.256118628148021,4.6034493515146e-09,4.07518900400153e-08,"ENSG00000148335.17","NTMT1","28989","N-terminal Xaa-Pro-Lys N-methyltransferase 1"
120.967728641649,1.02578683063613,0.159822210878021,2.84329995029064e-11,3.27702006976322e-10,"ENSG00000288924.1",NA,NA,NA
30.420621998649,-1.48194279393355,0.264755236559477,2.63486318886674e-09,2.42146753489356e-08,"ENSG00000130720.15","FIBCD1","84929","fibrinogen C domain containing 1"
63.9424822543358,-1.20985176510261,0.357907601814004,9.88060587991674e-05,0.00039432925278001,"ENSG00000050555.21","LAMC3","10319","laminin subunit gamma 3"
1423.34068591409,1.09761300382761,0.627184050469195,0.00251148204752991,0.00674731091549803,"ENSG00000107290.16","SETX","23064","senataxin"
51.0016860643465,-1.04738362111537,0.539982712902248,0.00612487541903076,0.014496177812972,"ENSG00000148288.15","GBGT1","26301","globoside alpha-1,3-N-acetylgalactosaminyltransferase 1 (FORS blood group)"
458.883061237063,1.22827463777328,0.206250838251797,3.44672247254436e-10,3.52232652412899e-09,"ENSG00000175164.16","ABO","28","ABO, alpha 1-3-N-acetylgalactosaminyltransferase and alpha 1-3-galactosyltransferase"
1658.51035085747,-1.24447539713969,0.260188272692879,1.11134233373908e-07,7.86508037108323e-07,"ENSG00000122140.15","MRPS2","51116","mitochondrial ribosomal protein S2"
81.6810344375327,-1.08645427936377,0.212424844467777,6.01546863975472e-08,4.42578921248366e-07,"ENSG00000300558.1",NA,NA,NA
162.863625899737,-2.05104647171722,0.192727827397757,1.67799137828937e-27,7.58835925061594e-26,"ENSG00000165716.13","DIPK1B","138311","divergent protein kinase domain 1B"
505.012484080234,-1.02911207620826,0.302529271761128,6.90472188441822e-05,0.000285539598229051,"ENSG00000310560.3","PAXX","286257","PAXX non-homologous end joining factor"
147.552389820935,-1.1275022284885,0.134624652686962,1.03419855784267e-17,2.19674600006775e-16,"ENSG00000197355.13","UAP1L1","91373","UDP-N-acetylglucosamine pyrophosphorylase 1 like 1"
589.261354389231,-1.05063652607457,0.241072063950417,1.48365844676798e-06,8.64682422812135e-06,"ENSG00000188566.17","NDOR1","27158","NADPH dependent diflavin oxidoreductase 1"
16789.1210537296,-1.1091067503778,0.267325431785395,2.8393662780128e-06,1.56938592735611e-05,"ENSG00000188229.8","TUBB4B","10383","tubulin beta 4B class IVb"
615.88601560956,-1.26844084439376,0.317199565705543,3.48605089114471e-06,1.90565015215678e-05,"ENSG00000182154.9","MRPL41","64975","mitochondrial ribosomal protein L41"
243.978679304439,-1.60273995349103,0.525455238489705,3.12167315195141e-05,0.000140347876607122,"ENSG00000151240.20","DIP2C","22982","DIP2 acetate--CoA ligase C (putative)"
54.8533011019473,1.86205046771091,0.181570715094634,1.58807767774287e-25,6.27942201755715e-24,"ENSG00000231298.9","MANCR","100216001","mitotically associated long non coding RNA"
17.5212291906261,1.08294230210231,0.399373830314468,0.00121772089915416,0.00360362195084556,"ENSG00000205488.10",NA,NA,NA
1002.10128207171,-1.03449728285015,0.0838233835297028,1.1273009417347e-35,7.83067919932017e-34,"ENSG00000223784.3","LINC00707","100507127","long intergenic non-protein coding RNA 707"
22.4770776664931,-1.08964500861101,0.279848054930951,1.73316556594797e-05,8.19599699248196e-05,"ENSG00000229124.9","VIM-AS1","100507347","VIM antisense RNA 1"
9987.86958057712,-2.42786239641921,0.216390810968191,1.20485059802421e-31,6.88148187856714e-30,"ENSG00000026025.18","VIM","7431","vimentin"
148.951181581293,1.20635243624781,0.422955776435459,0.000616327133999747,0.0020045284951945,"ENSG00000148488.18","ST8SIA6","338596","ST8 alpha-N-acetyl-neuraminide alpha-2,8-sialyltransferase 6"
12.080231328225,1.3897682231572,1.11674982564794,0.00315897202205194,0.00822602288957497,"ENSG00000240291.2",NA,NA,NA
644.986722538447,1.3210501411695,0.497205066078415,0.000226086643613487,0.000827749793723548,"ENSG00000165997.7","ARL5B","221079","ARF like GTPase 5B"
188.767673979613,3.19898397829876,0.168105065645535,6.45324918060709e-82,3.6857613190423e-79,"ENSG00000078114.21","NEBL","10529","nebulette"
8.18986823320652,1.65292158965167,0.43581704951826,2.11759269772526e-05,9.86567884943239e-05,"ENSG00000180592.17","SKIDA1","387640","SKI/DACH domain containing 1"
1567.00140100139,1.0745949832603,0.432982979289801,0.00083016989008638,0.0025957116534919,"ENSG00000107863.22","ARHGAP21","57584","Rho GTPase activating protein 21"
181.797561222749,1.36877553797597,0.873513292066869,0.00104121769017247,0.00314773926683977,"ENSG00000107890.19","ANKRD26","22852","ankyrin repeat domain 26"
143.895753302031,-1.49705539573019,0.257481087710926,7.50318406249893e-10,7.37454438673014e-09,"ENSG00000095739.13","BAMBI","25805","BMP and activin membrane bound inhibitor"
329.318008844006,-1.1350607792294,0.668829180171215,0.00218119446833136,0.00596492284024435,"ENSG00000165757.10","JCAD","57608","junctional cadherin 5 associated"
214.348291549821,1.38821990329396,0.135958335553614,2.30863826376929e-25,9.05890856630693e-24,"ENSG00000107968.12","MAP3K8","1326","mitogen-activated protein kinase kinase kinase 8"
646.999293527249,1.17782250417579,0.416911921376636,0.000248101788117258,0.000900867897217407,"ENSG00000165322.20","ARHGAP12","94134","Rho GTPase activating protein 12"
44.4459483793212,-1.02232259266013,0.258031567530976,1.31208222909163e-05,6.38485959445316e-05,"ENSG00000229656.10","ITGB1-DT","101929475","ITGB1 divergent transcript"
217.451102339791,-1.74370551615318,0.125037034617897,3.32548585505572e-45,4.03797774573341e-43,"ENSG00000177283.8","FZD8","8325","frizzled class receptor 8"
134.342692194114,1.05659657788351,0.254056100612901,3.88393716151892e-06,2.10155070062398e-05,"ENSG00000198105.18","ZNF248","57209","zinc finger protein 248"
34.4819136963852,1.28500404182108,0.290254143536583,1.14618320850032e-06,6.81654117172521e-06,"ENSG00000175395.18","ZNF25","219749","zinc finger protein 25"
16.9396202765416,1.93413673194025,0.446286477849027,1.37029083427204e-06,8.0622872778745e-06,"ENSG00000291065.2","LOC441666","441666","zinc finger protein 91 pseudogene"
90.1423749457992,1.20257317122682,0.461395075939202,0.00053540944730708,0.0017725524016579,"ENSG00000293313.2","ZNF37BP","100129482","zinc finger protein 37B, pseudogene"
356.259894859377,1.10349345516858,0.40011993579052,0.000410976092959118,0.0014033796123832,"ENSG00000196693.17","ZNF33B","7582","zinc finger protein 33B"
117.830133952825,1.70453012706159,0.83539072624746,0.00020178118679634,0.000748536849070571,"ENSG00000107551.23","RASSF4","83937","Ras association domain family member 4"
112.10830673803,1.0318958589008,0.13044734904415,6.13467676164812e-16,1.12756675019518e-14,"ENSG00000172671.22","ZFAND4","93550","zinc finger AN1-type containing 4"
46.5292386005039,1.70281377817183,0.74504727899164,0.000301538019068419,0.00106749719744125,"ENSG00000291069.2","BMS1P1","399761","BMS1 pseudogene 1"
38.545801621476,1.51708971709018,0.305369530946225,6.11689928154338e-08,4.4961250629495e-07,"ENSG00000226200.8",NA,NA,NA
637.907768989944,1.35572518146945,0.336986471703112,6.8930270630755e-06,3.56463347886275e-05,"ENSG00000122870.13","BICC1","80114","BicC family RNA binding protein 1"
82.3557267080791,1.92235112097758,0.24511079199717,4.30221951979351e-16,8.07169812373252e-15,"ENSG00000165449.14","SLC16A9","220963","solute carrier family 16 member 9"
853.969368175609,1.20836050785253,0.169110667000974,7.851759074406e-14,1.17555317171277e-12,"ENSG00000151150.24","ANK3","288","ankyrin 3"
454.133270472682,1.54102818555199,0.15621175597806,7.08982541475845e-24,2.47918815693855e-22,"ENSG00000150347.18","ARID5B","84159","AT-rich interaction domain 5B"
189.658958035763,1.61093951956976,0.150730435469694,1.45440014748814e-27,6.59656019835725e-26,"ENSG00000182010.13","RTKN2","219790","rhotekin 2"
1115.11255682612,1.30965982571748,0.514698988800901,0.000305765486053991,0.00108097422293411,"ENSG00000171988.21","JMJD1C","221037","jumonji domain containing 1C"
363.262879752762,-1.70183011073618,0.168565010391886,4.73700004016578e-25,1.81714620943772e-23,"ENSG00000099284.16","MACROH2A2","55506","macroH2A.2 histone"
624.791359195165,-1.12944232129703,0.31378904464339,2.30273852789365e-05,0.000106638230746691,"ENSG00000156521.16","TYSND1","219743","trypsin like peroxisomal matrix peptidase 1"
76.0715747972464,-1.13214381449645,0.384643625197103,0.000469241319789013,0.00157832615356818,"ENSG00000107719.12","PALD1","27143","phosphatase domain containing paladin 1"
1159.6350953414,-1.82523863272981,0.202453472399949,1.67431497129816e-20,4.47480262953015e-19,"ENSG00000107738.22","VSIR","64115","V-set immunoregulatory receptor"
1614.20721017919,1.1722819219873,0.0769766916292649,4.05297621218397e-53,7.26755188001035e-51,"ENSG00000122884.15","P4HA1","5033","prolyl 4-hydroxylase subunit alpha 1"
613.773858470762,1.37761803404535,0.254082350357887,3.11033830211312e-09,2.82643058084186e-08,"ENSG00000156671.17","SAMD8","142891","sterile alpha motif domain containing 8"
33.7368849402467,-1.6926316461046,0.331895289694059,4.1384465533348e-08,3.1391531873574e-07,"ENSG00000151224.15","MAT1A","4143","methionine adenosyltransferase 1A"
421.490865652015,1.1717632277951,0.350525670980223,5.29880241572979e-05,0.000225749909648669,"ENSG00000107771.19","CCSER2","54462","coiled-coil serine rich protein 2"
503.673566026099,1.08175558488613,0.273370796933202,7.40564894243701e-06,3.80294746391346e-05,"ENSG00000107779.18","BMPR1A","657","bone morphogenetic protein receptor type 1A"
1410.74079584024,1.06717960974411,0.195113892033387,5.52824393413382e-09,4.83282594718127e-08,"ENSG00000171862.16","PTEN","5728","phosphatase and tensin homolog"
1095.99969918532,1.22209171664621,0.675977567354494,0.00138375425813187,0.00403267677054429,"ENSG00000138182.17","KIF20B","9585","kinesin family member 20B"
65.2484580713297,1.44296092490376,0.558280370850796,0.000239254346854464,0.0008722319817595,"ENSG00000165338.18","HECTD2","143279","HECT domain E3 ubiquitin protein ligase 2"
107.989318728938,1.05311267855403,0.134615895103502,1.27568204805093e-15,2.27425351017265e-14,"ENSG00000119938.10","PPP1R3C","5507","protein phosphatase 1 regulatory subunit 3C"
1012.57898908661,1.01744993525462,0.359423432817694,0.000405111261259814,0.00138611510092913,"ENSG00000107854.8","TNKS2","80351","tankyrase 2"
1115.9867729839,1.28819373832363,0.486667774294352,0.000267292953285434,0.0009610456126404,"ENSG00000095564.17","BTAF1","9044","B-TFIID TATA-box binding protein associated factor 1"
457.706039079136,1.01407679937622,0.336826133748732,0.000256859727289713,0.00092785988628125,"ENSG00000138190.18","EXOC6","54536","exocyst complex component 6"
117.370927878399,-4.06877065756138,0.282618703903572,2.31802866499374e-48,3.30984444841375e-46,"ENSG00000138207.17","RBP4","5950","retinol binding protein 4"
494.407691394124,1.41051738768804,0.121518891147229,3.01698851218303e-32,1.79633126819979e-30,"ENSG00000138193.19","PLCE1","51196","phospholipase C epsilon 1"
135.154896049113,1.16714946834647,0.298072098803508,7.45507389416053e-06,3.82578018375539e-05,"ENSG00000108239.11","TBC1D12","23232","TBC1 domain family member 12"
626.105909987118,1.13006989898213,0.985114846008108,0.00195679300497491,0.0054351053547763,"ENSG00000177853.17","ZNF518A","9849","zinc finger protein 518A"
1889.95395413307,1.52688741606014,0.396191442429663,2.08050254101894e-06,1.17867118607836e-05,"ENSG00000196233.16","LCOR","84458","ligand dependent nuclear receptor corepressor"
1136.79700108102,-1.46538273992049,0.11412705635191,1.20867219742045e-38,1.00750994359031e-36,"ENSG00000052749.16","RRP12","23223","ribosomal RNA processing 12 homolog"
17.1052683472365,1.40412946169635,0.49223485369054,0.000332100250459263,0.00116367142975058,"ENSG00000224934.7","GOT1-DT","101927300","GOT1 divergent transcript"
52.6832082029585,1.71322656677352,0.273667399405757,2.93477250741889e-11,3.37236414582017e-10,"ENSG00000075826.19","SEC31B","25956","SEC31 homolog B, COPII component"
281.381456390297,-1.32461682417962,0.126350178004393,1.48405203288841e-26,6.27001819155402e-25,"ENSG00000095539.18","SEMA4G","57715","semaphorin 4G"
187.630100275875,-1.10607287087934,0.439328608650308,0.000692424078705076,0.0022157857891079,"ENSG00000107821.17","KAZALD1","81621","Kazal type serine peptidase inhibitor domain 1"
794.368435161973,-1.23082366122976,0.277045127710827,5.95007962059841e-07,3.72896386776565e-06,"ENSG00000107833.13","NPM3","10360","nucleophosmin/nucleoplasmin 3"
14.3272956691671,1.0490237608198,0.34622777431723,0.000497461544522047,0.00166397092386439,"ENSG00000120049.22","KCNIP2","30819","potassium voltage-gated channel interacting protein 2"
595.943775780407,-1.07814909036911,0.317944417793428,5.68165098168454e-05,0.000239848726494819,"ENSG00000166189.8","HPS6","79803","HPS6 biogenesis of lysosomal organelles complex 2 subunit 3"
1959.39843326731,-1.09807718560419,0.084531162170287,4.65934347721754e-39,4.03661436866133e-37,"ENSG00000148840.13","PPRC1","23082","PPARG related coactivator 1"
103.7415819693,-1.00965484555829,0.190230655843719,2.52370331139523e-08,1.98257915257391e-07,"ENSG00000138172.13","CALHM2","51063","calcium homeostasis modulator family member 2"
3433.54943884991,1.16859068111598,0.579595592093485,0.00133233275417486,0.00390755104643031,"ENSG00000065613.17","SLK","9748","STE20 like kinase"
14.3234406052607,1.05752611301586,0.440823240186959,0.0024097597600926,0.00650689988800351,"ENSG00000197748.15","CFAP43","80217","cilia and flagella associated protein 43"
2304.92862237154,1.48687461651869,0.172429809237308,4.06631366678517e-19,9.82862430336898e-18,"ENSG00000148700.17","ADD3","120","adducin 3"
465.321643388009,1.39497139000304,0.222408774890272,2.26626578858666e-11,2.63163288597853e-10,"ENSG00000119950.22","MXI1","4601","MAX interactor 1, dimerization protein"
16.9717562372954,1.9118470193377,0.793496438512475,0.000247732990267409,0.000899950634373077,"ENSG00000203867.11","RBM20","282996","RNA binding motif protein 20"
748.083229358324,1.32512551063648,0.109863506169776,2.89368239412755e-34,1.93175221644333e-32,"ENSG00000150593.20","PDCD4","27250","programmed cell death 4"
655.539605324059,1.05766461260078,0.419309164240908,0.000801090125749497,0.00251396231770106,"ENSG00000108061.15","SHOC2","8036","SHOC2 leucine rich repeat scaffold protein"
97.1245432011684,-2.49928067041622,0.208521491799604,3.68123278748089e-34,2.43640733114776e-32,"ENSG00000148702.17","HABP2","3026","hyaluronan binding protein 2"
407.653159647903,1.21297370336846,0.412914594749203,0.000139729422194436,0.000537214514998853,"ENSG00000198924.10","DCLRE1A","9937","DNA cross-link repair 1A"
929.334480209518,1.24055201594912,0.353312461007268,2.30727852755736e-05,0.000106784340256489,"ENSG00000196865.6","NHLRC2","374354","NHL repeat containing 2"
570.27187905628,1.45125467944684,0.599929367926607,0.000252571720628123,0.000913868724497015,"ENSG00000165813.22","CCDC186","55088","coiled-coil domain containing 186"
10.1853378290653,1.14182487831104,0.748182466000493,0.00720747060151021,0.0166088470032709,"ENSG00000277687.1",NA,NA,NA
131.03018951518,-2.41093883035846,0.162320135952148,5.91987401117276e-51,9.315344604724e-49,"ENSG00000166033.15","HTRA1","5654","HtrA serine peptidase 1"
1299.08704447578,-4.84211204450646,0.256972252207452,1.852549494704e-80,9.85109164063116e-78,"ENSG00000187908.22","DMBT1","1755","deleted in malignant brain tumors 1"
90.1305957410585,-1.01022248468544,0.225063405957109,1.58868811928751e-06,9.18948217836934e-06,"ENSG00000289039.2",NA,NA,NA
1985.08895668882,-1.59294617076638,0.222747327963828,2.69754474120112e-14,4.20615141092643e-13,"ENSG00000151651.18","ADAM8","101","ADAM metallopeptidase domain 8"
41.0060423654532,1.92631756607294,0.263911465858466,2.8392676558485e-14,4.41819843802621e-13,"ENSG00000214279.14","SCART1","619207","scavenger receptor family member expressed on T cells 1"
30.7477616802709,1.06272798505725,0.277574838047359,2.78346296130672e-05,0.000126469600254304,"ENSG00000130649.12","CYP2E1","1571","cytochrome P450 family 2 subfamily E member 1"
43.815153506285,3.99746028587861,0.373344154932176,3.66197916706788e-27,1.62274082572856e-25,"ENSG00000255026.2",NA,NA,NA
459.355483889317,1.60489291644785,0.147763464959317,1.95069363546761e-28,9.45963728067487e-27,"ENSG00000142102.18","PGGHG","80162","protein-glucosylgalactosylhydroxylysine glucosidase"
206.821746575143,1.36371557322115,0.263975999208615,2.02837570534915e-08,1.6240696652227e-07,"ENSG00000185101.15","ANO9","338440","anoctamin 9"
112.456005487879,1.93647763364134,0.307951579092853,7.02248077574493e-12,8.5811153758132e-11,"ENSG00000247095.6","MIR210HG","100506211","MIR210 host gene"
1014.86056646281,-1.35470541637201,0.0779938019750718,2.2438423744767e-68,6.40783208459355e-66,"ENSG00000214063.14","TSPAN4","7106","tetraspanin 4"
20.9867543390844,2.18657098341169,0.33162495633978,4.48761968362643e-12,5.60352899928770e-11,"ENSG00000130592.19","LSP1","4046","lymphocyte specific protein 1"
114.397356900893,4.33881547850582,0.65855418339215,3.68749856514287e-13,5.15080755190835e-12,"ENSG00000130600.23","H19","283120","H19 imprinted maternally expressed transcript"
218.276952805776,1.43189725964123,2.08805224804321,6.19950417373816e-05,0.000259226013728894,"ENSG00000269821.2","KCNQ1OT1","10984","KCNQ1 opposite strand/antisense transcript 1"
1674.66201795974,-1.15283268179528,0.195567296187784,3.99188385761322e-10,4.05525961582697e-09,"ENSG00000181649.10","PHLDA2","7262","pleckstrin homology like domain family A member 2"
2056.57908102149,2.61777694411058,0.692840528255587,7.73712205035903e-08,5.59897508862443e-07,"ENSG00000148985.22","PGAP2","27315","post-GPI attachment to proteins 2"
2466.19356967474,1.96687842542448,0.722661304830114,1.77453986702396e-05,8.37624098236196e-05,"ENSG00000177105.12","RHOG","391","ras homolog family member G"
6486.46799826281,3.56183236630414,0.44824932424024,5.71326698551908e-20,1.47331588935936e-18,"ENSG00000167323.15","STIM1","6786","stromal interaction molecule 1"
26310.587225461,4.52287456926879,0.161710619481648,6.09602096637185e-177,3.13355797741401e-173,"ENSG00000167325.17","RRM1","6240","ribonucleotide reductase catalytic subunit M1"
10.5903872885739,3.28209234529314,0.567162541597499,1.42022269249509e-09,1.3436352233722e-08,"ENSG00000255276.1",NA,NA,NA
2285.87524592112,3.52607577080113,0.318775558121551,1.7409675590548e-32,1.05698664284189e-30,"ENSG00000132109.12","TRIM21","6737","tripartite motif containing 21"
1335.56185223559,2.99624522192667,0.609288796599987,1.74347309191179e-10,1.84403968109546e-09,"ENSG00000167333.15","TRIM68","55128","tripartite motif containing 68"
1003.89616773915,2.95480778246613,0.51818832175154,1.08501063683665e-11,1.30007373975586e-10,"ENSG00000121236.23","TRIM6","117854","tripartite motif containing 6"
1826.82432344107,2.37723862678363,0.639046637272821,2.08218321938162e-07,1.40830471167035e-06,"ENSG00000132256.22","TRIM5","85363","tripartite motif containing 5"
586.043768669142,3.51055786407779,0.376887167278057,3.33540958938949e-24,1.21309790749942e-22,"ENSG00000132274.19","TRIM22","10346","tripartite motif containing 22"
39.198165804903,3.553468207899,0.303016140715991,1.72272195252373e-32,1.05004328971812e-30,"ENSG00000267940.1",NA,NA,NA
2080.84495655601,1.35215791562618,1.13358047299603,0.000691385416619622,0.00221338063311007,"ENSG00000051009.13","FHIP1B","84067","FHF complex subunit HOOK interacting protein 1B"
290.637428046163,1.06119592042206,0.862774500104189,0.00338563188653266,0.00872198952927167,"ENSG00000110171.22","TRIM3","10612","tripartite motif containing 3"
5215.74848587911,1.05167454995644,0.844190235486554,0.00343716589332635,0.00883261710398027,"ENSG00000132254.15","ARFIP2","23647","ARF interacting protein 2"
2283.06480243448,2.80440983256865,0.358932711871477,6.94847458597235e-18,1.50283908261262e-16,"ENSG00000132286.14","TIMM10B","26515","translocase of inner mitochondrial membrane 10B"
1130.91324138525,1.20254129860607,0.644656416250533,0.00142080891753704,0.00412623245147621,"ENSG00000132275.13","RRP8","23378","ribosomal RNA processing 8"
328.2980638915,3.20047648442511,0.529985878690079,5.53460905020188e-13,7.60010740544641e-12,"ENSG00000179532.14","DNHD1","144132","dynein heavy chain domain 1"
194.964847623923,1.97557417260931,0.668376460915459,2.01316721007031e-05,9.4104430271277e-05,"ENSG00000166337.12","TAF10","6881","TATA-box binding protein associated factor 10"
2751.46363751252,1.02144555844292,0.587007459268473,0.00368854420423214,0.00936930327350746,"ENSG00000166340.20","TPP1","1200","tripeptidyl peptidase 1"
71.3983201799691,2.06845473660203,0.200411589893825,4.93611984711505e-26,2.02446553623301e-24,"ENSG00000166387.16","PPFIBP2","8495","PPFIB scaffold protein 2"
163.441874141695,1.02785551324928,0.371245204909827,0.000627690664866596,0.00203524342786118,"ENSG00000166394.17","CYB5R2","51700","cytochrome b5 reductase 2"
95.5895694079177,1.04071751430696,0.262123377568885,1.00878265913393e-05,5.03444575615027e-05,"ENSG00000130413.18","STK33","65975","serine/threonine kinase 33"
204.251844514598,1.18334632966001,0.151567028626397,7.76856304646377e-16,1.41606395673189e-14,"ENSG00000166436.19","TRIM66","9866","tripartite motif containing 66"
13.4113121832455,1.05964469499588,0.392950754557887,0.00119150156689714,0.00353919003784597,"ENSG00000254860.8",NA,NA,NA
514.339972968783,1.15672689956587,0.218574947364197,1.13651385197437e-08,9.49928461316894e-08,"ENSG00000184014.11","DENND5A","23258","DENN domain containing 5A"
795.357268580064,1.17906008192601,0.140383603159079,5.22994868446174e-18,1.14236598672924e-16,"ENSG00000133789.17","SWAP70","23075","switching B cell complex subunit SWAP70"
610.405889303627,1.4037080941638,0.177204376197336,1.58619192987481e-16,3.07294795861801e-15,"ENSG00000133812.20","SBF2","81846","SET binding factor 2"
33.6637114956706,-2.50248801835151,0.365158443685621,3.04865270522531e-13,4.29737416519923e-12,"ENSG00000250041.4","LOC124902629","124902629","uncharacterized LOC124902629"
856.236247548598,1.58981399708354,0.132388405599884,2.05650456112401e-34,1.39093670338129e-32,"ENSG00000166689.20","PLEKHA7","144100","pleckstrin homology domain containing A7"
1031.47457323182,1.05036243266552,0.982468687876497,0.00251253700057063,0.00674896935826506,"ENSG00000011405.16","PIK3C2A","5286","phosphatidylinositol-4-phosphate 3-kinase catalytic subunit type 2 alpha"
520.244516740054,1.80182076703734,0.418862373601805,2.51171149318862e-07,1.67821069915345e-06,"ENSG00000134339.11","SAA2","6289","serum amyloid A2"
286.226150746762,1.07904214884672,0.301729729960019,3.49023565174795e-05,0.000155106953092467,"ENSG00000177054.16","ZDHHC13","54503","zDHHC palmitoyltransferase 13"
211.809214251894,1.33206865967711,0.165317029531439,1.23597565417692e-16,2.42185267637386e-15,"ENSG00000187398.13","LUZP2","338645","leucine zipper protein 2"
2586.46022318056,1.08606904412049,0.213033175263207,3.85975001429169e-08,2.94513631718912e-07,"ENSG00000205213.16","LGR4","55366","leucine rich repeat containing G protein-coupled receptor 4"
9.70007563853787,1.19142075206843,0.421089734024453,0.000729161872251893,0.00231700087203718,"ENSG00000245573.10","BDNF-AS","497258","BDNF antisense RNA"
69.1200021690129,2.69426282580811,0.894993295106046,2.73564849397542e-06,1.51531736442511e-05,"ENSG00000007372.26","PAX6","5080","paired box 6"
486.140789159416,1.71228762548051,0.245501964726774,7.06237771206953e-14,1.06149051362402e-12,"ENSG00000135378.6","PRRG4","79056","proline rich and Gla domain 4"
2132.13780309801,1.2093775247176,0.706711803003556,0.00155493838200997,0.00446198451599847,"ENSG00000060749.18","QSER1","79832","glutamine and serine rich 1"
161.590059498461,1.07163562181877,0.114809144811333,2.15389734595834e-21,6.18533537654069e-20,"ENSG00000176148.18","TCP11L1","55346","t-complex 11 like 1"
85.9320956887824,1.33660387732404,0.132677656571501,1.29350914303809e-24,4.82983159680154e-23,"ENSG00000280798.1","LINC00294","283267","long intergenic non-protein coding RNA 294"
1270.44068513015,1.3151800301148,0.567293750467417,0.000467079856212319,0.00157267215341707,"ENSG00000110422.14","HIPK3","10114","homeodomain interacting protein kinase 3"
9114.72335126863,1.38637497982822,0.338155631801142,1.49910005968975e-06,8.72363095112288e-06,"ENSG00000135373.15","EHF","26298","ETS homologous factor"
18.3554512277928,1.0334966275493,0.427643679242129,0.00235495014812892,0.00637564716191995,"ENSG00000255521.4","CD44-DT","100507144","CD44 divergent transcript"
1246.29633285542,-2.13139181489703,0.347273556694769,5.14660944776832e-12,6.36965203001888e-11,"ENSG00000175274.21","TP53I11","9537","tumor protein p53 inducible protein 11"
527.446640547029,-1.08992268420472,0.229403986050601,2.14787744176739e-07,1.44829112503257e-06,"ENSG00000181830.11","SLC35C1","55343","solute carrier family 35 member C1"
403.868460571614,-1.0254876827803,0.270349205126753,1.65948519630481e-05,7.90331105998036e-05,"ENSG00000121680.18","PEX16","9409","peroxisomal biogenesis factor 16"
308.341716905665,-1.08495876726027,0.198456908598611,5.48602635553811e-09,4.80136279391335e-08,"ENSG00000175213.5","ZNF408","79797","zinc finger protein 408"
24.2418135728683,1.8478686315543,0.303143664256788,1.19065590379797e-10,1.28041176377047e-09,"ENSG00000165923.17","AGBL2","79841","AGBL carboxypeptidase 2"
41.0081486500992,-1.3746461946235,0.262293514927526,2.01034470217159e-08,1.61130590707838e-07,"ENSG00000186907.9","RTN4RL2","349667","reticulon 4 receptor like 2"
850.505776665071,-1.41308608981509,0.121173471960054,2.35212647872362e-32,1.41136740966525e-30,"ENSG00000134809.11","TIMM10","26519","translocase of inner mitochondrial membrane 10"
825.515685831557,-2.26459796940454,0.277814656623899,2.84195900209049e-18,6.39793427317335e-17,"ENSG00000134827.8","TCN1","6947","transcobalamin 1"
1587.01040681715,-1.62544564146371,0.0994069312700234,5.60237038592557e-61,1.27050226060821e-58,"ENSG00000110104.14","CCDC86","79080","coiled-coil domain containing 86"
3956.72597701726,-1.00742356690557,0.130808521924158,2.40993753239413e-15,4.20403243066174e-14,"ENSG00000110107.11","PRPF19","27339","pre-mRNA processing factor 19"
3137.41166118724,-1.04796449290789,0.179788865432387,7.24212969101859e-10,7.12705054021682e-09,"ENSG00000110108.13","TMEM109","79073","transmembrane protein 109"
565.380629958993,-1.20796656342776,0.24820200625555,9.55644922505783e-08,6.81952815824233e-07,"ENSG00000204922.7","UQCC3","790955","ubiquinol-cytochrome c reductase complex assembly factor 3"
1116.01686627346,-1.24071259030271,0.123332999581936,1.04408272716653e-24,3.94627444500858e-23,"ENSG00000133316.18","WDR74","54663","WD repeat domain 74"
540.082268503529,-1.11381373722078,0.405640896292533,0.000366778279427593,0.00126789684982132,"ENSG00000176340.5","COX8A","1351","cytochrome c oxidase subunit 8A"
1612.8292727781,-1.25114943907838,0.191366347249124,1.09074919891749e-11,1.30593504631262e-10,"ENSG00000149781.16","FERMT3","83706","FERM domain containing kindlin 3"
49.9602146580279,-1.87811671849152,0.25111307546772,4.86814524023935e-15,8.18665951469259e-14,"ENSG00000256940.6","PPP1R14B-AS1","105369340","PPP1R14B antisense RNA 1"
663.414992007334,-1.1158184910511,0.305652832973302,2.01776381530725e-05,9.42907145328883e-05,"ENSG00000173264.18","GPR137","56834","G protein-coupled receptor 137"
2361.77792891225,-1.53682725993009,0.352637244668417,2.95037165843359e-07,1.94351479473321e-06,"ENSG00000162302.15","RPS6KA4","8986","ribosomal protein S6 kinase A4"
5098.8596779296,-1.14770596404368,0.206181905285766,2.12136493213976e-09,1.97188478713244e-08,"ENSG00000110047.19","EHD1","10938","EH domain containing 1"
351.393275277449,-1.24239658352131,0.166689969004274,1.5747187320342e-14,2.50865057507225e-13,"ENSG00000168062.11","BATF2","116071","basic leucine zipper ATF-like transcription factor 2"
976.867276796847,-1.18336723985551,0.355695333596284,5.03987180869323e-05,0.000215589079505848,"ENSG00000213465.10","ARL2","402","ARF like GTPase 2"
8.26523532290305,1.17934967290378,0.441177030222974,0.00124172248442566,0.00366620762633124,"ENSG00000110025.15","SNX15","29907","sorting nexin 15"
257.561482731011,-1.03899373915251,0.321793066611876,0.000125851455120908,0.000489224928010972,"ENSG00000168061.18","SAC3D1","29901","SAC3 domain containing 1"
257.673213881412,-1.53689511466587,0.278013185640406,1.61547550112889e-09,1.51718926327093e-08,"ENSG00000174276.7","ZNHIT2","741","zinc finger HIT-type containing 2"
1336.32856144604,1.74525732654946,0.684361717259593,5.94124947205676e-05,0.000249645798661001,"ENSG00000245532.13","NEAT1","283131","nuclear paraspeckle assembly transcript 1"
20.7261835485644,1.09461399978686,0.389786731897257,0.000842664162238607,0.00262891443372073,"ENSG00000291174.2","FAUP4","101927789","FAU pseudogene 4"
6189.98888860211,2.60852333755877,1.58920266455228,2.37576777655593e-06,1.33369912203382e-05,"ENSG00000251562.13","MALAT1","378938","metastasis associated lung adenocarcinoma transcript 1"
582.99885828789,-1.34534236465425,0.230423735687519,3.25405182293319e-10,3.33333131070157e-09,"ENSG00000173465.10","ZNRD2","10534","zinc ribbon domain containing 2"
24.4768224438919,1.03453243599549,0.657323058107403,0.00618369473326618,0.0146098906820435,"ENSG00000172638.15","EFEMP2","30008","EGF-like fibulin extracellular matrix protein 2"
131.5103902297,-3.24792800496725,0.340825916978761,5.97175085958722e-24,2.11702000013091e-22,"ENSG00000305207.1",NA,NA,NA
1524.20544444024,-1.21223452232721,0.473242241273993,0.000405753085375637,0.00138800317869958,"ENSG00000175602.4","CCDC85B","11007","coiled-coil domain containing 85B"
4398.47329065312,-2.30560676453781,0.197843996982232,3.54199892696549e-33,2.2477845865323e-31,"ENSG00000175592.11","FOSL1","8061","FOS like 1, AP-1 transcription factor subunit"
115.679570451088,-1.85558158478979,0.28471817608129,6.43063200708788e-12,7.90173515388862e-11,"ENSG00000301294.1",NA,NA,NA
2498.47080456669,-1.22478517562449,0.235093081298881,1.33372612080959e-08,1.10103803581396e-07,"ENSG00000175550.9","DRAP1","10589","DR1 associated protein 1"
1114.45201190595,-1.04247068615118,0.378788608562635,0.000463184570657019,0.00156057882108409,"ENSG00000174851.18","YIF1A","10897","Yip1 interacting factor homolog A, membrane trafficking protein"
648.623963443735,-1.74502344237305,0.228159478360375,4.72580104840988e-16,8.81216178567458e-15,"ENSG00000174791.13","RIN1","9610","Ras and Rab interactor 1"
1227.0215304033,-1.48702667082866,0.150863089994944,3.43656188135066e-24,1.2440192669556e-22,"ENSG00000174744.16","BRMS1","25855","BRMS1 transcriptional repressor and anoikis regulator"
1246.04114014439,-1.11360495136747,0.217048256950518,2.84604845500083e-08,2.21997537807627e-07,"ENSG00000254986.10","DPP3","10072","dipeptidyl peptidase 3"
17.1259489485021,1.63237658141594,0.371969935793659,1.05497235654478e-06,6.31304955773263e-06,"ENSG00000174483.22","BBS1","582","Bardet-Biedl syndrome 1"
197.722323643307,1.15149568589714,0.221978394972389,2.92990419172589e-08,2.2819218454851e-07,"ENSG00000173715.21","TOP6BL","79703","TOP6B like initiator of meiotic double strand breaks"
627.722389054221,-1.42919564272559,0.39301289791148,7.32397138122128e-06,3.76602076258131e-05,"ENSG00000173621.11","LRFN4","78999","leucine rich repeat and fibronectin type III domain containing 4"
1638.52616445251,-1.08497132966887,0.311264919398501,4.08233285462147e-05,0.000178036354499767,"ENSG00000175634.17","RPS6KB2","6199","ribosomal protein S6 kinase B2"
109.577626877547,1.02124193019058,0.910198608922206,0.00560361591766937,0.013414057911577,"ENSG00000175544.15","CABP4","57010","calcium binding protein 4"
3294.68877785287,-1.0381415891915,0.340436023378368,0.000191641811416548,0.000714015069788495,"ENSG00000167792.15","NDUFV1","4723","NADH:ubiquinone oxidoreductase core subunit V1"
23.9073886584816,-2.11951559573003,0.384111316660992,2.66345839062346e-09,2.44628897211461e-08,"ENSG00000132744.10","ACY3","91703","aminoacylase 3"
2880.59561926564,-1.14999387450702,0.425452487030786,0.000338598161311931,0.00118348192329812,"ENSG00000110717.15","NDUFS8","4728","NADH:ubiquinone oxidoreductase core subunit S8"
101.026946338828,1.00574171838414,0.150614671947064,5.90435910031624e-12,7.28408973487814e-11,"ENSG00000260877.3",NA,NA,NA
1099.67432230924,-1.00304248503004,0.223083158915636,9.26858570770483e-07,5.60293454325818e-06,"ENSG00000168040.7","FADD","8772","Fas associated via death domain"
34.4854607013211,1.19268062982585,0.46451613903476,0.000802668189658389,0.00251840206566064,"ENSG00000254469.13","XNDC1N","100133315","XRCC1 N-terminal domain containing 1, N-terminal like"
1434.21820479468,-1.01550432309722,0.243423159779776,3.57089624229213e-06,1.94651081485991e-05,"ENSG00000149357.12","LAMTOR1","55004","late endosomal/lysosomal adaptor, MAPK and MTOR activator 1"
35.8644714456645,-1.16685016491524,0.300179382010334,1.6510647085082e-05,7.87050042346368e-05,"ENSG00000186642.17","PDE2A","5138","phosphodiesterase 2A"
43.7801658816038,-1.21982421752218,0.253806239250502,2.18900603959583e-07,1.47473403829651e-06,"ENSG00000298945.1",NA,NA,NA
1236.4942270008,-1.10121283904585,0.269338693613583,3.96027016260611e-06,2.13985025149085e-05,"ENSG00000175591.14","P2RY2","5029","purinergic receptor P2Y2"
25.9431359394437,1.93228423585138,0.630921075025751,3.70567539166952e-05,0.000163599256269498,"ENSG00000171631.18","P2RY6","5031","pyrimidinergic receptor P2Y6"
16.8509793466852,-1.0768983569743,0.372494902450156,0.000682013435978368,0.00218746447508785,"ENSG00000149380.14","P4HA3","283208","prolyl 4-hydroxylase subunit alpha 3"
319.144795900765,2.99420008525177,0.183113930423948,2.92517380978077e-61,6.73270228666109e-59,"ENSG00000165434.10","PGM2L1","283209","phosphoglucomutase 2 like 1"
24.1318902520045,1.82024450189418,0.856299005953004,0.000303892162818646,0.0010753375499831,"ENSG00000175538.13","KCNE3","10008","potassium voltage-gated channel subfamily E regulatory subunit 3"
52.2418974131133,1.26850566457548,0.317366188899943,7.32858547637622e-06,3.76713722103993e-05,"ENSG00000254837.3","LIPT2-AS1","100287896","LIPT2 antisense RNA 1"
528.518696025591,-1.16044045644622,0.187799260650433,1.01132129208682e-10,1.09442706282602e-09,"ENSG00000158555.17","GDPD5","81544","glycerophosphodiester phosphodiesterase domain containing 5"
4022.04429966341,-1.0007181812039,0.0963684773848505,9.32696837053697e-26,3.76521411628405e-24,"ENSG00000149257.18","SERPINH1","871","serpin family H member 1"
1224.03178426974,1.26721627132934,0.402057172266191,6.59462866370646e-05,0.000274038719005705,"ENSG00000048649.15","RSF1","51773","remodeling and spacing factor 1"
212.153013630054,1.45296504115195,0.147058542602752,7.15940313731882e-24,2.49785420318085e-22,"ENSG00000137502.12","RAB30","27314","RAB30, member RAS oncogene family"
385.717325500561,1.07651228803429,0.20418056608066,1.7843954180635e-08,1.44219925272313e-07,"ENSG00000166575.19","TMEM135","65084","transmembrane protein 135"
94.933006295534,1.59918013848192,0.182410884560499,2.06313767667034e-19,5.07426572758107e-18,"ENSG00000182919.17","BKGD","28970","beta-keto-L-gulonate decarboxylase"
16.4638421975947,1.90815259375219,0.839461444408317,0.000250624746576523,0.00090873217885703,"ENSG00000214376.8","VSTM5","387804","V-set and transmembrane domain containing 5"
798.655793940501,1.23712948359148,0.103533523373113,7.72331016240165e-34,5.04665957688118e-32,"ENSG00000184384.16","MAML2","84441","mastermind like transcriptional coactivator 2"
539.563310084072,1.25324281467564,0.401355517994108,7.7961827410516e-05,0.000319068296310395,"ENSG00000149231.18","CCDC82","79780","coiled-coil domain containing 82"
418.131492599976,1.53911058835746,0.313695635110945,3.19052062518205e-08,2.4686913477638e-07,"ENSG00000165895.20","ARHGAP42","143872","Rho GTPase activating protein 42"
39.4887969788049,-2.05659582118261,0.279899838325608,1.47809381016294e-14,2.36203985974328e-13,"ENSG00000293587.2",NA,NA,NA
190.595581180524,1.5565331613429,0.504520262727886,3.9848501464148e-05,0.000174179064931583,"ENSG00000110318.17","CEP126","57562","centrosomal protein 126"
1409.91250351772,2.43117842195336,0.162449854386443,1.92828885301464e-52,3.30401582248208e-50,"ENSG00000023445.19","BIRC3","330","baculoviral IAP repeat containing 3"
823.198847586146,1.1572873265949,0.331434117177465,3.30912813615479e-05,0.000147913231848241,"ENSG00000110330.12","BIRC2","329","baculoviral IAP repeat containing 2"
6336.24820665911,1.31195108084682,0.191834844298672,6.36196348485761e-13,8.63618697837078e-12,"ENSG00000152558.17","TMEM123","114908","transmembrane protein 123"
4667.35078343477,1.36084848202437,0.507838851323033,0.000179859494721594,0.000675502500755406,"ENSG00000137673.11","MMP7","4316","matrix metallopeptidase 7"
1517.9079864435,-1.85671713732276,0.546131683013483,8.21996585317533e-06,4.19318866760889e-05,"ENSG00000196611.7","MMP1","4312","matrix metallopeptidase 1"
60.8059493845671,2.19599625437195,0.202711213722844,3.1190041191062e-28,1.49838512525659e-26,"ENSG00000137745.15","MMP13","4322","matrix metallopeptidase 13"
206.857208792734,1.26507024233088,0.618399130913924,0.00102714908891689,0.00311130742490421,"ENSG00000187240.19","DYNC2H1","79659","dynein cytoplasmic 2 heavy chain 1"
45.4330526279143,2.5450115826491,0.269104504368719,3.56492713224782e-22,1.09293720291041e-20,"ENSG00000170962.15","PDGFD","80310","platelet derived growth factor D"
553.40933709165,1.0991158770743,0.448401673694629,0.000824163463079004,0.00258006998866044,"ENSG00000166266.16","CUL5","8065","cullin 5"
593.965704390383,1.02113520475577,0.612209222142419,0.0038956310102343,0.00982573205901588,"ENSG00000149311.24","ATM","472","ATM serine/threonine kinase"
397.825508521065,1.17387219621569,0.447052398758413,0.000447277189443268,0.00151160673644634,"ENSG00000110723.13","EXPH5","23086","exophilin 5"
567.669080120305,1.05159760432961,0.435783711978334,0.00103283142210004,0.00312667714177556,"ENSG00000149289.12","ZC3H12C","85463","zinc finger CCCH-type containing 12C"
89.1843373084311,1.16658692443114,0.169643528962356,1.13501298621224e-12,1.50499013416844e-11,"ENSG00000150764.16","DIXDC1","85458","DIX domain containing 1"
115.631083712679,-1.11667778195654,0.415466936407035,0.00123713642944602,0.00365616728219375,"ENSG00000137726.19","FXYD6","53826","FXYD domain containing ion transport regulator 6"
18.1382674473333,1.57563062786518,0.389912250399229,5.0491704573589e-06,2.68401439582667e-05,"ENSG00000110375.4","UPK2","7379","uroplakin 2"
5680.31712496454,-1.46339032197148,0.289519258437677,1.73360212042394e-08,1.40778716688033e-07,"ENSG00000188486.4","H2AX","3014","H2A.X variant histone"
511.022148294025,2.85684011208508,0.695328614569337,1.30531912922557e-08,1.07932044459987e-07,"ENSG00000076706.19","MCAM","4162","melanoma cell adhesion molecule"
633.147868279912,-1.15303714096342,0.0770625595991994,2.88088356837136e-51,4.72618143700583e-49,"ENSG00000184232.11","OAF","220323","out at first homolog"
3216.78266311022,1.20038911245692,0.298231258410105,3.60901895621398e-06,1.96590184824358e-05,"ENSG00000196914.11","ARHGEF12","23365","Rho guanine nucleotide exchange factor 12"
109.251146044765,1.05996605268197,0.410306840411974,0.000768696342869496,0.00242513631411426,"ENSG00000154114.15","TBCEL","219899","tubulin folding cofactor E like"
228.632150145865,-1.48049270286567,0.56432414366352,0.000206108959220986,0.000762756481916685,"ENSG00000023171.22","GRAMD1B","57476","GRAM domain containing 1B"
257.134642749797,1.241655593843,0.139283558793944,8.33145198231712e-20,2.12714107647868e-18,"ENSG00000110002.18","VWA5A","4013","von Willebrand factor A domain containing 5A"
459.935137972793,-1.55135013961555,0.142365136223462,1.44269452379412e-28,7.0627911909299e-27,"ENSG00000154146.15","NRGN","4900","neurogranin"
15.1586771711123,1.23934079773003,0.359968884516538,8.80401947737189e-05,0.000355503494005111,"ENSG00000245498.8","MSANTD2-AS1","100507283","MSANTD2 antisense RNA 1"
92.1321846353334,-1.05028186324991,0.555983982477847,0.00441321611438536,0.0109415121704078,"ENSG00000154134.16","ROBO3","64221","roundabout guidance receptor 3"
323.83557509263,1.4500186378161,0.294695754872855,4.03932980169152e-08,3.07303921420251e-07,"ENSG00000064309.18","CDON","50937","cell adhesion associated, oncogene regulated"
1471.63493727898,1.03940175492557,0.103440663655292,2.25588152534929e-24,8.30261312706717e-23,"ENSG00000134909.19","ARHGAP32","9743","Rho GTPase activating protein 32"
21.7688246360479,1.09823260729656,0.50677891896013,0.00329886989340938,0.00852612328407305,"ENSG00000293970.1",NA,NA,NA
280.37083354358,-2.16639525504665,0.235584623179614,1.85412469395651e-21,5.35439267893321e-20,"ENSG00000151715.10","TMEM45B","120224","transmembrane protein 45B"
55.3023497366005,-1.96403108018885,0.609418578293757,1.47233053913547e-05,7.08418385148457e-05,"ENSG00000166106.6","ADAMTS15","170689","ADAM metallopeptidase with thrombospondin type 1 motif 15"
60.3633033099441,1.32008156238699,0.33146989586119,5.33618758809838e-06,2.81785779995637e-05,"ENSG00000261799.1",NA,NA,NA
637.859244163472,-1.60960195571314,0.194468135642923,4.57466420891086e-18,1.00238206113275e-16,"ENSG00000197905.11","TEAD4","7004","TEA domain transcription factor 4"
272.199448505527,-1.28132672855222,0.229555952170541,1.89699247806705e-09,1.77294066692557e-08,"ENSG00000250899.3",NA,NA,NA
225.728063909622,-1.23485216543765,0.173989307568804,1.25451246008748e-13,1.84597677929475e-12,"ENSG00000011105.16","TSPAN9","10867","tetraspanin 9"
23.3140838373477,1.41796491662221,0.296456433728379,2.62844983304665e-07,1.7478794685387e-06,"ENSG00000256433.3",NA,NA,NA
91.3555465588976,-1.60458175172275,0.380091628013167,1.4439624112355e-06,8.43779626512413e-06,"ENSG00000269968.2",NA,NA,NA
2241.3258829025,-1.03599815587553,0.222421135832238,3.73525455263475e-07,2.42383739795028e-06,"ENSG00000111667.16","USP5","8078","ubiquitin specific peptidase 5"
146.811946054991,1.15739985791825,0.199222756273028,1.10869986476425e-09,1.06326247602795e-08,"ENSG00000182326.19","C1S","716","complement C1s"
250.55430386242,1.45659041451196,0.619937048609352,0.00086063546990311,0.002679841985943,"ENSG00000059804.20","SLC2A3","6515","solute carrier family 2 member 3"
46.4287436432918,1.40669327592637,0.312512499217082,8.26277248543063e-07,5.04434736729318e-06,"ENSG00000294711.1",NA,NA,NA
15.9967889702559,1.27660654823852,0.63015441064238,0.00233465845015152,0.00632515248766456,"ENSG00000308602.1","OVOS1BP","728715","ovostatin 1B, pseudogene"
78.3070420921297,1.25171583380204,0.292997304758443,1.96806210758524e-06,1.11955360913504e-05,"ENSG00000284634.2","LOC374443","374443","C-type lectin domain family 2 member D pseudogene"
48.0441684742873,1.08618304890274,0.366368767918801,0.000435415152714587,0.00147702091289301,"ENSG00000257027.1",NA,NA,NA
71.9331873099771,1.60216178233083,0.44130614861195,9.89738780055316e-06,4.9554421192315e-05,"ENSG00000069493.16","CLEC2D","29121","C-type lectin domain family 2 member D"
36.3791429455611,1.5837104102387,0.759184755387869,0.000491555035343681,0.00164502391493813,"ENSG00000121380.14","BCL2L14","79370","BCL2 like 14"
1003.78327791621,1.46497338226288,0.21435145370914,4.70068824424104e-13,6.50128371429964e-12,"ENSG00000070018.11","LRP6","4040","LDL receptor related protein 6"
168.839409342595,1.32530372360425,0.352513282764196,1.26122678000277e-05,6.16071529123304e-05,"ENSG00000180861.9","LINC01559","283422","long intergenic non-protein coding RNA 1559"
596.743312766786,-1.31418216319059,0.283729934250669,2.04931184602994e-07,1.38789802273288e-06,"ENSG00000246705.5","H2AJ","55766","H2A.J histone"
2656.78939088396,-1.25458111877759,0.384559987767919,5.2943884192186e-05,0.0002256626971055,"ENSG00000111348.11","ARHGDIB","397","Rho GDP dissociation inhibitor beta"
52.6288403853929,1.52954403362553,0.5839587244459,0.000257057147880359,0.000928355568492508,"ENSG00000134533.8","RERG","85004","RAS like estrogen regulated growth inhibitor"
1117.00937444825,1.04805494412011,0.107559331600943,4.28422562506496e-23,1.39381948025584e-21,"ENSG00000151491.16","EPS8","2059","EGFR pathway substrate 8, signaling adaptor"
665.78361572442,1.00791877774161,0.337258093633676,0.000285169552557048,0.00101612688761565,"ENSG00000052126.19","PLEKHA5","54477","pleckstrin homology domain containing A5"
203.930101167741,1.27204732112224,0.385941704009467,5.86374177358097e-05,0.000246859846820617,"ENSG00000111700.15","SLCO1B3","28234","solute carrier organic anion transporter family member 1B3"
1771.29005515125,1.25247563875765,0.264338805111678,2.95244010906918e-07,1.94404692237215e-06,"ENSG00000060982.17","BCAT1","586","branched chain amino acid transaminase 1"
141.580141698507,1.00290324454668,0.149509671775407,4.83799347351747e-12,6.01666914154137e-11,"ENSG00000123095.8","BHLHE41","79365","basic helix-loop-helix family member e41"
442.195930086042,1.00277995865059,0.472179439245721,0.00260895229003974,0.00697877766950613,"ENSG00000123104.13","ITPR2","3709","inositol 1,4,5-trisphosphate receptor type 2"
675.701977421606,1.42028836262445,0.337006429588409,9.83461751791567e-07,5.92020323375995e-06,"ENSG00000211455.10","STK38L","23012","serine/threonine kinase 38 like"
10.5925026367542,1.42150082724762,0.458397004553179,0.00023158572471143,0.000846275701605443,"ENSG00000139160.15","ETFBKMT","254013","electron transfer flavoprotein subunit beta lysine methyltransferase"
80.4743980133818,1.29771707980107,0.259337570993275,6.35554276722523e-08,4.65379036150904e-07,"ENSG00000151743.12","AMN1","196394","antagonist of mitotic exit network 1 homolog"
725.806613500257,1.73976663895539,0.419790765942792,5.18588439648293e-07,3.2869512239278e-06,"ENSG00000174718.14","RESF1","55196","retroelement silencing factor 1"
319.328897611629,1.25364026016289,0.391699585578066,6.89926922025975e-05,0.000285390640143845,"ENSG00000139132.17","FGD4","121512","FYVE, RhoGEF and PH domain containing 4"
19.0411768678921,-1.09065329903453,0.277438474085939,1.59765829861935e-05,7.63716324333817e-05,"ENSG00000257718.2",NA,NA,NA
537.279247867827,1.03040074329099,0.49067509592073,0.00220052724023278,0.00601187905198948,"ENSG00000139116.21","KIF21A","55605","kinesin family member 21A"
1900.27403347108,1.0803237636581,0.152343726208151,1.74560139005496e-13,2.52049803708217e-12,"ENSG00000177119.19","ANO6","196527","anoctamin 6"
1278.50015618564,1.2311756185,0.358072720535124,3.28088460234199e-05,0.000146948944097345,"ENSG00000189079.20","ARID2","196528","AT-rich interaction domain 2"
10.0683436166838,1.18320261707437,0.603216649616776,0.00467957368576609,0.0115023590202689,"ENSG00000269514.4",NA,NA,NA
35.9180863286054,-1.29144576432932,0.41608850503813,0.0002246885918458,0.000823022036782442,"ENSG00000177627.12","C12orf54","121273","chromosome 12 open reading frame 54"
63.7977568785683,-1.39144698994553,0.256114082648698,5.85146332550429e-09,5.09229209608361e-08,"ENSG00000258017.4",NA,NA,NA
16380.1117759565,-1.22557061702195,0.167864631236098,3.00903085371813e-14,4.66354420052134e-13,"ENSG00000167553.19","TUBA1C","84790","tubulin alpha 1c"
9.83046623333692,-1.17314887842798,0.573298169963655,0.00438708543386542,0.0108872295583583,"ENSG00000258232.2",NA,NA,NA
23.740608136904,-1.43950614608203,0.546991332862816,0.000747147026141195,0.00236732161292857,"ENSG00000186897.7","C1QL4","338761","complement C1q like 4"
17.0892222862766,-1.12619450402509,0.401272356372281,0.000813538230717674,0.00255053702974358,"ENSG00000135519.10","KCNH3","23416","potassium voltage-gated channel subfamily H member 3"
62.0891174422772,-2.43493565796244,0.374547160652249,3.48030743561534e-12,4.39556273256545e-11,"ENSG00000135472.11","FAIM2","23017","Fas apoptotic inhibitory molecule 2"
201.637910943323,-1.13355024432581,0.238626995705335,2.11025766842611e-07,1.42541758671919e-06,"ENSG00000178449.11","COX14","84987","cytochrome c oxidase assembly factor COX14"
8.49850327209256,1.40206269634913,0.788007603503882,0.00346788947193271,0.00889674322852675,"ENSG00000257298.1",NA,NA,NA
447.471280267238,1.34808850195609,0.304306397883362,8.36984837017053e-07,5.101637617249e-06,"ENSG00000185432.14","TMT1A","25840","thiol methyltransferase 1A"
786.314492587673,-1.07681290077818,0.170575608458178,3.74042932694276e-11,4.24306171044706e-10,"ENSG00000170545.19","SMAGP","57228","small cell adhesion glycoprotein"
43.6340039352653,1.52222060109598,0.42844032696119,3.69633293551614e-05,0.000163280292748767,"ENSG00000196876.19","SCN8A","6334","sodium voltage-gated channel alpha subunit 8"
904.561660322313,-1.21132685403551,0.22272503563172,4.641949587135e-09,4.10401832864103e-08,"ENSG00000123395.16","ATG101","60673","autophagy related 101"
15.378830234745,-1.53630605415125,0.407431073297124,1.68690103721549e-05,8.01902000459313e-05,"ENSG00000257671.1","KRT7-AS","109729127","KRT7 antisense RNA 1"
7939.25422487476,-1.0228623291857,0.348319847814731,0.000339716733048128,0.0011863160643875,"ENSG00000205420.12","KRT6A","3853","keratin 6A"
15067.4177472081,-2.95176773299143,0.226967905713444,3.59822490874477e-40,3.36292280713655e-38,"ENSG00000186081.12","KRT5","3852","keratin 5"
8.82015403775591,-1.03863407030038,0.65898617102587,0.0109259064914776,0.0237374477324706,"ENSG00000170423.14","KRT78","196374","keratin 78"
1960.16646516236,-2.16752722511572,0.109756752761282,3.97597552024338e-88,3.06567592488366e-85,"ENSG00000167779.11","IGFBP6","3489","insulin like growth factor binding protein 6"
1592.06394908564,-1.05087447762734,0.295615071238618,3.18792860461041e-05,0.000143118040790967,"ENSG00000094914.16","AAAS","8086","aladin WD repeat nucleoporin"
606.171746166781,-1.20239625834195,0.272591999032056,7.43613914096501e-07,4.57227678201042e-06,"ENSG00000139546.13","TARBP2","6895","TARBP2 subunit of RISC loading complex"
52.6116739989005,-1.63435202306407,0.389834286606569,1.78582769621825e-06,1.02467585967392e-05,"ENSG00000180818.6","HOXC10","3226","homeobox C10"
120.767969298827,-1.19040774576935,0.350045030646215,9.84285564227533e-05,0.000392924351176619,"ENSG00000250742.7","LINC02381","400043","long intergenic non-protein coding RNA 2381"
133.44570504227,-1.07134176780258,0.164840162551656,1.71213820564116e-11,2.0108821987199e-10,"ENSG00000170439.9","TMT1B","196410","thiol methyltransferase 1B"
9.35593616401444,1.42359242275522,0.42328240699055,0.00010484350859945,0.000415883638112603,"ENSG00000182796.17",NA,NA,NA
11.61986315922,-1.19435883873127,0.464289270901096,0.00143186179110249,0.0041528570021801,"ENSG00000258317.2",NA,NA,NA
66.5654275034955,-1.58985663287927,0.208475113819768,2.36972996345639e-15,4.13857369948596e-14,"ENSG00000111012.13","CYP27B1","1594","cytochrome P450 family 27 subfamily B member 1"
349.589063891832,-1.47914029215944,0.113366602628547,7.64338394239473e-40,7.0159895104565e-38,"ENSG00000037897.19","METTL1","4234","methyltransferase 1, tRNA methylguanosine"
52.7968486970145,2.34641667290389,0.372141468801769,8.18818800977118e-12,9.96606529587067e-11,"ENSG00000135407.12","AVIL","10677","advillin"
40.3000246836667,-1.23815212479547,0.577776143850327,0.00301810282842703,0.00791398804917076,"ENSG00000257698.4","GIHCG","100506844","GIHCG inhibitor of miR-200b/200a/429 expression"
67.9870082548158,2.14818224958386,0.703144899036821,9.7307703252868e-06,4.87800824537648e-05,"ENSG00000257354.2","MIRLET7IHG","120766144","MIRLET7I host gene"
31.2429552589514,1.77959860972873,0.360292577551262,3.54248007300632e-08,2.71919289227628e-07,"ENSG00000275180.3",NA,NA,NA
17.6027426555108,-2.25135518135324,0.317907054499966,1.32182076291061e-13,1.93946698238292e-12,"ENSG00000296964.1",NA,NA,NA
2403.82190756379,1.48147396639996,0.306604780182145,4.63216696453021e-08,3.48282041735838e-07,"ENSG00000090376.13","IRAK3","11213","interleukin 1 receptor associated kinase 3"
908.870693305307,1.05482969417402,0.318201741933389,8.79822176756876e-05,0.000355455535440602,"ENSG00000135679.29","MDM2","4193","MDM2 proto-oncogene"
328.526856894271,-1.9700104950473,0.514234514446957,7.04179810275289e-07,4.35411261197082e-06,"ENSG00000135678.14","CPM","1368","carboxypeptidase M"
507.994336330559,1.02372292516816,0.520772994331955,0.00288118858219263,0.00760280785865719,"ENSG00000166225.11","FRS2","10818","fibroblast growth factor receptor substrate 2"
561.745225009661,1.21329239765809,0.155602111058139,6.3717427657897e-16,1.16974577608623e-14,"ENSG00000127328.24","RAB3IP","117177","RAB3A interacting protein"
44.7820524566135,1.46457845359515,0.233353533834975,4.79723146621476e-11,5.37241150620900e-10,"ENSG00000153233.14","PTPRR","5801","protein tyrosine phosphatase receptor type R"
71.0968990920351,-1.62460749929929,0.285714731830011,1.15986929049556e-09,1.10957471021911e-08,"ENSG00000127324.11","TSPAN8","7103","tetraspanin 8"
778.558366814039,1.19186433974049,0.401473936057663,0.000173693500168241,0.000654736608676228,"ENSG00000133858.18","ZFC3H1","196441","zinc finger C3H1-type containing"
42.2002771863889,1.03044113390903,0.202506234351683,8.27575482882348e-08,5.96357080445266e-07,"ENSG00000173451.8","THAP2","83591","THAP domain containing 2"
515.224289313693,1.27598245280039,0.331515441605396,1.65901771750488e-05,7.90331105998036e-05,"ENSG00000072657.11","TRHDE","29953","thyrotropin releasing hormone degrading enzyme"
298.938364244226,1.29926863598005,0.66651708068346,0.000855599407400179,0.00266603323126251,"ENSG00000186908.17","ZDHHC17","23390","zDHHC palmitoyltransferase 17"
81.3871923114892,-1.27927015358793,0.241217512296768,1.76980613476612e-08,1.43341283635653e-07,"ENSG00000139304.16","PTPRQ","374462","protein tyrosine phosphatase receptor type Q"
395.440584791314,1.07051015754113,0.101390275934089,1.21389209425314e-26,5.19984166263271e-25,"ENSG00000179104.10","TMTC2","160335","transmembrane O-mannosyltransferase targeting cadherins 2"
102.537898471408,1.30487996564055,0.372407753615257,4.94566856706023e-05,0.000211912072721967,"ENSG00000198774.6","RASSF9","9182","Ras association domain family member 9"
367.940867338361,1.26424353359037,0.690469639489657,0.00117485504990933,0.00349420245412763,"ENSG00000198707.19","CEP290","80184","centrosomal protein 290"
1243.38448429463,1.18662107611544,0.68177947085732,0.00176098260761213,0.00495459091260476,"ENSG00000139324.14","TMTC3","160418","transmembrane O-mannosyltransferase targeting cadherins 3"
725.20265630979,1.84170654313841,0.434546816933024,2.2882826341942e-07,1.53892745320143e-06,"ENSG00000049130.18","KITLG","4254","KIT ligand"
17.2528675299791,2.86675154225005,0.414466074036974,7.7591552153604e-13,1.04684105490877e-11,"ENSG00000187510.13","PLEKHG7","440107","pleckstrin homology and RhoGEF domain containing G7"
799.418069616663,1.21287566787814,0.627793783999927,0.00136089121848858,0.00397543161210691,"ENSG00000102189.19","EEA1","8411","early endosome antigen 1"
18.7569749316961,1.21916808790298,0.370874242489193,0.000153813012847139,0.000585956144050327,"ENSG00000257252.8",NA,NA,NA
75.4421396196331,1.60677134476102,0.322384664712567,6.28943111535087e-08,4.60756851448103e-07,"ENSG00000120833.16","SOCS2","8835","suppressor of cytokine signaling 2"
309.474131914261,1.02850013658561,0.338407396268289,0.000228585941636887,0.000836503038913726,"ENSG00000120798.19","NR2C1","7181","nuclear receptor subfamily 2 group C member 1"
917.446026626484,1.05030686923927,0.499160233907274,0.00187435339784598,0.00523440850202514,"ENSG00000180263.16","FGD6","55785","FYVE, RhoGEF and PH domain containing 6"
989.928772146422,1.31963875689721,0.0972258298212173,9.3254001443855e-43,9.84979422099786e-41,"ENSG00000074527.15","NTN4","59277","netrin 4"
42.0386129581717,1.72705911507977,0.299684192895854,8.86967103769991e-10,8.64596694515615e-09,"ENSG00000084110.13","HAL","3034","histidine ammonia-lyase"
138.72770703301,1.63459734472753,0.442139211280246,4.21662968068309e-06,2.26251378934635e-05,"ENSG00000290576.2","GOLGA2P5","55592","GOLGA2 pseudogene 5"
375.801090475037,1.32549895444153,0.177829162760818,1.0368967198813e-14,1.68728289016463e-13,"ENSG00000139354.13","GAS2L3","283431","growth arrest specific 2 like 3"
507.169007793563,1.14592981405145,0.105375009478692,2.89422019701749e-28,1.39474280181896e-26,"ENSG00000136048.16","DRAM1","55332","DNA damage regulated autophagy modulator 1"
76.6778466710179,1.98375004182109,0.400126331600768,1.41054493826497e-08,1.15871864043161e-07,"ENSG00000136052.12","SLC41A2","84102","solute carrier family 41 member 2"
8.09890657657746,2.61579893926996,0.580924934340642,7.87348658200096e-07,4.82387908546034e-06,"ENSG00000136010.16","ALDH1L2","160428","aldehyde dehydrogenase 1 family member L2"
1001.85937188715,-1.17008916137499,0.247270199220505,2.11653612754663e-07,1.42903255792017e-06,"ENSG00000235162.11","C12orf75","387882","chromosome 12 open reading frame 75"
125.812927344412,1.71766123630515,0.26269712629724,2.55767271204019e-12,3.27047022324808e-11,"ENSG00000166046.14","TCP11L2","255394","t-complex 11 like 2"
153.164307738426,1.23270383176148,0.340636181740768,2.00181187633229e-05,9.36588014105588e-05,"ENSG00000122970.18","IFT81","28981","intraflagellar transport 81"
63.1106727118647,1.05037007183229,0.176302598109979,6.23616913968837e-10,6.20038454565663e-09,"ENSG00000198270.16","TMEM116","89894","transmembrane protein 116"
30.2173752311063,-1.07074296819767,0.352111961270656,0.000427870593865323,0.00145334634977911,"ENSG00000305485.1",NA,NA,NA
1514.38257302569,1.0367193998394,0.237150791173248,1.43231429704518e-06,8.3792559843451e-06,"ENSG00000123066.10","MED13L","23389","mediator complex subunit 13L"
472.299708000091,-3.77652000667169,0.257360345623605,4.88367840886017e-50,7.24146199452237e-48,"ENSG00000088992.20","TESC","54997","tescalcin"
12161.7934412691,-1.00452391214654,0.170216860905674,4.83447958580089e-10,4.86635180761329e-09,"ENSG00000089159.19","PXN","5829","paxillin"
13.2580035238591,-1.26178972310796,0.342494932121798,3.43772694643142e-05,0.000152952069362143,"ENSG00000123009.4",NA,NA,NA
201.954955899407,-4.96009912733146,0.53904612081088,2.31700285733536e-21,6.62903544767505e-20,"ENSG00000135100.21","HNF1A","6927","HNF1 homeobox A"
829.653400537028,-1.2850886394327,0.222955816522815,5.90066246219143e-10,5.8857772205339e-09,"ENSG00000276045.5","ORAI1","84876","ORAI calcium release-activated calcium modulator 1"
1484.15960611525,1.18534866626052,0.434364367908284,0.000293118632199732,0.00104079724318491,"ENSG00000184445.13","KNTC1","9735","kinetochore associated 1"
109.681617237534,2.29225225762278,0.407557006651198,8.96078342655703e-10,8.72375260233182e-09,"ENSG00000182782.8","HCAR2","338442","hydroxycarboxylic acid receptor 2"
85.2282625576078,1.37933191220688,0.877138416477642,0.00107782437837978,0.00324378019886701,"ENSG00000280138.1",NA,NA,NA
557.385974306569,1.04257871558428,0.531737145689161,0.0025946257322848,0.00694889256991384,"ENSG00000051825.17","MPHOSPH9","10198","M-phase phosphoprotein 9"
2782.19940008226,1.05656300600332,0.192323374447308,4.75933462230855e-09,4.19872421113388e-08,"ENSG00000179195.18","ZNF664","144348","zinc finger protein 664"
1032.8823560894,-1.49023811299277,0.116266833561287,1.09114021023883e-38,9.14482238157231e-37,"ENSG00000150990.11","DHX37","57647","DEAH-box helicase 37"
22.815813112054,-2.69780596621794,0.38033750837417,5.39632737883928e-14,8.19869601074685e-13,"ENSG00000249196.7","TMEM132D-AS1","283352","TMEM132D antisense RNA 1"
273.164328780059,-1.70229885773465,0.496108273187071,7.06040278617698e-06,3.64385781009489e-05,"ENSG00000125207.8","PIWIL1","9271","piwi like RNA-mediated gene silencing 1"
1088.60930070894,-1.65601885353172,0.236039551925354,7.86248279624703e-14,1.17601694666271e-12,"ENSG00000184967.9","NOC4L","79050","nucleolar complex associated 4 homolog"
133.046432355609,-2.28537881813273,0.338954478437228,9.65278977545789e-13,1.29214992298035e-11,"ENSG00000182870.15","GALNT9","50614","polypeptide N-acetylgalactosaminyltransferase 9"
91.5554891995738,1.55510246400548,0.310457323095536,2.34451315541467e-08,1.855040398648e-07,"ENSG00000196458.13","ZNF605","100289635","zinc finger protein 605"
136.070596450204,1.39492828889917,0.5956792801392,0.000450781515324451,0.00152078358079597,"ENSG00000214029.8","ZNF891","101060200","zinc finger protein 891"
16.6072829047388,-1.37363535896801,0.510046261772921,0.000665129693408856,0.0021422232669294,"ENSG00000299274.1",NA,NA,NA
875.340293660796,1.53124305022608,0.366672514775276,7.58267181967143e-07,4.65866064267542e-06,"ENSG00000121741.19","ZMYM2","7750","zinc finger MYM-type containing 2"
12.2938756726239,-1.79398027718135,0.378808868738241,1.77084187032391e-07,1.21100454466807e-06,"ENSG00000121742.20","GJB6","10804","gap junction protein beta 6"
1655.8330658255,1.01345952291481,0.380687665209341,0.000666917080360434,0.00214620147880741,"ENSG00000180776.19","ZDHHC20","253832","zDHHC palmitoyltransferase 20"
76.3736678412657,1.31364414742539,0.301845198999986,1.51357419120857e-06,8.78465472436105e-06,"ENSG00000127863.18","TNFRSF19","55504","TNF receptor superfamily member 19"
87.1978030049196,1.63033642015682,0.610277053238622,0.00031538757867362,0.00111117017380075,"ENSG00000132972.20","RNF17","56163","ring finger protein 17"
629.765879441731,-1.1835410270069,0.199815835251926,4.71708126877978e-10,4.76372693162102e-09,"ENSG00000180730.6","SHISA2","387914","shisa family member 2"
49.2731118432538,-2.15886699500911,0.231297733288841,1.02781747142716e-21,3.05394474506325e-20,"ENSG00000139515.7","PDX1","3651","pancreatic and duodenal homeobox 1"
86.2811017771517,-2.08880913089983,0.225722602492245,1.77064786534325e-21,5.1325490096726e-20,"ENSG00000165556.12","CDX2","1045","caudal type homeobox 2"
15.1567249442585,1.02223707574113,0.292308567969744,0.000109637438209148,0.000431785567952994,"ENSG00000261485.2",NA,NA,NA
118.005538655842,2.29150815071855,0.56216610162924,2.92650228612628e-07,1.93109078965997e-06,"ENSG00000073910.24","FRY","10129","FRY microtubule binding protein"
23.7583006235477,2.01005038758672,0.34629852576934,4.82412319432538e-10,4.8590988752248e-09,"ENSG00000139597.20","N4BP2L1","90634","NEDD4 binding protein 2 like 1"
485.18776387817,1.21694974710476,0.478505470933424,0.000428436497203064,0.00145494807825775,"ENSG00000244754.11","N4BP2L2","10443","NEDD4 binding protein 2 like 2"
88.1525160069593,2.21566627011557,0.177874162410312,1.78300995597758e-36,1.32191329476588e-34,"ENSG00000172915.21","NBEA","26960","neurobeachin"
52.0745522635453,1.24908952278626,0.326585310809166,2.00583952603461e-05,9.38187786805571e-05,"ENSG00000150893.12","FREM2","341640","FRAS1 related extracellular matrix 2"
47.789785783323,1.33259966835793,0.32405482099984,3.53768262084988e-06,1.9318202441971e-05,"ENSG00000290476.2","SUGT1P3","283507","SUGT1 pseudogene 3"
814.554665865428,1.0963316106132,0.571033751793537,0.00221016052283572,0.006032641588714,"ENSG00000023516.11","AKAP11","11215","A-kinase anchoring protein 11"
11.6306132273706,1.34624247638239,0.408268382639896,0.000135653988254924,0.000523765686749921,"ENSG00000236778.10","INTS6-AS1","100507398","INTS6 antisense RNA 1"
11.2453206973484,1.22362351763988,1.35632874179305,0.00294629805296967,0.00775206658843974,"ENSG00000227674.3","LINC00355","144766","long intergenic non-protein coding RNA 355"
941.851065038252,1.01787484958996,0.479125800965552,0.00214485247321858,0.00587700248569719,"ENSG00000083520.17","DIS3","22894","DIS3 exosome endoribonuclease and 3'-5' exoribonuclease"
68.6858763865349,1.28895695840651,0.26205892814125,1.18826543999801e-07,8.35197873756122e-07,"ENSG00000183098.12","GPC6","10082","glypican 6"
1328.93345129908,1.00292786794875,0.25141549709543,8.14365654400441e-06,4.15838832996993e-05,"ENSG00000102580.17","DNAJC3","5611","DnaJ heat shock protein family (Hsp40) member C3"
573.088388912337,1.22202917923988,0.981235443654682,0.00140482332287086,0.00408673466553321,"ENSG00000152767.19","FARP1","10160","FERM, ARH/RhoGEF and pleckstrin domain protein 1"
46.9012450140768,1.6374866947391,0.626687871513501,0.000196937143129135,0.000732328836314057,"ENSG00000229152.2",NA,NA,NA
202.11197123348,1.53667071262821,0.308281960797373,2.25145990799183e-08,1.78691524658477e-07,"ENSG00000183087.17","GAS6","2621","growth arrest specific 6"
176.428505607308,1.29640924286822,0.410572060611713,7.07855540817506e-05,0.000292039772791621,"ENSG00000293329.2","DUXAP9","503638","double homeobox A pseudogene 9"
1724.82978343059,-1.24068510566499,0.0997127963195587,2.09788591991308e-36,1.54054756052284e-34,"ENSG00000198805.14","PNP","4860","purine nucleoside phosphorylase"
981.960495379399,-1.68694288146792,0.299543722834326,3.83836538189847e-10,3.90702525110603e-09,"ENSG00000165804.18","ZNF219","51222","zinc finger protein 219"
1286.153389263,-1.19887107294585,0.305162278891969,5.33750251843108e-06,2.81785779995637e-05,"ENSG00000172590.20","MRPL52","122704","mitochondrial ribosomal protein L52"
4182.82029682672,-1.03236106992592,0.0920579148082488,6.30029536281254e-30,3.32728954760042e-28,"ENSG00000100462.18","PRMT5","10419","protein arginine methyltransferase 5"
8.68057290909541,1.0294670345097,0.688595654360985,0.0107576939176788,0.0234115718183072,"ENSG00000280129.1",NA,NA,NA
2900.8816338489,-1.0883794919508,0.221548649541302,9.96633099747383e-08,7.09232996363839e-07,"ENSG00000100804.21","PSMB5","5693","proteasome 20S subunit beta 5"
146.157430943203,-1.99912526010451,0.45873487760852,1.16494910201933e-07,8.20679767119234e-07,"ENSG00000092068.22","SLC7A8","23428","solute carrier family 7 member 8"
189.827746771084,-1.006054487076,0.189978837795685,2.10027293711727e-08,1.67728166562845e-07,"ENSG00000187630.20","DHRS4L2","317749","dehydrogenase/reductase 4 like 2"
14.1533329244203,1.08136902523664,0.395196297966042,0.0010044275386757,0.00305207430027942,"ENSG00000254505.13","CHMP4A","29082","charged multivesicular body protein 4A"
301.523491728514,-1.00924697242164,0.133438244512822,9.81429697505821e-15,1.60154786933728e-13,"ENSG00000100968.15","NFATC4","4776","nuclear factor of activated T cells 4"
650.708252241391,1.03924744507974,0.421058724196185,0.000975118640879589,0.00297768407148597,"ENSG00000092140.18","G2E3","55632","G2/M-phase specific E3 ubiquitin protein ligase"
2025.83726399599,1.28635569159301,0.576783224825758,0.000587361742270388,0.00192144790571736,"ENSG00000100852.15","ARHGAP5","394","Rho GTPase activating protein 5"
805.188748502055,1.28798322467084,0.341912493392058,8.18117590622525e-06,4.17616397384639e-05,"ENSG00000129521.17","EGLN3","112399","egl-9 family hypoxia inducible factor 3"
737.39391746648,1.35734325256571,0.374555184211913,1.27475155118202e-05,6.213003688615e-05,"ENSG00000174373.18","RALGAPA1","253959","Ral GTPase activating protein catalytic subunit alpha 1"
11.581810031689,-1.36915628779594,0.438684434349558,0.000267602068640707,0.000961932750701246,"ENSG00000136327.7","NKX2-8","26257","NK2 homeobox 8"
187.209077118812,1.08263844674985,0.225770982117001,2.01502907228105e-07,1.3658797065339e-06,"ENSG00000151338.23","MIPOL1","145282","mirror-image polydactyly 1"
25.5062986848416,-1.2824436058164,0.313814779004541,6.00751784485607e-06,3.14253503003818e-05,"ENSG00000139874.8","SSTR1","6751","somatostatin receptor 1"
168.695410920573,1.13422808783644,0.268715579647107,2.33096065052268e-06,1.31045367086075e-05,"ENSG00000179454.16","KLHL28","54813","kelch like family member 28"
402.521149748469,1.10653507015334,0.538987951162078,0.00170781759507126,0.00482968185101666,"ENSG00000185246.20","PRPF39","55015","pre-mRNA processing factor 39"
594.155645574231,1.23606538982151,0.28965675805727,1.3422293280201e-06,7.91530342921529e-06,"ENSG00000100485.14","SOS2","6655","SOS Ras/Rho guanine nucleotide exchange factor 2"
1202.79168859612,1.02251475721419,0.335876603731865,0.000214613451475711,0.000791191497778372,"ENSG00000012983.14","MAP4K5","11183","mitogen-activated protein kinase kinase kinase kinase 5"
37.4493485018735,1.8888224911853,0.221071019883646,1.70886592843703e-18,3.93907645477241e-17,"ENSG00000198513.17","ATL1","51062","atlastin GTPase 1"
1213.36574817732,1.19742594982002,0.084524850314227,2.61264090827969e-46,3.47323581436044e-44,"ENSG00000151748.17","SAV1","60485","salvador family WW domain containing protein 1"
18.2301325988785,1.63981715305871,0.33921668401209,1.5980610234334e-07,1.10213323087507e-06,"ENSG00000269906.1",NA,NA,NA
334.192152413435,1.14719201592321,0.0793411069029547,5.19016536027345e-48,7.34289357988779e-46,"ENSG00000073712.17","FERMT2","10979","FERM domain containing kindlin 2"
18.1359033440663,-1.26104487575634,0.330359677006616,2.05324502111868e-05,9.58906464890101e-05,"ENSG00000307927.1",NA,NA,NA
5231.89147154645,1.04252576111519,0.481574660749387,0.00167363654608594,0.004742585295331,"ENSG00000126777.20","KTN1","3895","kinectin 1"
201.892592109719,1.46574297737546,0.133689839941988,6.30163501803846e-29,3.1653913229046e-27,"ENSG00000139946.12","PELI2","57161","pellino E3 ubiquitin protein ligase family member 2"
336.320375466721,1.11240982342708,0.402420383530301,0.000368062222153845,0.00127176507457639,"ENSG00000257621.10","PSMA3-AS1","379025","PSMA3 antisense RNA 1"
337.512125936952,1.1806803515183,0.582219660005756,0.00141832237274316,0.00412056317069938,"ENSG00000032219.21","ARID4A","5926","AT-rich interaction domain 4A"
1012.18649225124,1.05844307210091,0.307363442782087,5.02624036847352e-05,0.000215125319795254,"ENSG00000100592.17","DAAM1","23002","dishevelled associated activator of morphogenesis 1"
255.586342015377,1.08258044109795,0.355506455636741,0.000187050317862666,0.000700546170037525,"ENSG00000140006.14","WDR89","112840","WD repeat domain 89"
3685.6155164667,1.69536418929615,0.37936111710831,1.4875763690289e-07,1.03286425874807e-06,"ENSG00000054654.21","SYNE2","23224","spectrin repeat containing nuclear envelope protein 2"
329.788825650748,-1.54774023478195,0.167656377318936,2.82891498885067e-21,8.01924596379892e-20,"ENSG00000126803.10","HSPA2","3306","heat shock protein family A (Hsp70) member 2"
1461.67861192885,-1.05444176046053,0.156333731303276,1.47550747599204e-12,1.9266554434609e-11,"ENSG00000100558.11","PLEK2","26499","pleckstrin 2"
137.025949609641,-1.28467374041744,0.215351656796134,3.12604789327673e-10,3.21164454112061e-09,"ENSG00000198133.11","TMEM229B","161145","transmembrane protein 229B"
248.7257380089,1.13748366981034,0.166265351909373,1.08308968078181e-12,1.44109801271237e-11,"ENSG00000054690.16","PLEKHH1","57475","pleckstrin homology, MyTH4 and FERM domain containing H1"
484.898983801453,1.01512285439646,0.477197913088779,0.00215064199555692,0.00588972655185282,"ENSG00000133985.5","TTC9","23508","tetratricopeptide repeat domain 9"
441.549287409251,-1.03767870923755,0.0795098352621647,1.53571690781994e-39,1.38492926523341e-37,"ENSG00000170468.9","RIOX1","79697","ribosomal oxygenase 1"
227.254296756317,-1.01892586196294,0.222496359085487,6.58088150074589e-07,4.08879023460928e-06,"ENSG00000119673.18","ACOT2","10965","acyl-CoA thioesterase 2"
27.3958704411301,1.05342286058342,0.355703116712232,0.000582164344123988,0.00190646768968699,"ENSG00000119686.12","FLVCR2","55640","FLVCR choline and putative heme transporter 2"
253.367429978729,2.30076616567954,0.506083404943293,2.36186960425454e-08,1.86781493165176e-07,"ENSG00000119699.10","TGFB3","7043","transforming growth factor beta 3"
869.611252980345,1.08071364379693,0.368831507524836,0.000251599269601138,0.000911580215080609,"ENSG00000089916.20","GPATCH2L","55668","G-patch domain containing 2 like"
144.554534735985,-1.04754245724655,0.145578219818893,1.19496620202222e-13,1.76171833665245e-12,"ENSG00000063761.18","ADCK1","57143","aarF domain containing kinase 1"
22.5124344302496,2.04055471276556,1.09947290815285,0.00028222411338685,0.00100791525070371,"ENSG00000211448.15","DIO2","1734","iodothyronine deiodinase 2"
23.9056727864943,2.09663199376014,0.601259013138949,7.74832724693106e-06,3.96801213277066e-05,"ENSG00000165521.18","EML5","161436","EMAP like 5"
446.557556305125,1.25123220707825,0.265594923064409,1.73956184462208e-07,1.19225703137409e-06,"ENSG00000053254.18","FOXN3","1112","forkhead box N3"
239.484741632685,1.08402031153631,0.121332834500998,8.29852527002651e-20,2.12227028106736e-18,"ENSG00000100784.14","RPS6KA5","9252","ribosomal protein S6 kinase A5"
143.971604641517,-1.13724488740538,0.46104139632884,0.00076391689222219,0.00241203161239934,"ENSG00000119714.13","GPR68","8111","G protein-coupled receptor 68"
20.692136829487,1.35200949864755,0.71864893671425,0.00212379342811216,0.00582447420503602,"ENSG00000133962.8","CATSPERB","79820","catsper channel auxiliary subunit beta"
19.2616901478816,2.15385293535663,0.650713561654651,1.51740309696605e-05,7.28514108291202e-05,"ENSG00000260711.2",NA,NA,NA
1314.97630794584,1.49679939536464,0.104258813014757,1.1901701540971e-47,1.65347873390373e-45,"ENSG00000165929.15","TC2N","123036","tandem C2 domains, nuclear"
871.152234809807,1.10152450376707,0.635260094848617,0.00252768381027788,0.00678275404481344,"ENSG00000100815.14","TRIP11","9321","thyroid hormone receptor interactor 11"
28.9283607296546,1.23838645653876,0.367375976718791,0.000112858719955089,0.00044272550790232,"ENSG00000308283.1",NA,NA,NA
703.053725788857,-1.12716907450053,0.199611375023249,3.08544720547146e-09,2.80711984398675e-08,"ENSG00000100599.18","RIN3","79890","Ras and Rab interactor 3"
37.1807371639242,-1.08964938843067,0.458312209496088,0.0013853598357757,0.0040362051818434,"ENSG00000100628.14","ASB2","51676","ankyrin repeat and SOCS box containing 2"
25.5243577001588,2.23811686234215,0.437180335727358,2.98760871413336e-08,2.32100322320658e-07,"ENSG00000196136.20","SERPINA3","12","serpin family A member 3"
1145.35481977054,1.14502900526676,0.192629993281435,3.01502362106531e-10,3.10171309275839e-09,"ENSG00000165959.14","CLMN","79789","calmin"
12.3778204885325,-1.51299663058593,0.409834355685613,2.53819374063986e-05,0.000116112387049562,"ENSG00000182218.12","HHIPL1","84439","HHIP like 1"
533.945658315898,-1.46900033504167,0.204778374671362,9.13526836058353e-14,1.35848576073827e-12,"ENSG00000196405.15","EVL","51466","Enah/Vasp-like"
41.5833665592764,2.8321319273557,0.460692807137806,1.77134307684723e-10,1.87223314517211e-09,"ENSG00000214548.20","MEG3","55384","maternally expressed 3"
28.2352242286833,-1.8211060373601,0.341232192971986,7.95164857346627e-09,6.78596417550766e-08,"ENSG00000197406.8","DIO3","1735","iodothyronine deiodinase 3"
34.6764148608205,-1.0217530239212,0.253772172787014,1.20707883286462e-05,5.91495477648725e-05,"ENSG00000258404.2",NA,NA,NA
828.082564164058,-1.64076067525153,0.164463038628992,9.07335802396485e-25,3.43784408077548e-23,"ENSG00000166166.15","TRMT61A","115708","tRNA methyltransferase 61A"
9.21621650971849,1.02923989181481,0.388545458683612,0.00166569879011314,0.00472356400190045,"ENSG00000270108.1",NA,NA,NA
1343.06503803516,-1.0274691136311,0.268303324256107,1.40250700145419e-05,6.78420968300662e-05,"ENSG00000126215.16","XRCC3","7517","X-ray repair cross complementing 3"
1477.6714711282,-1.02678904674363,0.341694729321756,0.000246032221135862,0.000894404262644065,"ENSG00000184990.15","SIVA1","10572","SIVA1 apoptosis inducing factor"
4275.16933292195,-1.12867644117471,0.099416101443646,1.3946642981704e-30,7.62663763903749e-29,"ENSG00000185567.8","AHNAK2","113146","AHNAK nucleoprotein 2"
545.017368089245,-1.27682001044743,0.209977343736948,1.86682620360217e-10,1.9596948394133e-09,"ENSG00000184887.16","BTBD6","90135","BTB domain containing 6"
619.284248389104,-1.15887417983944,0.327605051485735,2.75766253547683e-05,0.000125482189317168,"ENSG00000185347.21","TEDC1","283643","tubulin epsilon and delta complex 1"
202.78218175375,1.23541404056773,0.54853007772311,0.000783758973318659,0.00246811254391404,"ENSG00000291003.2","HERC2P2","400322","HERC2 pseudogene 2"
917.805879240265,1.30778319923623,0.26871609273505,6.74655553902918e-08,4.92374032027302e-07,"ENSG00000224078.16",NA,NA,NA
12.1788408396292,-1.55411058919124,0.564217266650675,0.000524969879863928,0.00174285479383889,"ENSG00000034053.17","APBA2","321","amyloid beta precursor protein binding family A member 2"
23.3787351397523,1.18692022512721,0.569836098515878,0.00243397766009493,0.00656195270914754,"ENSG00000285077.4","ARHGAP11B","89839","Rho GTPase activating protein 11B"
62.4933942670326,1.35791983717437,0.34790559217996,5.32805456902829e-06,2.81479717399744e-05,"ENSG00000293141.2",NA,NA,NA
484.342848229113,1.64825536367518,0.934899121041587,0.000251702779055394,0.000911580215080609,"ENSG00000175265.21","GOLGA8A","23015","golgin A8 family member A"
201.569172932719,1.59368848639978,0.493857109999349,2.62489922450375e-05,0.00011982999094456,"ENSG00000215252.14","GOLGA8A","23015","golgin A8 family member A"
1069.41188925947,1.36640299701493,0.182538245084192,4.47762242504312e-15,7.57951870654116e-14,"ENSG00000134138.24","MEIS2","4212","Meis homeobox 2"
21.1457266376743,1.6925157387503,0.331570716686564,3.21990531381926e-08,2.49017852780375e-07,"ENSG00000259460.2",NA,NA,NA
10.9559079983114,1.66185628703903,0.721715920365201,0.000763203696404461,0.00241076694024031,"ENSG00000261136.1","LOC105370941","105370941","uncharacterized LOC105370941"
639.657112742258,1.49861694251279,1.11112157949996,0.000437159379185626,0.00148130845669557,"ENSG00000104081.16","BMF","90427","Bcl2 modifying factor"
653.265771022071,-1.31114656785969,0.339063469280727,9.55652394399152e-06,4.79880025204471e-05,"ENSG00000137841.14","PLCB2","5330","phospholipase C beta 2"
30.4998339011706,-1.5451513057866,0.295128411933879,1.86408842737765e-08,1.5026715963717e-07,"ENSG00000140323.7","DISP2","85455","dispatched RND transporter family member 2"
282.558385329452,-1.08970795516229,0.19098822485729,1.59160374102274e-09,1.49568076114026e-08,"ENSG00000166133.20","RPUSD2","27079","RNA pseudouridine synthase domain containing 2"
122.079835256791,1.5174503136594,0.21645495103407,1.45473387193984e-13,2.12437983325609e-12,"ENSG00000245849.9","RAD51-AS1","100505648","RAD51 antisense RNA 1"
938.926505794949,-1.10159981842642,0.176105045553775,3.98178669318313e-11,4.50169593809215e-10,"ENSG00000104142.13","VPS18","57617","VPS18 core subunit of CORVET and HOPS complexes"
14.6965647257904,1.25220812345591,0.479501876328047,0.000947095413534599,0.00290361001433739,"ENSG00000157021.9",NA,NA,NA
1621.66424058989,1.22068335914404,0.301420019629732,3.24795496038423e-06,1.78054438123303e-05,"ENSG00000247556.8","OIP5-AS1","729082","OIP5 antisense RNA 1"
144.647241997978,-1.371974291205,0.425722318383123,4.16756475184026e-05,0.000181394343884077,"ENSG00000137825.13","ITPKA","3706","inositol-trisphosphate 3-kinase A"
601.791193171782,1.47590005590527,0.355005111470895,8.29301807685896e-07,5.05880663620419e-06,"ENSG00000128881.20","TTBK2","146057","tau tubulin kinase 2"
72.3491105315718,-2.38374093845293,0.473871634586652,2.37867599192467e-08,1.87917840530074e-07,"ENSG00000237289.12","CKMT1B","1159","creatine kinase, mitochondrial 1B"
49.439272623268,1.46842584027083,0.751892048702381,0.000697773458660858,0.0022305896571329,"ENSG00000166762.20","CATSPER2","117155","cation channel sperm associated 2"
39.6928302801931,-1.62840298887335,0.323680930787149,5.16599489874646e-08,3.8411189649744e-07,"ENSG00000223572.12","CKMT1B","1159","creatine kinase, mitochondrial 1B"
24.6166557674624,2.36219319500796,0.329392157705211,7.1609561291243e-14,1.07525905031379e-12,"ENSG00000242028.10","HYPK","25764","huntingtin interacting protein K"
1059.36635121073,1.05023347941364,0.602779770290868,0.00332697852992748,0.00858379386147092,"ENSG00000166920.15","COXFA4L3","84419","cytochrome c oxidase associated subunit FA4L3"
43.6696355981165,2.0022666405944,0.360035174272966,8.85426372840833e-10,8.63640739758286e-09,"ENSG00000259354.6",NA,NA,NA
747.37436856414,1.21371475652107,0.42942141693876,0.00020705654056886,0.000765895637350058,"ENSG00000138593.11","SECISBP2L","9728","SECIS binding protein 2 like"
1057.50750493065,1.07903348152409,0.738612389729998,0.003185304380779,0.00827921436979488,"ENSG00000092439.17","TRPM7","54822","transient receptor potential cation channel subfamily M member 7"
694.17068288345,2.18002947070731,0.345029110256953,2.16190698189595e-12,2.79219158859443e-11,"ENSG00000104093.16","DMXL2","23312","Dmx like 2"
110.409221173298,2.79287465467096,0.23598786926712,1.76129189864646e-33,1.13170343204279e-31,"ENSG00000128872.12","TMOD2","29767","tropomodulin 2"
696.978905922548,1.43017009412685,0.152231777087842,3.91028877482063e-22,1.19407055834671e-20,"ENSG00000128833.15","MYO5C","55930","myosin VC"
292.731652516668,1.41980493919585,0.315448839905722,3.00369532893675e-07,1.97358268715525e-06,"ENSG00000047346.15","ATOSA","56204","atos homolog A"
74.9100339869587,2.56400509300035,0.412927117368491,3.96484964388513e-11,4.48583612313666e-10,"ENSG00000166450.14","PRTG","283659","protogenin"
98.0625183095474,1.31871106662289,0.368818734562476,1.78117309246453e-05,8.40240754325347e-05,"ENSG00000151575.17","TEX9","374618","testis expressed 9"
145.482393178814,1.05006949107064,0.394487023903908,0.000668616817902131,0.00215075927177071,"ENSG00000137871.23","ZNF280D","54816","zinc finger protein 280D"
10.548071462514,1.09253300189703,0.500345324120753,0.00366798084494955,0.00933090277300678,"ENSG00000247982.8","LINC00926","283663","long intergenic non-protein coding RNA 926"
3480.28990526556,1.04757635720033,0.345166680542077,0.000205921893819795,0.000762247125442884,"ENSG00000137845.17","ADAM10","102","ADAM metallopeptidase domain 10"
665.069614403745,1.66343682954228,0.543191075373895,2.42823575189682e-05,0.000111745220919131,"ENSG00000128923.13","MINDY2","54629","MINDY lysine 48 deubiquitinase 2"
715.697130575886,1.00550708310139,0.350443940079149,0.000384293033129581,0.00132251347107594,"ENSG00000128915.14","ICE2","79664","interactor of little elongation complex ELL subunit 2"
37.1133605503261,1.43661916087617,0.80364750082429,0.00101998125032496,0.00309324107399433,"ENSG00000069667.17","RORA","6095","RAR related orphan receptor A"
1229.64189618985,1.60401832843805,0.551174515800563,4.57292167521176e-05,0.000197256014415218,"ENSG00000129003.20","VPS13C","54832","vacuolar protein sorting 13 homolog C"
31.0068099967614,-2.4372250494201,0.324928919144965,4.49465582006945e-15,7.60000958347489e-14,"ENSG00000166104.16",NA,NA,NA
418.653154154327,1.07117789497099,0.212531403622241,5.98553988106476e-08,4.4058716231933e-07,"ENSG00000166128.15","RAB8B","51762","RAB8B, member RAS oncogene family"
85.8497450585614,1.11198450317724,0.154802905873732,1.44456962578598e-13,2.11153632220337e-12,"ENSG00000138613.16","APH1B","83464","aph-1B gamma-secretase subunit"
105.745537993247,-2.09492567361084,0.382090963241953,4.21524004995206e-10,4.27371576662134e-09,"ENSG00000074410.16","CA12","771","carbonic anhydrase 12"
12.2459537425802,2.12765322928839,0.592252934762067,2.14360611999134e-05,9.9657974001768e-05,"ENSG00000035664.13","DAPK2","23604","death associated protein kinase 2"
27.7768661004566,1.18052650013862,0.248086347447226,3.5701880484861e-07,2.32695984343635e-06,"ENSG00000246922.12","UBAP1L","390595","ubiquitin associated protein 1 like"
655.299457091891,1.09776942640374,0.454842863709487,0.000880961148528503,0.00273136415662817,"ENSG00000174485.18","DENND4A","10260","DENN domain containing 4A"
74.2222753233248,1.0145936520349,0.235881140767603,2.94749269840928e-06,1.62565396645814e-05,"ENSG00000259673.7","IQCH-AS1","100506686","IQCH antisense RNA 1"
751.364844413377,-1.05936195828247,0.241871628629775,1.346508177604e-06,7.93750099649516e-06,"ENSG00000128973.15","CLN6","54982","CLN6 transmembrane ER protein"
47.8009498461619,-2.01586534368391,0.359573356911761,1.49021952193333e-09,1.40468675108397e-08,"ENSG00000103647.15","CORO2B","10391","coronin 2B"
1284.87752679859,1.4278268049378,0.408331627941476,1.3666601038024e-05,6.61703782126747e-05,"ENSG00000137831.17","UACA","55075","uveal autoantigen with coiled-coil domains and ankyrin repeats"
80.5372288070546,1.38677351881549,0.18519241753939,9.04889490188613e-15,1.48450008810623e-13,"ENSG00000137821.14","LRRC49","54839","leucine rich repeat containing 49"
712.524558726503,1.05506079319283,0.658930220088174,0.00351087171700071,0.0089875751573486,"ENSG00000066933.19","MYO9A","4649","myosin IXA"
16.736785028613,1.44321154582952,0.59075817062486,0.000937520625199902,0.00287826111113034,"ENSG00000175318.14","GRAMD2A","196996","GRAM domain containing 2A"
60.707864897562,-2.40343804044435,0.371855828835711,2.16619445187279e-12,2.79538783617827e-11,"ENSG00000303314.1",NA,NA,NA
102385.599790563,-1.21617948923262,0.133167056976783,6.18406165196173e-21,1.70903969058964e-19,"ENSG00000067225.23","PKM","5315","pyruvate kinase M1/2"
47.9580528773494,1.62743521312141,0.70622186489734,0.000295683435482199,0.00104880836577842,"ENSG00000281183.1","NPTN-IT1","101241892","NPTN intronic transcript 1"
54.7387183100403,-1.40341350660852,0.210111900252591,3.31965786227317e-12,4.20644567741287e-11,"ENSG00000129038.18","LOXL1","4016","lysyl oxidase like 1"
430.956152630235,-1.57694121517163,0.174681665230844,1.30491074987845e-20,3.50575412436857e-19,"ENSG00000067221.16","STOML1","9399","stomatin like 1"
3309.70409032849,-1.19465488384271,0.189594098503021,2.17060391827378e-11,2.52816337037008e-10,"ENSG00000140464.22","PML","5371","PML nuclear body scaffold"
1360.19374182591,-1.50902884115602,0.218775974734365,2.09363057977857e-13,3.00054620546147e-12,"ENSG00000178718.7","RPP25","54913","ribonuclease P/MRP subunit p25"
782.446489120949,-1.1234768594332,0.211941496895041,1.16534320316015e-08,9.71917660136975e-08,"ENSG00000140365.18","COMMD4","54939","COMM domain containing 4"
28.0736430211223,1.39551327406684,0.320486069194557,1.69423629052775e-06,9.77068729851473e-06,"ENSG00000140398.16","NEIL1","79661","nei like DNA glycosylase 1"
691.184099528777,-1.14738855330606,0.132856689431249,8.99387277836335e-19,2.12071119442112e-17,"ENSG00000177971.9","IMP3","55272","IMP U3 small nucleolar ribonucleoprotein 3"
66.820351435387,1.07035095815667,0.207953012067967,4.84310052375783e-08,3.62726824559832e-07,"ENSG00000169752.19","NRG4","145957","neuregulin 4"
532.684862261408,1.48790353055052,0.090137831106515,3.74673584637099e-62,9.17117674395032e-60,"ENSG00000173517.13","PEAK1","79834","pseudopodium enriched atypical kinase 1"
92.0949206266423,1.08855483731082,0.432408220886294,0.00102283779370833,0.00309946583155359,"ENSG00000058335.17","RASGRF1","5923","Ras protein specific guanine nucleotide releasing factor 1"
287.207391944319,-1.62576985516394,0.28912713734422,6.32194292694496e-10,6.27353165227917e-09,"ENSG00000103888.19","CEMIP","57214","cell migration inducing hyaluronidase 1"
12.2744217447348,1.70342492578657,0.6870063051418,0.000737411805673936,0.00233964981988376,"ENSG00000278662.7","GOLGA6L4","643707","golgin A6 family like 4"
34.0156487446445,2.75702336218439,0.453901229089159,3.4513346001026e-11,3.92500227641462e-10,"ENSG00000290945.2","UBE2Q2P2","100134869","UBE2Q2 pseudogene 2"
58.6612924289458,2.26412656664187,0.319738050760243,3.81229629246991e-14,5.86135803850234e-13,"ENSG00000197978.11","GOLGA6L9","440295","golgin A6 family like 9"
176.327087067291,1.59877258586191,0.424419847251831,3.42665615645693e-06,1.87451098221789e-05,"ENSG00000103942.15","HOMER2","9455","homer scaffold protein 2"
95.7810161317203,-1.6676276180531,0.207246675015638,9.17243574111284e-17,1.83222968346763e-15,"ENSG00000156218.15","ADAMTSL3","57188","ADAMTS like 3"
786.415614565704,-1.53723553108593,0.149915898029245,1.15090756186504e-25,4.60990792507034e-24,"ENSG00000181026.17","AEN","64782","apoptosis enhancing nuclease"
368.611291312357,-1.21390513378642,0.269838690071678,5.58279066916212e-07,3.51540281376681e-06,"ENSG00000172183.18","ISG20","3669","interferon stimulated exonuclease gene 20"
104.709015662666,-1.29393230816056,0.242241370657889,1.02154828320237e-08,8.58490249333171e-08,"ENSG00000166813.19","KIF7","374654","kinesin family member 7"
28.9577888353098,-2.1257969366017,0.381054297435853,1.48908313097057e-09,1.40447406499677e-08,"ENSG00000166823.7","MESP1","55897","mesoderm posterior bHLH transcription factor 1"
10.787223705841,-1.07094633025931,0.991654315902555,0.00776998912829615,0.0177223786936038,"ENSG00000182511.14","FES","2242","FES proto-oncogene, tyrosine kinase"
48.3816764823389,1.04208961723902,0.183964511178539,3.46362810382091e-09,3.12171881876226e-08,"ENSG00000185442.15","FAM174B","400451","family with sequence similarity 174 member B"
45.6356359311923,1.70717143346767,0.283535716686775,1.99911563520357e-10,2.08722831485946e-09,"ENSG00000247809.12","NR2F2-AS1","644192","NR2F2 antisense RNA 1"
246.771240511993,-1.78688743957563,0.731268862943173,6.33371133083765e-05,0.000264517345150539,"ENSG00000154237.14","LRRK1","79705","leucine rich repeat kinase 1"
34.3800158806691,1.9722430944391,0.257858834388312,3.0851167515931e-15,5.30977515918718e-14,"ENSG00000286733.2","LINC02348","101927505","long intergenic non-protein coding RNA 2348"
516.774566952074,-1.10129411604609,0.153963491229402,1.26296381887148e-13,1.85487286198258e-12,"ENSG00000161981.12","SNRNP25","79622","small nuclear ribonucleoprotein U11/U12 subunit 25"
991.799496627366,-1.08702723809395,0.3679181601391,0.000223926999421141,0.000820622209618207,"ENSG00000103152.13","MPG","4350","N-methylpurine DNA glycosylase"
1230.27122161253,-1.14086985520448,0.258569886955971,8.4749360300538e-07,5.16161092098972e-06,"ENSG00000103148.19","NPRL3","8131","NPR3 like, GATOR1 complex subunit"
2318.59586974891,-1.36520292669445,0.324852140097254,1.00239406143508e-06,6.02413048378422e-06,"ENSG00000086504.20","MRPL28","10573","mitochondrial ribosomal protein L28"
1796.91102808364,-1.11407357467575,0.342052527741065,7.40635005542443e-05,0.000304001395274688,"ENSG00000129925.13","PGAP6","58986","post-GPI attachment to proteins 6"
1908.41792282855,-1.45115409302683,0.158713168093046,4.00309574218376e-21,1.12649159562437e-19,"ENSG00000103326.14","CAPN15","6650","calpain 15"
516.793450742705,-1.14910576537488,0.310120632057125,1.62628000009161e-05,7.76675871211296e-05,"ENSG00000007541.19","PIGQ","9091","phosphatidylinositol glycan anchor biosynthesis class Q"
547.861568900439,-1.57343082007005,0.316197738878141,1.64047514760769e-08,1.3363849578055e-07,"ENSG00000172366.22","MCRIP2","84331","MAPK regulated corepressor interacting protein 2"
2003.68143265431,-1.13433049622787,0.304577561016357,1.41600988124827e-05,6.84308629856769e-05,"ENSG00000103266.13","STUB1","10273","STIP1 homology and U-box containing protein 1"
1223.12066494834,-1.06866446379983,0.186627245009468,1.12734227669699e-09,1.08046894027e-08,"ENSG00000161999.15","JMJD8","339123","jumonji domain containing 8"
467.307957190532,-1.17577581814571,0.318339979837604,1.5305646657547e-05,7.34375784399603e-05,"ENSG00000127580.19","WDR24","84219","WD repeat domain 24"
410.054647913853,-1.12503738330152,0.512577636637053,0.00117483783724304,0.00349420245412763,"ENSG00000103260.11","METRN","79006","meteorin, glial cell differentiation regulator"
258.727751970037,-1.19257623609161,0.442129094688858,0.000331017358767157,0.00116093215591274,"ENSG00000103254.12","ANTKMT","65990","adenine nucleotide translocase lysine methyltransferase"
171.055720993314,-1.22082660209341,0.411497566775833,0.000150598066139405,0.000575129464570523,"ENSG00000103253.21","HAGHL","84264","hydroxyacylglutathione hydrolase like"
818.285656084988,-1.5085558413328,0.183811517069525,1.15076346030664e-17,2.42762288938286e-16,"ENSG00000007376.10","RPUSD1","113000","RNA pseudouridine synthase domain containing 1"
1035.23338578332,-1.10912219640592,0.193216933611198,1.06317508158284e-09,1.02278371385458e-08,"ENSG00000127586.19","CHTF18","63922","chromosome transmission fidelity factor 18"
140.933480044695,-1.14996746331789,0.509690297422117,0.00233462443360186,0.00632515248766456,"ENSG00000103227.21","LMF1","64788","lipase maturation factor 1"
51.221495125365,-1.06114531785401,0.465892141868872,0.00338714457881656,0.0087243580701942,"ENSG00000196557.15","CACNA1H","8912","calcium voltage-gated channel subunit alpha1 H"
763.129045997667,-1.23149031996532,0.238459223037867,1.74642492632616e-08,1.41670798468573e-07,"ENSG00000007520.6","TSR3","115939","TSR3 ribosome maturation factor"
140.887063967124,-1.00184846141891,0.15204451204839,9.58488525821015e-12,1.15837394644874e-10,"ENSG00000174109.5","UQCC4","283951","ubiquinol-cytochrome c reductase complex assembly factor 4"
1000.44598415203,-1.01426643845605,0.213305589625771,2.5538139507751e-07,1.70560263901701e-06,"ENSG00000103249.21","CLCN7","1186","Cl-/H+ antiporter 7"
832.571212253755,-1.27327599888715,0.163716265327721,7.12942851399071e-16,1.30264119803615e-14,"ENSG00000100726.17","TELO2","9894","telomere maintenance 2"
1759.97905936791,-1.41979563489789,0.17575977702319,4.49859521190822e-17,9.09211490993927e-16,"ENSG00000074071.17","MRPS34","65993","mitochondrial ribosomal protein S34"
1207.16395134582,-1.6627195486714,0.309130602499591,1.51974918756013e-09,1.42989946439078e-08,"ENSG00000095906.19","NUBP2","10101","NUBP iron-sulfur cluster assembly factor 2, cytosolic"
1514.75344511156,-1.20382433400621,0.141646040802459,1.87115713121782e-18,4.28117420185608e-17,"ENSG00000140990.17","NDUFB10","4716","NADH:ubiquinone oxidoreductase subunit B10"
11.8446628134028,-1.11590851483921,0.368076135986938,0.000415510065883303,0.00141729279495386,"ENSG00000255198.7",NA,NA,NA
1815.16675604776,-1.64582919687601,0.256826789055877,3.66959784513445e-12,4.63012359897366e-11,"ENSG00000183751.18","TBL3","10607","transducin beta like 3"
1588.89097006346,-1.498067063143,0.295507521328545,1.20486341212267e-08,1.0021682135029e-07,"ENSG00000167965.20","MLST8","64223","MTOR associated protein MLST8"
569.862955242658,-1.03292519168606,0.111491408955506,3.88668032630417e-21,1.09573121228403e-19,"ENSG00000184207.10","PGP","283871","phosphoglycolate phosphatase"
859.321573315375,-1.12152382998411,0.342729236491787,7.34834972510351e-05,0.000301781361147327,"ENSG00000167969.15","ECI1","1632","enoyl-CoA delta isomerase 1"
1771.08899318307,-1.16047983022935,0.193422788486627,1.84188151162133e-10,1.93617278736963e-09,"ENSG00000162063.15","CCNF","899","cyclin F"
333.691406564884,-1.31599985871588,0.197459685825184,2.25029029234165e-12,2.8990581953384e-11,"ENSG00000162062.17","TEDC2","80178","tubulin epsilon and delta complex 2"
1293.46497301238,-1.04271939155916,0.122452492838762,2.62958625526588e-18,5.93716685833897e-17,"ENSG00000167977.11","KCTD5","54442","potassium channel tetramerization domain containing 5"
1916.83203996886,-1.09761663057067,0.299947076726153,1.98890078338604e-05,9.31395049517041e-05,"ENSG00000103363.18","ELOB","6923","elongin B"
839.090156199329,-3.69986850008529,1.01298718263253,3.38739259384648e-09,3.05658169629647e-08,"ENSG00000007038.13","PRSS21","10942","serine protease 21"
856.055654036714,-1.09075597864684,0.303126617013811,2.72915726349982e-05,0.000124295139280658,"ENSG00000059122.19","FLYWCH1","84256","FLYWCH-type zinc finger 1"
941.631263015362,-1.36697563732087,0.155739247426851,1.32689175545456e-19,3.32175288325727e-18,"ENSG00000127564.19","PKMYT1","9088","protein kinase, membrane associated tyrosine/threonine 1"
4192.20996684779,-1.6081322276467,0.221786369856073,1.76541380156208e-14,2.80664394163803e-13,"ENSG00000006327.16","TNFRSF12A","51330","TNF receptor superfamily member 12A"
220.84536269815,1.5313279101785,0.377805655792439,1.47979778649036e-06,8.62758475064948e-06,"ENSG00000162069.18","BICDL2","146439","BICD family like cargo adaptor 2"
83.5830159741983,1.08304274869997,0.457474093238457,0.001196057246038,0.0035490472948147,"ENSG00000140993.13","TIGD7","91151","tigger transposable element derived 7"
5030.32483342234,-1.39552768221822,0.229200654788999,5.34137868037097e-11,5.93867344124014e-10,"ENSG00000126602.13","TRAP1","10131","TNF receptor associated protein 1"
423.231046071982,-1.04069775444572,0.126410423107159,4.34062093318726e-17,8.78434585442004e-16,"ENSG00000090447.14","TFAP4","7023","transcription factor AP-4"
17.9045669250301,-2.18653160048097,0.389798688829032,1.01158881273596e-09,9.76202195319223e-09,"ENSG00000262712.1",NA,NA,NA
238.97634364919,1.05010413338317,0.591969681982246,0.00317184831821219,0.00824980146991907,"ENSG00000168140.7","VASN","114990","vasorin"
1355.46717177652,-1.1490554053469,0.112715805114624,4.10186331420393e-25,1.58533418968268e-23,"ENSG00000103415.14","HMOX2","3163","heme oxygenase 2"
460.400021345996,-1.12865666714254,0.216185266904743,1.9824943209921e-08,1.59146511837684e-07,"ENSG00000089486.19","CDIP1","29965","cell death inducing p53 target 1"
290.433444322207,-1.08782912033327,0.169638624655126,2.07882614647963e-11,2.42309735486488e-10,"ENSG00000153443.15","UBALD1","124402","UBA like domain containing 1"
340.060873706149,-1.53959936598556,0.280388874203303,1.51438429549106e-09,1.42572162519949e-08,"ENSG00000168101.17","NUDT16L1","84309","nudix hydrolase 16 like 1"
214.293763226744,-1.08721026010386,0.137809581673937,5.53762670012998e-16,1.01904225945948e-14,"ENSG00000103174.15","NAGPA","51172","N-acetylglucosamine-1-phosphodiester alpha-N-acetylglucosaminidase"
633.508645507866,-1.27209584679854,0.0706014075563569,1.68462131322872e-73,6.49463631782504e-71,"ENSG00000033011.16","ALG1","56052","ALG1 chitobiosyldiphosphodolichol beta-mannosyltransferase"
193.896612182649,-1.51997189673694,0.18277365256838,6.16837904404495e-18,1.34164419235849e-16,"ENSG00000118894.17","EEF2KMT","196483","eukaryotic elongation factor 2 lysine methyltransferase"
692.643942002591,-1.05407350391048,0.237397079247026,1.03045310877984e-06,6.17591037329727e-06,"ENSG00000140650.15","PMM2","5373","phosphomannomutase 2"
100.217465655923,-1.39781890134466,0.225821683245963,5.165692675544e-11,5.75995276569516e-10,"ENSG00000185338.9","SOCS1","8651","suppressor of cytokine signaling 1"
1013.74102093207,1.53142260766066,0.657476662716512,0.000209128151381892,0.000772934381366369,"ENSG00000103534.19","TMC5","79838","transmembrane channel like 5"
22.3293095281637,-2.41964003947932,0.394703982384255,1.12547859225978e-10,1.21116576212409e-09,"ENSG00000103316.14","CRYM","1428","crystallin mu"
19.0202208021963,-1.32491326466461,0.312308331616463,3.03999146722055e-06,1.67487346966803e-05,"ENSG00000260136.7","LOC124903667","124903667","uncharacterized LOC124903667"
3874.3995809143,-1.2237350865499,0.19566732668378,3.03309575296411e-11,3.48016142905205e-10,"ENSG00000166851.17","PLK1","5347","polo like kinase 1"
67.0870008933016,-1.39241379558485,0.257303776806262,6.04616610015635e-09,5.24776829696637e-08,"ENSG00000155666.14","KDM8","79831","lysine demethylase 8"
1788.2511294243,-1.05047651489786,0.0522064836733057,1.11701255992091e-90,1.01326180509061e-87,"ENSG00000077238.16","IL4R","3566","interleukin 4 receptor"
262.149586417077,-1.21335166961575,0.0887216692933365,2.52397275073698e-43,2.78015598493678e-41,"ENSG00000176476.11","SGF29","112869","SAGA complex associated factor 29"
5714.84408271717,-1.31728214611097,0.225157935915254,2.87228521719439e-10,2.96079614534456e-09,"ENSG00000178952.13","TUFM","7284","Tu translation elongation factor, mitochondrial"
17.8878932546431,-1.74397060719018,0.284655737509091,1.11029003906929e-10,1.19565521595584e-09,"ENSG00000260442.8","ATP2A1-AS1","100289092","ATP2A1 antisense RNA 1"
314.431636530953,-1.26296032662094,0.142742465628366,1.03718080997167e-19,2.61773572349806e-18,"ENSG00000177548.15","RABEP2","79874","rabaptin, RAB GTPase binding effector protein 2"
2768.40617658362,-1.04165512748543,0.244513713254901,2.21827792290444e-06,1.25212532390591e-05,"ENSG00000079616.16","KIF22","3835","kinesin family member 22"
133.565794971713,-1.12058878913569,0.265725088994913,2.76865642867237e-06,1.5319501538054e-05,"ENSG00000174939.13","ASPHD1","253982","aspartate beta-hydroxylase domain containing 1"
520.19288003716,-1.04453742830886,0.0752501383093988,1.83666398450645e-44,2.12956355677248e-42,"ENSG00000149929.18","HIRIP3","8479","HIRA interacting protein 3"
1303.74176313053,-1.09373185053458,0.124393274912546,2.09290224282139e-19,5.13110421089804e-18,"ENSG00000169217.11","CD2BP2","10421","CD2 cytoplasmic tail binding protein 2"
263.159218814767,-1.0287062746181,0.177058808306227,9.86896098396854e-10,9.53248192904177e-09,"ENSG00000180035.14","ZNF48","197407","zinc finger protein 48"
829.749536283078,-1.38077826589035,0.108313606086936,3.35193712379425e-38,2.70629436576079e-36,"ENSG00000179958.11","DCTPP1","79077","dCTP pyrophosphatase 1"
2548.87828336107,-1.08202432577064,0.137463479013767,3.68209510179951e-16,6.94151449448046e-15,"ENSG00000103549.24","RNF40","9810","ring finger protein 40"
469.797946119376,-1.05657561101104,0.229995371094869,5.34507980445857e-07,3.37398590522127e-06,"ENSG00000099385.14","BCL7C","9274","BAF chromatin remodeling complex subunit BCL7C"
216.915220482086,-1.18576606395548,0.222670845998344,1.03492742620715e-08,8.68786926485597e-08,"ENSG00000167394.15","ZNF668","79759","zinc finger protein 668"
25.0202755349574,-1.09422805680275,0.243867078595542,1.4279183050494e-06,8.3598816181347e-06,"ENSG00000178226.13","PRSS36","146547","serine protease 36"
244.59817699613,-1.6890857347536,0.10063604326946,3.13467211824917e-64,8.05662978925341e-62,"ENSG00000140691.19","ARMC5","79798","armadillo repeat containing 5"
427.229993853692,-1.42291505780538,0.554032626416992,0.000181205375586669,0.00068022592427508,"ENSG00000140682.21","TGFB1I1","7041","transforming growth factor beta 1 induced transcript 1"
14.1769683076102,-1.07898921729715,0.359576076828601,0.000465727370802698,0.00156846075238008,"ENSG00000260781.2","ARHGAP23P1","102577425","Rho GTPase activating protein 23 pseudogene 1"
38.196390892603,-1.29448517401724,0.314699284285458,3.79352021389484e-06,2.0605803176637e-05,"ENSG00000261461.1",NA,NA,NA
17.1599322971218,1.00104296997248,0.410189367737932,0.00285829674443459,0.00755015315106643,"ENSG00000140807.8","NKD1","85407","NKD inhibitor of Wnt signaling pathway 1"
36.1552441186543,1.57522014487206,0.231025304486423,1.31418972662014e-12,1.72919110701443e-11,"ENSG00000167207.17","NOD2","64127","nucleotide binding oligomerization domain containing 2"
21.4934840453243,1.17445054222715,0.353323377180303,0.000136054918240363,0.000525050774320481,"ENSG00000280027.1",NA,NA,NA
40.0017931632593,2.19587890035037,0.35532559928496,3.36954997192176e-11,3.84333062995602e-10,"ENSG00000087258.18","GNAO1","2775","G protein subunit alpha o1"
9695.47198119299,-1.78738128454019,0.132730371270971,1.85475040961511e-42,1.91960443400501e-40,"ENSG00000125148.9","MT2A","4502","metallothionein 2A"
90.099116730778,-2.56871607683055,0.285845203392584,3.36753386340088e-20,8.81676395713158e-19,"ENSG00000205362.13","MT1A","4489","metallothionein 1A"
146.739241904429,-1.14788058841125,0.156363121031042,3.23247288602326e-14,4.99478600955558e-13,"ENSG00000187193.11","MT1X","4501","metallothionein 1X"
1586.36755095972,-1.05550371634996,0.0673314144792571,4.17541580967752e-56,7.75772134952253e-54,"ENSG00000102900.15","NUP93","9688","nucleoporin 93"
591.003092556383,-1.30594437105316,0.168289588774978,6.83518401155929e-16,1.25294655968204e-14,"ENSG00000140854.15","KATNB1","10300","katanin regulatory subunit B1"
1862.4752238103,-1.20791589154995,0.109769823213816,4.10740365321011e-29,2.06994352078932e-27,"ENSG00000140859.18","KIFC3","3801","kinesin family member C3"
478.901526701005,-1.01325550053874,0.232330891854349,1.55478635136545e-06,9.006897191738e-06,"ENSG00000181938.16","GINS3","64785","GINS complex subunit 3"
3533.31275077856,-1.23056120098246,0.0727293168184011,1.64949174340251e-65,4.31132409745935e-63,"ENSG00000125166.15","GOT2","2806","glutamic-oxaloacetic transaminase 2"
673.192102239221,-1.2485774998982,0.176853528744666,1.84158455734311e-13,2.65660200737026e-12,"ENSG00000140931.22","CMTM3","123920","CKLF like MARVEL transmembrane domain containing 3"
673.843043928328,-1.05778884717441,0.279346909433328,1.57694553613828e-05,7.54985318621185e-05,"ENSG00000166595.13","CIAO2B","51647","cytosolic iron-sulfur assembly component 2B"
37.0993166179087,1.0806609838837,0.237371905168706,9.71729187412531e-07,5.853529609019e-06,"ENSG00000102878.20","HSF4","3299","heat shock transcription factor 4"
2148.77269938399,-1.05971090236656,0.0916240829108514,1.13169745259185e-31,6.48769755257207e-30,"ENSG00000205250.11","E2F4","1874","E2F transcription factor 4"
385.153868790762,-1.20346637524912,0.135478154690056,9.81712154235022e-20,2.48180051318988e-18,"ENSG00000168701.20","TMEM208","29100","transmembrane protein 208"
60.6609209627175,-1.14209964383099,0.147715047866497,1.96230758495022e-15,3.43872105312698e-14,"ENSG00000176387.9","HSD11B2","3291","hydroxysteroid 11-beta dehydrogenase 2"
1538.23974420659,-1.4404054042605,0.134893953888152,9.01185477011349e-28,4.14841231074388e-26,"ENSG00000159720.15","ATP6V0D1","9114","ATPase H+ transporting V0 subunit d1"
1056.49977265522,-1.11868951992348,0.206503552156839,6.28007240485095e-09,5.43462382464683e-08,"ENSG00000039523.22","RIPOR1","79567","RHO family interacting cell polarization regulator 1"
14.4173023988758,-1.01790735455142,0.533943624660523,0.00577574283846363,0.0137726504270833,"ENSG00000159753.16","CARMIL2","146206","capping protein regulator and myosin 1 linker 2"
611.302403174634,-1.12412151683848,0.220699136734927,3.52506478005557e-08,2.70717250862734e-07,"ENSG00000102977.20","ACD","65057","ACD shelterin complex subunit and telomerase recruitment factor"
791.349042122806,-1.07687493556501,0.261278801129532,3.66275409151634e-06,1.99306036856999e-05,"ENSG00000159792.11","PSKH1","5681","protein serine kinase H1"
302.398512986307,-1.07420072655817,0.112194024907208,1.95441263246698e-22,6.08868630409563e-21,"ENSG00000167264.20","DUS2","54920","dihydrouridine synthase 2"
292.192123909705,-1.37180360864008,0.0887355076563073,8.26046568912127e-55,1.51648382609451e-52,"ENSG00000182810.7","DDX28","55794","DEAD-box helicase 28"
403.534691691173,-1.04987573801746,0.20077572721889,2.09778917423004e-08,1.67616615833168e-07,"ENSG00000103066.15","PLA2G15","23659","phospholipase A2 group XV"
624.326122857078,-1.14273217562266,0.11644327585304,1.42599358131997e-23,4.85435916501884e-22,"ENSG00000132600.20","PRMT7","54496","protein arginine methyltransferase 7"
11.0552376343006,-1.38578490517089,0.335546860386136,5.14893532739295e-06,2.72951982412261e-05,"ENSG00000260290.2",NA,NA,NA
1290.28729137807,-1.27027622967805,0.113282225410989,3.50234956795486e-30,1.89507833990989e-28,"ENSG00000103043.17","VAC14","55697","VAC14 component of PIKFYVE complex"
200.837969996277,-1.85527699978397,0.273174417705656,9.28627380351179e-13,1.24633270952093e-11,"ENSG00000172137.21","CALB2","794","calbindin 2"
269.473113769641,-1.00469224295704,0.111452009938332,4.63808050409282e-20,1.20208133535488e-18,"ENSG00000102967.14","DHODH","1723","dihydroorotate dehydrogenase (quinone)"
11.9454370385053,3.13437739371634,0.82351271114031,1.77240813651358e-06,1.01910163583803e-05,"ENSG00000118557.17","PMFBP1","83449","polyamine modulated factor 1 binding protein 1"
456.239728408637,-1.41886131849217,0.148112427774574,1.04963385525216e-22,3.30334769017215e-21,"ENSG00000103089.11","FA2H","79152","fatty acid 2-hydroxylase"
2614.82234327837,-1.46545816560703,0.189472301518656,5.23949942773831e-16,9.68804804258423e-15,"ENSG00000050820.19","BCAR1","9564","BCAR1 scaffold protein, Cas family member"
101.736098395987,-1.03306454852412,0.223403787756332,5.33761670802648e-07,3.37065467872548e-06,"ENSG00000186153.20","WWOX","51741","WW domain containing oxidoreductase"
46.3462782673017,1.10427837524484,0.270288165764357,1.13973341472115e-05,5.61887115997915e-05,"ENSG00000166473.20","PKD1L2","114780","polycystin 1 like 2 (gene/pseudogene)"
247.451963970936,-1.2934894357041,0.167493722648509,1.63182948872248e-15,2.88583056715474e-14,"ENSG00000140961.16","OSGIN1","29948","oxidative stress induced growth inhibitor 1"
514.90041299915,-1.00286644435431,0.0952367988293194,1.3076255760082e-26,5.5858432154079e-25,"ENSG00000064270.16","ATP2C2","9914","ATPase secretory pathway Ca2+ transporting 2"
13713.4959488918,-1.43680883768245,0.124249306096434,4.80077939155487e-32,2.8149360835425e-30,"ENSG00000103187.9","COTL1","23406","coactosin like F-actin binding protein 1"
377.096841310628,-1.29156053349747,0.0899535274143075,1.46073722306645e-47,1.9934538687529e-45,"ENSG00000154102.12","CLMB","404550","calcimembrin"
471.875656383964,-1.04883416163094,0.0907566946737018,1.45620667894724e-31,8.25594235148726e-30,"ENSG00000131148.11","EMC8","10328","ER membrane protein complex subunit 8"
228.132215794878,-1.8052810422602,0.185144402652975,1.8410938351775e-23,6.17206696353745e-22,"ENSG00000176692.8","FOXC2","2303","forkhead box C2"
422.083390467826,-1.27312383505024,0.172088541526554,1.27471204284012e-14,2.05405793235501e-13,"ENSG00000176678.7","FOXL1","2300","forkhead box L1"
473.567152476058,-1.12769703541777,0.0953394270400783,5.18492011661376e-33,3.26353686197146e-31,"ENSG00000103264.20","FBXO31","79791","F-box protein 31"
105.514828495157,-1.52544514997523,0.225774008081278,1.00526638251999e-12,1.34218293375245e-11,"ENSG00000179588.10","ZFPM1","161882","zinc finger protein, FOG family member 1"
5229.71531163048,-1.33290229049582,0.315952120507016,1.05568919972281e-06,6.31488873115804e-06,"ENSG00000051523.14","CYBA","1535","cytochrome b-245 alpha chain"
1141.6728348385,-1.03988157694697,0.391415502394073,0.000568645242688606,0.00186894251651769,"ENSG00000167508.14","MVD","4597","mevalonate diphosphate decarboxylase"
412.808689349305,-1.67360175805444,0.239361359641904,9.19572423543537e-14,1.36615860727022e-12,"ENSG00000174177.15","CTU2","348180","cytosolic thiouridylase subunit 2"
1912.18243692874,-1.58310269586471,0.230367487258037,2.20619066543648e-13,3.14814346253289e-12,"ENSG00000167513.11","CDT1","81620","chromatin licensing and DNA replication factor 1"
2004.63429524096,-1.44428665644221,0.257657450755074,8.21349424225024e-10,8.03172445844902e-09,"ENSG00000198931.13","APRT","353","adenine phosphoribosyltransferase"
582.782723707041,-1.07134506219979,0.071921721767061,5.8027574187028e-51,9.22518785090885e-49,"ENSG00000141012.15","GALNS","2588","galactosamine (N-acetyl)-6-sulfatase"
8.52570686034699,-2.33724030034366,0.561458038964079,1.44255870271448e-06,8.4327891412282e-06,"ENSG00000261253.3","LOC100287036","100287036","uncharacterized LOC100287036"
2333.61260453476,-1.07125442609957,0.246617111717197,1.50136444211229e-06,8.73156566146591e-06,"ENSG00000131165.18","CHMP1A","5119","charged multivesicular body protein 1A"
203.147475839114,-3.04698913259416,1.88440886398124,4.0398474679502e-06,2.17674660388749e-05,"ENSG00000261373.1","VPS9D1-AS1","100128881","VPS9D1 antisense RNA 1"
772.518052814835,-1.08985458918405,0.167513020759977,1.08014423441595e-11,1.29524916321371e-10,"ENSG00000140995.19","DEF8","54849","differentially expressed in FDCP 8 homolog"
403.681980800409,-1.03768693108303,0.201369191822145,3.46425638530429e-08,2.6644537515101e-07,"ENSG00000167716.20","WDR81","124997","WD repeat domain 81"
282.947883633883,-1.02176097530255,0.167730594265019,1.77668034310472e-10,1.87530373518261e-09,"ENSG00000108963.20","DPH1","1801","diphthamide biosynthesis 1"
2866.34887678354,-1.24247533096965,0.198845253256033,2.79695514644185e-11,3.22843153542513e-10,"ENSG00000132361.20","CLUH","23277","CLUH binding protein of NUMT mRNA"
40.3165976135973,-1.0823913122322,0.33389165937801,0.000158812889118787,0.000602621447613391,"ENSG00000083454.25","P2RX5","5026","purinergic receptor P2X 5"
36.5316209290891,-1.38258653085671,0.266226097266753,2.71144226978069e-08,2.1246519940187e-07,"ENSG00000182557.9","SPNS3","201305","SPNS lysolipid transporter 3, sphingosine-1-phosphate (putative)"
1388.06946028345,-1.02781033434084,0.121275893387324,4.12772998039937e-18,9.10639828723013e-17,"ENSG00000132382.17","MYBBP1A","10514","MYB binding protein 1a"
79.4405885944397,3.0908300825134,0.32924529936878,6.25922286037065e-22,1.88522413534718e-20,"ENSG00000167741.12","GGT6","124975","gamma-glutamyltransferase 6"
1443.73930649716,-1.0089210642115,0.194002741604764,2.66413244853855e-08,2.09076776025002e-07,"ENSG00000142507.12","PSMB6","5694","proteasome 20S subunit beta 6"
24.5040000232783,-1.02168884348011,0.32916014646617,0.000331458226563082,0.00116168575268848,"ENSG00000234327.11","ZNF232-AS1","101928000","ZNF232 antisense RNA 1"
120.677011506356,-3.43776932298062,0.263563403570523,4.35745798526721e-41,4.36339997342894e-39,"ENSG00000179314.19","WSCD1","23302","WSC domain containing 1"
11.9285444059155,1.04596925722472,0.529940864878227,0.00607074258983973,0.0143782708459405,"ENSG00000198920.12","KIAA0753","9851","KIAA0753"
43.0913046745869,-1.11052814666172,0.294440978179128,2.07878390565872e-05,9.69659002092051e-05,"ENSG00000233223.6","MPDU1-AS1","100996842","MPDU1 antisense RNA 1"
1078.54589883713,-1.38168402016442,0.161826244874003,1.05701692588747e-18,2.47348376541891e-17,"ENSG00000129255.18","MPDU1","9526","mannose-P-dolichol utilization defect 1"
352.692658674945,-1.16535728433989,0.20319538229096,1.02872879435731e-09,9.92121747203509e-09,"ENSG00000141499.20","WRAP53","55135","WD repeat containing antisense to TP53"
10.1487022184681,1.21059173996317,0.401559808165061,0.000420063860941318,0.001429347925767,"ENSG00000170049.12","KCNAB3","9196","potassium voltage-gated channel subfamily A regulatory beta subunit 3"
32.2251332827048,-1.86141232185462,0.264167794176863,2.02404589251541e-13,2.90892932977448e-12,"ENSG00000179148.11","ALOXE3","59344","arachidonate epidermal lipoxygenase 3"
914.205044835198,-1.21792991030186,0.0691941040322521,4.35642933276854e-70,1.4293722710771e-67,"ENSG00000178921.16","PFAS","5198","phosphoribosylformylglycinamidine synthase"
36.0648323393466,2.25086458041985,0.346108845007158,6.1818337794609e-12,7.60207804729398e-11,"ENSG00000184619.9","KRABD2","124751","KRAB domain containing 2"
94.0522451935909,1.61049143321543,0.395661627497535,1.36550386085771e-06,8.04025774657762e-06,"ENSG00000187607.18","ZNF286A","57335","zinc finger protein 286A"
486.74402976053,-1.623585891536,0.390770725146423,2.68175232055599e-06,1.48867179752678e-05,"ENSG00000187688.16","TRPV2","51393","transient receptor potential cation channel subfamily V member 2"
310.155975728414,-1.07302851066143,0.406820550723263,0.000576692845500013,0.00189001132474389,"ENSG00000133027.20","PEMT","10400","phosphatidylethanolamine N-methyltransferase"
18.5503474055181,-1.58449556119812,0.385929471916823,4.00214107866576e-06,2.15869246499142e-05,"ENSG00000171916.19","LGALS9C","654346","galectin 9C"
31.6382593488312,-1.38951355326601,0.329715002542452,2.08032474393273e-06,1.17867118607836e-05,"ENSG00000224126.2",NA,NA,NA
1497.7194872769,-1.97699543854798,0.409294008651131,1.41876005751836e-08,1.16437992799311e-07,"ENSG00000108602.20","ALDH3A1","218","aldehyde dehydrogenase 3 family member A1"
28.0728683607663,1.15750971738918,0.879882969168861,0.004406172723134,0.0109258063295464,"ENSG00000291194.2",NA,NA,NA
64.8916739972495,-1.01425114421538,0.222864629298946,1.19948453613952e-06,7.10885896687455e-06,"ENSG00000170298.18","LGALS9B","284194","galectin 9B"
1849.43872717824,-1.19130628695029,0.347352557539047,3.62521158835531e-05,0.000160506425219716,"ENSG00000034152.22","MAP2K3","5606","mitogen-activated protein kinase kinase 3"
1088.92109794743,1.1886093329676,0.140265752668365,2.8917153748148e-18,6.5004581333847e-17,"ENSG00000109046.17","WSB1","26118","WD repeat and SOCS box containing 1"
1391.43296952324,-1.23486694437283,0.429569997985128,0.000340944845718584,0.00118925819177252,"ENSG00000109113.22","RAB34","83871","RAB34, member RAS oncogene family"
14.5435371530397,-1.49453784557202,0.440480205168263,7.33103156809829e-05,0.000301150340467884,"ENSG00000264577.1",NA,NA,NA
1492.76213247898,1.33336808201571,0.578157506471219,0.000448549040886728,0.00151428351396502,"ENSG00000160551.14","TAOK1","57551","TAO kinase 1"
4192.44814429382,1.15883682548539,0.306332572500614,1.1306841331259e-05,5.57782470151454e-05,"ENSG00000108582.14","CPD","1362","carboxypeptidase D"
30.4175413541435,1.12496314156539,0.468205620287323,0.00125906106321434,0.0037131345679534,"ENSG00000290928.2",NA,NA,NA
1932.32573151594,1.12744916325566,0.262229197527896,1.70684987637094e-06,9.83607322253972e-06,"ENSG00000196712.21","NF1","4763","neurofibromin 1"
38.9310717267528,1.1225231791378,0.23206312742344,2.48400295997724e-07,1.66146774820589e-06,"ENSG00000185158.15","LRRC37B","114659","leucine rich repeat containing 37B"
584.074632117054,-1.06491581495924,0.263240137750865,5.70974057131817e-06,2.99591389419182e-05,"ENSG00000073536.20","NLE1","54475","notchless homolog 1"
2341.42988248398,1.01835666973732,0.251436923215894,6.77084614789485e-06,3.50733014600895e-05,"ENSG00000166750.12","SLFN5","162394","schlafen family member 5"
478.488021976778,1.38608583406334,0.380932523492964,1.35611892582447e-05,6.56806217184018e-05,"ENSG00000172716.19","SLFN11","91607","schlafen family member 11"
135.18106841444,1.05080136300054,0.371586253336852,0.000423315593169724,0.00143914236381621,"ENSG00000172123.16","SLFN12","55106","schlafen family member 12"
20.4524639386247,-1.64494377441689,0.316263435878356,2.24935187239217e-08,1.78616144305662e-07,"ENSG00000271503.8","CCL5","6352","C-C motif chemokine ligand 5"
167.678855771393,-1.67500099718436,0.168781675808116,2.08380621485923e-24,7.72460952868851e-23,"ENSG00000278619.7","MRM1","79922","mitochondrial rRNA methyltransferase 1"
799.436020076033,-1.01466395006323,0.179668779231323,3.65534222178103e-09,3.28108454028435e-08,"ENSG00000275410.8","HNF1B","6928","HNF1 homeobox B"
15.3421755240332,1.53812201008385,0.377549206479874,7.03436746185624e-06,3.63285266675436e-05,"ENSG00000274512.8","TBC1D3","729873","TBC1 domain family member 3"
74.3952432573416,1.48512632402053,0.25976101700986,1.36799114727614e-09,1.2982025527474e-08,"ENSG00000274419.8","TBC1D3D","101060389","TBC1 domain family member 3D"
48.8748348751081,1.6540095594837,0.300055864033776,4.24511391473727e-09,3.77531151552269e-08,"ENSG00000278599.6","TBC1D3E","102723859","TBC1 domain family member 3E"
116.026469905848,1.52674132367644,0.322993716394222,2.72423511375897e-07,1.80555503957087e-06,"ENSG00000277399.6","GPR179","440435","G protein-coupled receptor 179"
5640.17929458238,-1.20709857525779,0.123785340734896,2.05994890776271e-23,6.84622243676912e-22,"ENSG00000275832.6","ARHGAP23","57636","Rho GTPase activating protein 23"
1202.70039020813,-1.17756870154081,0.332103904275443,2.50829784565169e-05,0.000114949364272793,"ENSG00000277972.4","CISD3","284106","CDGSH iron sulfur domain 3"
45.0357628254926,-1.56995428921123,0.38182266809934,2.30383290429634e-06,1.29647370557036e-05,"ENSG00000299210.1",NA,NA,NA
467.962602103171,1.10574165791008,0.144789939643102,3.17687612922022e-15,5.45552414128118e-14,"ENSG00000108306.15","FBXL20","84961","F-box and leucine rich repeat protein 20"
221.023728844923,1.48303724454807,0.244330211048208,8.92427435180652e-11,9.69846615780186e-10,"ENSG00000073605.21","GSDMB","55876","gasdermin B"
422.735170419613,-1.2980105681547,0.823232129327135,0.00109786851902287,0.00329189780903201,"ENSG00000279806.1",NA,NA,NA
9003.17733435713,-1.55755012545413,0.129855703142049,2.04387247144389e-34,1.38848270405887e-32,"ENSG00000131746.15","TNS4","84951","tensin 4"
24.2230958485435,-2.17346453220008,0.502823217650505,1.28878376245483e-06,7.62345009620866e-06,"ENSG00000171431.6","KRT20","54474","keratin 20"
965.238869341992,-1.55404779603979,0.87171835444283,0.000370835815363563,0.00128020127797661,"ENSG00000171401.17","KRT13","3860","keratin 13"
34.9582390265154,-1.07591411199876,0.377979391689751,0.00056165757496719,0.00184794569310199,"ENSG00000186832.10","KRT16","3868","keratin 16"
9689.56237070265,-2.09114483185339,0.500213778276484,1.74439345478571e-07,1.19477908337891e-06,"ENSG00000128422.20","KRT17","3872","keratin 17"
55.6880147529446,-1.68706588303443,0.375920508430976,6.4352443758788e-07,4.00152836775915e-06,"ENSG00000108830.13","RND2","8153","Rho family GTPase 2"
2036.23793034224,-1.15204065442668,0.277670575663097,2.56394769839886e-06,1.42839016271844e-05,"ENSG00000141349.12","G6PC3","92579","glucose-6-phosphatase catalytic subunit 3"
225.866093677141,-1.77519562523358,0.283046335870141,8.90048196465862e-12,1.08074277462205e-10,"ENSG00000184922.17","FMNL1","752","formin like 1"
26.6339779943155,1.36262965504472,0.362403349077291,1.78953547107518e-05,8.43031662020027e-05,"ENSG00000176681.16","LRRC37A","9884","leucine rich repeat containing 37A"
27.2357724328079,-1.23607555996252,0.34664205385491,5.08339110040261e-05,0.000217269884033561,"ENSG00000141294.11","LRRC46","90506","leucine rich repeat containing 46"
92.02474351828,1.06615612237467,0.406832308839383,0.00070838446593172,0.00225982557905111,"ENSG00000108465.17","CDK5RAP3","80279","CDK5 regulatory subunit associated protein 3"
3364.21555797931,-1.20440569351163,0.112290615737477,1.40267602513671e-27,6.39960561645951e-26,"ENSG00000170689.11","HOXB9","3219","homeobox B9"
262.940956083004,-1.05559055597716,0.13402577567065,6.86374670389746e-16,1.25558526596445e-14,"ENSG00000272763.2","LINC03057","127379715","long intergenic non-protein coding RNA 3057"
1214.71234272725,-1.34666497177077,0.204007775371853,2.34906401551791e-12,3.02378265303019e-11,"ENSG00000159199.16","ATP5MC1","516","ATP synthase membrane subunit c locus 1"
523.020812591051,1.23156632205458,0.336327189915446,1.46618034085812e-05,7.06120144796162e-05,"ENSG00000198740.11","ZNF652","22834","zinc finger protein 652"
88.4705110749218,1.19105986317276,0.511898374616445,0.001571971403413,0.00449997605569554,"ENSG00000108813.12","DLX4","1748","distal-less homeobox 4"
33.817817572676,-1.15144395856977,0.243806496884943,3.76255399181935e-07,2.43746731752928e-06,"ENSG00000276851.1",NA,NA,NA
300.47195658259,-1.71774456052423,0.11600190593195,1.08549662309024e-50,1.67394434246746e-48,"ENSG00000167105.10","TMEM92","162461","transmembrane protein 92"
1694.59893579817,1.34470580211525,0.574321238480454,0.000385347676409669,0.00132555130892561,"ENSG00000108848.17","LUC7L3","51747","LUC7 like 3 pre-mRNA splicing factor"
1573.67279685614,-1.04133237972728,0.110547278033183,8.61203071347774e-22,2.56382481916101e-20,"ENSG00000239672.10","NME1","4830","NME/NM23 nucleoside diphosphate kinase 1"
313.058762313904,1.06859674741891,0.488363870817431,0.00173673553681746,0.00489261942149471,"ENSG00000011258.18","MBTD1","54799","mbt domain containing 1"
249.707336914845,1.87722039000959,1.44942222716606,6.61524171580289e-05,0.000274747219228108,"ENSG00000264112.2",NA,NA,NA
26.3336214600558,1.62805680749459,0.425825073630279,8.52575659779252e-06,4.32913047397295e-05,"ENSG00000153982.11","GDPD1","284161","glycerophosphodiester phosphodiesterase domain containing 1"
112.996145172097,2.89184850092254,0.513276556038706,4.65837347376094e-11,5.22449289737217e-10,"ENSG00000175155.12","YPEL2","388403","yippee like 2"
4152.97146536296,1.0672805570381,0.0843308653703958,1.87172888671085e-37,1.4577743011095e-35,"ENSG00000062716.15","VMP1","81671","vacuole membrane protein 1"
73.2021443533089,1.14036842987006,0.486761732589002,0.00104291890389996,0.00315226429185441,"ENSG00000189050.18","RNFT1","51136","ring finger protein, transmembrane 1"
14.7442678339501,1.15853737022033,0.638449937808559,0.00679551950207372,0.0158203058939431,"ENSG00000293515.2","WFDC21P","645638","WAP four-disulfide core domain 21, pseudogene"
896.459342024339,1.10623109852887,0.191089150513849,7.98059172843377e-10,7.82382104540224e-09,"ENSG00000170832.15","USP32","84669","ubiquitin specific peptidase 32"
571.675497538343,1.15105208915189,0.274282508470385,2.30434089192727e-06,1.29647370557036e-05,"ENSG00000062725.12","APPBP2","10513","amyloid beta precursor protein binding protein 2"
86.566795138372,-1.36756935178076,0.301357034250944,5.79215647663454e-07,3.63573976831128e-06,"ENSG00000011028.15","MRC2","9902","mannose receptor C-type 2"
151.440517414255,-1.02868643368555,0.205871550816889,1.10617578643962e-07,7.8321105613799e-07,"ENSG00000136463.11","TACO1","51204","translational activator of cytochrome c oxidase I"
2518.29730470726,-1.20997281911455,0.163449717234741,1.2260480253252e-14,1.98095394495062e-13,"ENSG00000108604.20","SMARCD2","6603","SWI/SNF related BAF chromatin remodeling complex subunit D2"
12.933879174291,-1.75357331258774,0.447537307437682,7.68846305679798e-06,3.94292613232064e-05,"ENSG00000007312.16","CD79B","974","CD79b molecule"
24.8829166698353,-1.31590954382831,0.340963595527219,1.47280952810497e-05,7.08427814501145e-05,"ENSG00000007314.12","SCN4A","6329","sodium voltage-gated channel alpha subunit 4"
458.427303133179,-1.61951992210533,0.169501061570383,6.73240518529519e-23,2.1612172866541e-21,"ENSG00000108622.13","ICAM2","3384","intercellular adhesion molecule 2"
251.54309562001,1.05115991503592,0.120119739314897,4.24395620528387e-19,1.02259451002629e-17,"ENSG00000256525.10","POLG2","11232","DNA polymerase gamma 2, accessory subunit"
721.621526460469,1.22181480523958,0.261149962970889,2.00668836221387e-07,1.36262180685601e-06,"ENSG00000120063.12","GNA13","10672","G protein subunit alpha 13"
8.26365671459803,2.12467042299579,0.5422543024064,1.0328242602924e-05,5.13283368287756e-05,"ENSG00000307784.1",NA,NA,NA
2378.83820010585,1.01648169592454,0.262214876430127,1.29999699516117e-05,6.32804724191298e-05,"ENSG00000154229.14","PRKCA","5578","protein kinase C alpha"
1045.38466098635,1.67878292881031,0.215619784646046,2.16232772643263e-16,4.13712851976645e-15,"ENSG00000198265.14","HELZ","9931","helicase with zinc finger"
1491.28970385695,1.59263910354982,0.278422216104552,3.36309703290384e-10,3.43914584512003e-09,"ENSG00000171634.20","BPTF","2186","bromodomain PHD finger transcription factor"
120.904238353924,1.1501457520099,0.208169143314143,4.13961735445262e-09,3.69000226722623e-08,"ENSG00000291214.1",NA,NA,NA
420.378603344801,1.26918696320369,0.102987364863201,1.05009550548334e-35,7.35526737404819e-34,"ENSG00000278730.1",NA,NA,NA
23.1018147320507,1.7901716977908,0.567893013048874,5.43362659670086e-05,0.000230806865788914,"ENSG00000274561.1",NA,NA,NA
57.2247857797425,1.73719085804452,0.214628463211225,6.73797374298882e-17,1.3494323778004e-15,"ENSG00000277476.1",NA,NA,NA
114.20314882627,1.71384057434471,0.280768748055376,1.05195539853015e-10,1.13600869753035e-09,"ENSG00000108932.15","SLC16A6","9120","solute carrier family 16 member 6"
96.3667995140641,2.0989811712891,0.462196583259728,7.92809056416241e-08,5.72910424507725e-07,"ENSG00000154265.18","ABCA5","23461","ATP binding cassette subfamily A member 5"
127.961885761856,1.75694544955846,0.211892535544717,1.29961627502577e-17,2.72847382696558e-16,"ENSG00000108984.18","MAP2K6","5608","mitogen-activated protein kinase kinase 6"
218.276965520603,1.19109106450441,0.17848423877121,2.75715934270806e-12,3.51680349246493e-11,"ENSG00000141219.18","MTNAP1","55028","mitochondrial nucleoid associated protein 1"
82.9182479026062,-1.72284112291409,0.715055069313982,0.000135984974292013,0.00052491221240479,"ENSG00000141540.13","TTYH2","94015","tweety family member 2"
502.46103594346,-1.162022652009,0.168414290077644,6.30681786884486e-13,8.57649368213903e-12,"ENSG00000109066.16","SLC38A12","54868","solute carrier family 38 member 12"
1012.50501429185,-1.09010811481083,0.330065380000109,7.51071015497549e-05,0.000307957089337615,"ENSG00000125458.9","NT5C","30833","5', 3'-nucleotidase, cytosolic"
3931.61739794108,-1.03080145243675,0.0991709780457318,4.6634899912786e-26,1.92287912180501e-24,"ENSG00000189159.18","JPT1","51155","Jupiter microtubule associated homolog 1"
372.986333896752,-1.32815941415026,0.124214781920058,1.7611430835491e-27,7.94110745362883e-26,"ENSG00000125454.14","SLC25A19","60386","solute carrier family 25 member 19"
481.690541693961,-1.01173097846853,0.188325964803618,1.14933933274418e-08,9.59088844710392e-08,"ENSG00000182173.16","TSEN54","283989","tRNA splicing endonuclease subunit 54"
23.7573803279776,-1.50461051456326,0.452300754195854,8.68011052286622e-05,0.000351235855085594,"ENSG00000259120.5","ERLN","100130933","endoregulin"
392.739367077068,-1.08840620269494,0.468432595995334,0.00109272437103683,0.00327944377070533,"ENSG00000108479.15","GALK1","2584","galactokinase 1"
5543.86047069986,-1.30448221926146,0.207206852446346,1.87098447725614e-11,2.19410278507733e-10,"ENSG00000092929.15","UNC13D","201294","unc-13 homolog D"
1161.34412444745,-1.42175211147248,0.219282316842953,3.7423339977778e-12,4.71491279246172e-11,"ENSG00000132481.9","TRIM47","91107","tripartite motif containing 47"
38.2286974001458,-2.48396885421192,0.318817476009793,4.97076185677695e-16,9.25774379146827e-15,"ENSG00000182687.5","GALR2","8811","galanin receptor 2"
35.2468105773769,1.35443604107619,0.314393280925835,2.45333056420376e-06,1.37224557963679e-05,"ENSG00000129654.10","FOXJ1","2302","forkhead box J1"
127.178819875061,-1.8913756353052,0.157781498976226,4.06930336699565e-34,2.68174047959145e-32,"ENSG00000176170.16","SPHK1","8877","sphingosine kinase 1"
1034.1861211101,-1.11905400676659,0.165323618430867,1.42142899296878e-12,1.86234974516326e-11,"ENSG00000129667.15","RHBDF2","79651","rhomboid 5 homolog 2"
3048.64844723358,-1.00489802668039,0.220502933566964,6.8728759905249e-07,4.25820090999938e-06,"ENSG00000167900.15","TK1","7083","thymidine kinase 1"
2178.43886261704,-1.05350282637618,0.0745726210274738,7.75809334069428e-46,9.80635716449562e-44,"ENSG00000089685.17","BIRC5","332","baculoviral IAP repeat containing 5"
968.072638343755,-1.14218141079446,0.147689388263008,1.22014674085807e-15,2.18281704069283e-14,"ENSG00000055483.22","USP36","57602","ubiquitin specific peptidase 36"
17.5310748197987,-1.95748787083342,0.410097312453362,1.5956880477602e-07,1.10098905523535e-06,"ENSG00000173918.17","C1QTNF1","114897","C1q and TNF related 1"
1151.57991648828,-1.60393545519708,0.123156522467413,4.76617905448189e-40,4.40115252689612e-38,"ENSG00000141564.16","RPTOR","57521","regulatory associated protein of MTOR complex 1"
1831.53031219416,-1.29625480117746,0.177708724747167,2.08814278089399e-14,3.28919814342863e-13,"ENSG00000175866.18","BAIAP2","10458","BAR/IMD domain containing adaptor protein 2"
241.051194617215,-1.0057369547716,0.089373797419933,5.23805349525288e-30,2.7853801017343e-28,"ENSG00000167302.13","TEPSIN","146705","TEPSIN adaptor related protein complex 4 accessory protein"
16.0181843009365,-1.23881082993291,0.890276906188112,0.00390111052118959,0.00983633507967048,"ENSG00000287431.2","RENO1","119545628","regulator of early neurogenesis 1"
258.656258651478,-2.00440313059176,0.967605821176383,4.78672687978238e-05,0.00020580746372612,"ENSG00000266074.12","BAHCC1","57597","BAH domain and coiled-coil containing 1"
2055.43673073973,-1.0354120218619,0.153853166596893,2.45329245963983e-12,3.14482319369126e-11,"ENSG00000185359.16","HGS","9146","hepatocyte growth factor-regulated tyrosine kinase substrate"
120.142929784352,-1.49293003372124,0.179036956940287,7.75491219389284e-18,1.66790098942847e-16,"ENSG00000262814.10","MRPL12","6182","mitochondrial ribosomal protein L12"
7458.53626286542,-1.36476223383419,0.312752990263602,5.00987495564489e-07,3.18718158791253e-06,"ENSG00000141522.15","ARHGDIA","396","Rho GDP dissociation inhibitor alpha"
1732.36577134624,-1.07221433478755,0.139748510946302,2.51670505790463e-15,4.37050773625533e-14,"ENSG00000183684.10","ALYREF","10189","Aly/REF export factor"
544.461709472743,-1.05807770473466,0.321493113449372,8.80057533062407e-05,0.000355457496525809,"ENSG00000169696.18","ASPSCR1","79058","ASPSCR1 tether for SLC2A4, UBX domain containing"
1234.92456145522,-1.07898801407829,0.286410150853846,1.57803055611265e-05,7.55270304339329e-05,"ENSG00000169689.17","CENPX","201254","centromere protein X"
2288.38258729801,-1.17255137532884,0.316086541359943,1.33009552632234e-05,6.46231982086226e-05,"ENSG00000169727.16","GPS1","2873","G protein pathway suppressor 1"
12.0404106871423,1.03829060440163,0.420954706347786,0.00245144006131295,0.00660711823892295,"ENSG00000287737.4",NA,NA,NA
32.5572399928612,1.20211210035445,0.703971362279897,0.00368302798377317,0.00935683270803395,"ENSG00000132204.15",NA,NA,NA
1098.6563489119,1.08706926871825,0.712914457588226,0.00332100486682177,0.00857124954832779,"ENSG00000101596.19","SMCHD1","23347","structural maintenance of chromosomes flexible hinge domain containing 1"
42.2646596104268,-1.34291662534031,0.269597000101553,8.87845315368202e-08,6.37405149361873e-07,"ENSG00000132205.13","EMILIN2","84034","elastin microfibril interfacer 2"
28.6496395420754,1.04505574251015,0.453905245370803,0.00206482074436514,0.0056870156633068,"ENSG00000178127.15","NDUFV2","4729","NADH:ubiquinone oxidoreductase core subunit V2"
340.699897737366,1.83443333521251,0.750433167877255,6.628611749403e-05,0.000275080252388438,"ENSG00000101745.19","ANKRD12","23253","ankyrin repeat domain 12"
670.192562112427,-1.59991276726105,0.398463418474936,1.09933528727027e-06,6.56324021099298e-06,"ENSG00000176014.15","TUBB6","84617","tubulin beta 6 class V"
15.0507524734069,-1.59905794558114,0.433467985344033,2.05890165981363e-05,9.61257114622646e-05,"ENSG00000260302.4",NA,NA,NA
937.862103817095,1.61922450226574,0.424525038096688,2.45500738638573e-06,1.37268560208319e-05,"ENSG00000101752.15","MIB1","57534","MIB E3 ubiquitin protein ligase 1"
1242.30053705615,1.05384273583019,0.154599479687519,1.28875886591536e-12,1.70008130635421e-11,"ENSG00000170558.12","CDH2","1000","cadherin 2"
776.660131604412,1.72006505139405,0.115688670048172,6.0929501740616e-51,9.49084693274788e-49,"ENSG00000134755.21","DSC2","1824","desmocollin 2"
353.790996587594,1.01253222733887,0.123046169043675,4.26636311376145e-17,8.64541203381279e-16,"ENSG00000141441.18","GAREM1","64762","GRB2 associated regulator of MAPK1 subtype 1"
17.0518429857132,1.38356777103078,0.351444544745726,1.17485344864808e-05,5.76509798630871e-05,"ENSG00000186496.14","ZNF396","252884","zinc finger protein 396"
79.7995152919488,1.18327754898682,0.209658823900897,2.07799526015242e-09,1.93623957140849e-08,"ENSG00000150477.17","KIAA1328","57536","KIAA1328"
19.8667442300674,-1.06078504024627,0.261212784601304,1.01161593569478e-05,5.04695223045913e-05,"ENSG00000197046.13","SIGLEC15","284266","sialic acid binding Ig like lectin 15"
260.893872406445,1.37976300307082,0.164391588032101,6.31364766642696e-18,1.37130648822493e-16,"ENSG00000152229.20","PSTPIP2","9050","proline-serine-threonine phosphatase interacting protein 2"
937.74505545971,1.09428187815606,0.190242186272466,1.10399431390864e-09,1.05940860701837e-08,"ENSG00000167306.23","MYO5B","4645","myosin VB"
105.077768280113,1.1699770469193,0.361254349618592,9.90796082325571e-05,0.000395216409351853,"ENSG00000101751.13","POLI","11201","DNA polymerase iota"
107.987904631155,1.40524080432812,0.24267418330151,5.09224439204778e-10,5.11246749803183e-09,"ENSG00000166510.16","CCDC68","80323","coiled-coil domain containing 68"
27.7236526905584,1.81627398316856,0.300317379110911,1.6326340846903e-10,1.73036771271541e-09,"ENSG00000196628.22","TCF4","6925","transcription factor 4"
1490.4031165808,1.01385346186474,0.108712736591751,2.29911996076517e-21,6.59009831133079e-20,"ENSG00000081923.17","ATP8B1","5205","ATPase phospholipid transporting 8B1"
433.713377977304,1.15291593429331,0.390236181948289,0.000186171083326987,0.000697508327498897,"ENSG00000172175.18","MALT1","10892","MALT1 paracaspase"
174.833484960501,1.16841305541326,0.289449508471258,4.79960486271928e-06,2.55929137579509e-05,"ENSG00000171451.17","DSEL","92126","dermatan sulfate epimerase like"
88.9971524158955,-1.55562719865155,0.295798096979133,8.20014561805439e-09,6.98233831538622e-08,"ENSG00000141933.10","TPGS1","91978","tubulin polyglutamylase complex subunit 1"
763.131737718247,-1.21499339859986,0.389184000710547,8.45978765332551e-05,0.000343582790102535,"ENSG00000099821.16","POLRMT","5442","RNA polymerase mitochondrial"
367.353513625648,-1.62160129382539,0.286891163360213,5.12495644990499e-10,5.14196183565289e-09,"ENSG00000070404.12","FSTL3","10272","follistatin like 3"
1409.48666752013,-1.13501343296674,0.440703207611112,0.000491023323774576,0.0016439523124158,"ENSG00000099812.11","MISP","126353","mitotic spindle positioning"
810.926512664877,-1.10168597911835,0.384736759726644,0.000275170231822918,0.00098523337472515,"ENSG00000065268.13","WDR18","57418","WD repeat domain 18"
1418.69367300357,-1.20941375970867,0.513588030121857,0.000592411919549981,0.0019354310288085,"ENSG00000099624.10","ATP5F1D","513","ATP synthase F1 subunit delta"
72.5436963212103,-1.01025196056708,0.46305113579691,0.00263472041485323,0.00703865385325921,"ENSG00000310576.2","FAM174C","55009","family with sequence similarity 174 member C"
1132.77954669714,-1.11731135681294,0.492226126505747,0.00103864275739364,0.0031405705807387,"ENSG00000115286.23","NDUFS7","374291","NADH:ubiquinone oxidoreductase core subunit S7"
325.972465905228,-1.0291412625106,0.517955569205181,0.00366894725715044,0.00933182181304914,"ENSG00000130005.15","GAMT","2593","guanidinoacetate N-methyltransferase"
567.200104882062,-1.29241044665103,0.336283077035226,5.5133051073261e-06,2.90172962662375e-05,"ENSG00000129911.10","KLF16","83855","KLF transcription factor 16"
985.740729199666,-1.01054941747168,0.338587692565714,0.00026135331247,0.0009416657550467,"ENSG00000104897.12","SF3A2","8175","splicing factor 3a subunit 2"
652.112825820041,-1.03119282287706,0.257889423061571,7.48671915590581e-06,3.84074172000078e-05,"ENSG00000099800.10","TIMM13","26517","translocase of inner mitochondrial membrane 13"
237.977084706757,-1.20978987348572,0.353588243700794,3.7993939341057e-05,0.000166971940318735,"ENSG00000141873.13","SLC39A3","29985","solute carrier family 39 member 3"
2825.84157798242,-1.18228472952566,0.270268329082772,8.48373053235699e-07,5.16351901263059e-06,"ENSG00000104969.13","SGTA","6449","small glutamine rich tetratricopeptide repeat co-chaperone alpha"
1328.70427838335,-1.10184295517359,0.227988258062909,1.14205508354623e-07,8.06762777982886e-07,"ENSG00000172009.17","THOP1","7064","thimet oligopeptidase 1"
2300.35159468819,-1.46279737848801,0.243850610716132,8.02039696040293e-11,8.75452501704845e-10,"ENSG00000125912.13","NCLN","56926","nicalin"
300.461229149465,-1.45545110967223,0.247769941684331,2.23111611995366e-10,2.32159525545246e-09,"ENSG00000129932.12","DOHH","83475","deoxyhypusine hydroxylase"
337.825501835328,-1.19873209889052,0.304791023618967,6.13879345753531e-06,3.20794083052023e-05,"ENSG00000183617.7","MRPL54","116541","mitochondrial ribosomal protein L54"
23.2970372926493,1.09902286116983,0.52499804284234,0.00330138333269932,0.00852774411617356,"ENSG00000167676.7","PLIN4","729359","perilipin 4"
164.513031261849,-2.43695339846736,0.275371536953834,1.0237458713984e-20,2.76968159347978e-19,"ENSG00000167680.20","SEMA6B","10501","semaphorin 6B"
2532.05965259716,-1.02981391472283,0.205626913591898,6.83085758238459e-08,4.97819729574446e-07,"ENSG00000142002.21","DPP9","91039","dipeptidyl peptidase 9"
949.35401754109,-1.40252052398287,0.110288522846511,5.49157600393741e-38,4.38785458843103e-36,"ENSG00000105426.22","PTPRS","5802","protein tyrosine phosphatase receptor type S"
434.408222978365,-1.31061201119437,0.266085225175619,5.10765865349406e-08,3.80508232345565e-07,"ENSG00000141994.18","DUS3L","56931","dihydrouridine synthase 3 like"
176.824708314043,1.25625489935239,0.171928555773935,4.38126557897482e-14,6.69608488536876e-13,"ENSG00000171124.15","FUT3","2525","fucosyltransferase 3 (Lewis blood group)"
23.5057694142277,-2.08894773218084,0.525485006639664,3.07458406934139e-06,1.69151483886242e-05,"ENSG00000205744.12","DENND1C","79958","DENN domain containing 1C"
166.311341247627,1.44483514244798,0.743843992335285,0.000882363710124366,0.00273396238172149,"ENSG00000125735.14","TNFSF14","8740","TNF superfamily member 14"
276.305326518441,1.63910267881541,0.53562414345613,2.73262626033438e-05,0.000124416384885198,"ENSG00000171105.16","INSR","3643","insulin receptor"
166.180099086034,-1.06298893746695,0.25295639871961,3.28293627133246e-06,1.79780398580319e-05,"ENSG00000090674.18","MCOLN1","57192","mucolipin TRP cation channel 1"
1163.50087758,-1.10833958382582,0.348819528382847,9.95448211753021e-05,0.000396764199365297,"ENSG00000076924.14","XAB2","56949","XPA binding protein 2"
92.4593819412053,-1.45450015182912,0.288464908112476,5.35955749476631e-08,3.97163556591981e-07,"ENSG00000090661.15","CERS4","79603","ceramide synthase 4"
760.882582815418,-1.19094882239273,0.379541908267498,9.16359868806815e-05,0.000368960457881721,"ENSG00000167775.13","CD320","51293","CD320 molecule"
126.699118635536,1.63852172235143,0.177427234339889,1.82585547299847e-21,5.28264863960776e-20,"ENSG00000167785.11","ZNF558","148156","zinc finger protein 558"
2559.50054328026,5.10383971700972,0.910066347236907,4.66241226805352e-16,8.70448663264568e-15,"ENSG00000181143.18","MUC16","94025","mucin 16, cell surface associated"
61.5514782798593,1.53053393943118,0.282737626169599,6.70344436013514e-09,5.77507349037118e-08,"ENSG00000196110.9","ZNF699","374879","zinc finger protein 699"
220.06021489576,1.21787158710941,0.279726008363725,1.05196751451564e-06,6.29751205021185e-06,"ENSG00000174652.22","ZNF266","10781","zinc finger protein 266"
515.909630409675,1.02262262834252,0.494427579655589,0.00235009758725114,0.00636362684688319,"ENSG00000197961.13","ZNF121","7675","zinc finger protein 121"
34.3324925412966,1.17542187571087,0.279735538463702,4.78709330883288e-06,2.55438636385854e-05,"ENSG00000196605.9","ZNF846","162993","zinc finger protein 846"
23.8818226268473,-1.43800370397293,0.260748775525645,4.70501345844863e-09,4.15555627392533e-08,"ENSG00000244165.3","P2RY11","5032","purinergic receptor P2Y11"
2043.1220702822,-1.11026867933977,0.240929473367655,3.72651121598885e-07,2.42066257210464e-06,"ENSG00000130811.14","EIF3G","8666","eukaryotic translation initiation factor 3 subunit G"
1302.39646731254,-1.20792893931597,0.261769047734903,2.70353672580028e-07,1.79471544763522e-06,"ENSG00000105364.16","MRPL4","51073","mitochondrial ribosomal protein L4"
2719.49669899863,1.01353914592424,0.377548815708941,0.000636746059327873,0.00206113790530964,"ENSG00000090339.11","ICAM1","3383","intercellular adhesion molecule 1"
773.173249053169,-1.01963639106047,0.369979366668948,0.000489389627951029,0.00163920014175343,"ENSG00000161847.17","RAVER1","125950","ribonucleoprotein, PTB binding 1"
325.739118767122,-1.13182569938399,0.151006842385134,7.80678329367859e-15,1.28895508749269e-13,"ENSG00000213339.11","QTRT1","81890","queuine tRNA-ribosyltransferase catalytic subunit 1"
641.923098778478,-1.21225829562436,0.418285181655851,0.000166259296261629,0.000628865491206914,"ENSG00000130159.17","ECSIT","51295","ECSIT signaling integrator"
74.9884997853902,1.20079571352337,0.163207264831065,3.72059819100175e-14,5.73180266767612e-13,"ENSG00000198551.11","ZNF627","199692","zinc finger protein 627"
18.6675276802993,-1.16658665912876,0.491763143682409,0.00153141246237424,0.00440481360407057,"ENSG00000102575.16","ACP5","54","acid phosphatase 5, tartrate resistant"
9.20820362026634,1.04740524318765,0.424184686031947,0.00264187479391967,0.0070546062678849,"ENSG00000197332.10","ZNF833P","401898","zinc finger protein 833, pseudogene"
11.3735160811501,1.67707210487951,0.494112555206896,5.60555337850358e-05,0.000237220742727507,"ENSG00000171291.10","ZNF439","90594","zinc finger protein 439"
63.1235851396297,2.35279506581534,0.24163962829946,1.65455236816571e-23,5.60765979549085e-22,"ENSG00000198429.12","ZNF69","7620","zinc finger protein 69"
17.4397649361237,1.05816509754339,0.281062361993896,3.72823773015055e-05,0.000164501156041922,"ENSG00000197647.15","ZNF433","163059","zinc finger protein 433"
281.299968415505,1.04847309634472,0.337193070522107,0.000175468397620402,0.00066045842316432,"ENSG00000173875.15","ZNF791","163049","zinc finger protein 791"
1994.81083781623,-1.2821314307201,0.250213594659887,1.77836986041509e-08,1.43808293746518e-07,"ENSG00000179115.13","FARSA","2193","phenylalanyl-tRNA synthetase subunit alpha"
1060.1038665697,-1.22290250391205,0.308929878713851,4.50008446318618e-06,2.40623448359203e-05,"ENSG00000179271.5","GADD45GIP1","90480","GADD45G interacting protein 1"
285.15516728016,-1.03947526867271,0.118837295540905,5.12738437936831e-19,1.22588208549207e-17,"ENSG00000008441.20","NFIX","4784","nuclear factor I X"
466.169797467625,-1.29920735195866,0.0809184249409734,9.86804610896762e-59,2.02900185395186e-56,"ENSG00000104907.15","TRMT1","55621","tRNA methyltransferase 1"
434.208494331941,-1.22760371785701,0.281750500265713,1.9681666781435e-06,1.11955360913504e-05,"ENSG00000072071.19","ADGRL1","22859","adhesion G protein-coupled receptor L1"
1449.19401479631,-1.0505981919889,0.206377410652889,4.5408162536812e-08,3.4234042263159e-07,"ENSG00000123136.17","DDX39A","10212","DExD-box helicase 39A"
47.9627951139511,-1.41778435956507,0.209979885624034,2.08437333357957e-12,2.69657056855122e-11,"ENSG00000105137.15","SYDE1","85360","synapse defective Rho GTPase activating protein 1"
1249.73693811559,-1.04235475926433,0.211185333511286,9.50888570624915e-08,6.79187246299528e-07,"ENSG00000011451.23","WIZ","58525","WIZ zinc finger"
10.6239335325673,1.42879800930957,0.891744722979306,0.00294091238150176,0.00774053760627046,"ENSG00000160111.17","CPAMD8","27151","C3 and PZP like alpha-2-macroglobulin domain containing 8"
1485.820374903,-1.12194207255441,0.315546630379512,2.78526431744821e-05,0.000126514170955431,"ENSG00000007080.13","CCDC124","115098","coiled-coil domain containing 124"
122.816117410412,-1.73996891052203,0.55335922302499,7.77010478466231e-05,0.000318085441689083,"ENSG00000105642.18","KCNN1","3780","potassium calcium-activated channel subfamily N member 1"
273.362346504499,-1.24843369544037,0.122594774237454,3.61996876121998e-25,1.40260146398928e-23,"ENSG00000254858.12","MPV17L2","84769","MPV17 mitochondrial inner membrane protein like 2"
533.257837421737,-1.1103743300983,0.371934702484995,0.000192166659444975,0.000715797597898784,"ENSG00000006015.20","REX1BD","55049","required for excision 1-B domain containing"
781.3227737781,-1.31408736762973,0.189523287360437,3.3802863048191e-13,4.74316606975571e-12,"ENSG00000105671.14","DDX49","54555","DEAD-box helicase 49"
894.237286745236,-1.58587471689369,0.204234190053129,3.06899003366375e-16,5.81411490284136e-15,"ENSG00000105676.16","ARMC6","93436","armadillo repeat containing 6"
181.977151723791,-1.25404398043776,0.158739892699322,3.29729697942654e-16,6.2236984969078e-15,"ENSG00000184162.17","NR2C2AP","126382","nuclear receptor 2C2 associated protein"
17.230117606488,-1.87712081737895,0.409588653072879,3.70637351960983e-07,2.4096115533686e-06,"ENSG00000291130.2","ZNF826P","664701","zinc finger protein 826, pseudogene"
25.6069008049192,1.07777676753445,0.335456103048122,0.000243751498839651,0.000886949472299731,"ENSG00000196268.13","ZNF493","284443","zinc finger protein 493"
78.6959548855812,1.21618993790626,0.457426440094084,0.000447424575642045,0.0015117735278212,"ENSG00000197020.14","ZNF100","163227","zinc finger protein 100"
38.1675615875684,1.41751062029863,0.262517663085729,7.80629776442215e-09,6.67670093317548e-08,"ENSG00000196081.11","ZNF724","440519","zinc finger protein 724"
115.637025688593,1.74960151362501,0.365962476848854,4.28466451092673e-08,3.24368244590089e-07,"ENSG00000167232.16","ZNF91","7644","zinc finger protein 91"
22.9595581479601,2.18585687872727,0.411900336620042,6.48182925977967e-09,5.59352484695369e-08,"ENSG00000196172.11","ZNF681","148213","zinc finger protein 681"
74.0984705698281,1.43357671501696,0.334751747412716,1.02222252720702e-06,6.13134717699708e-06,"ENSG00000213096.12","ZNF254","9534","zinc finger protein 254"
40.132806000005,-1.18344903573003,0.700241851655797,0.00367713767073952,0.00934648755900347,"ENSG00000267475.4",NA,NA,NA
613.044977115896,-1.33010543954963,0.145470823464484,8.43136597325592e-21,2.29717481755441e-19,"ENSG00000124299.18","PEPD","5184","peptidase D"
212.332648137549,-1.74291520939679,0.164765746346655,2.66732109854678e-27,1.18538209396801e-25,"ENSG00000153885.17","KCTD15","79047","potassium channel tetramerization domain containing 15"
10236.9938187755,-1.05418581122629,0.214123953667546,9.3536213605724e-08,6.69026878485098e-07,"ENSG00000105220.18","GPI","2821","glucose-6-phosphate isomerase"
137.36244191005,-1.27729116890693,0.158934483395918,1.12049466717765e-16,2.2152754182752e-15,"ENSG00000126249.9","PDCD2L","84306","programmed cell death 2 like"
12.3251597040741,-1.27602776958686,0.442492172202238,0.000417497543002208,0.00142212908290333,"ENSG00000274104.3",NA,NA,NA
2916.32580005036,-2.07780189224315,0.0709372397971925,7.90607967305822e-190,6.09598273191154e-186,"ENSG00000089327.18","FXYD5","53827","FXYD domain containing ion transport regulator 5"
3234.30860186563,-1.17573607642653,0.28577896209233,2.59655695101638e-06,1.4444987280528e-05,"ENSG00000105699.19","LSR","51599","lipolysis stimulated lipoprotein receptor"
1798.30486529957,-1.0401404162445,0.215771242303061,1.63186095435071e-07,1.12443823847374e-06,"ENSG00000105698.18","USF2","7392","upstream transcription factor 2, c-fos interacting"
988.857856358096,-1.39600743166865,0.294926153402623,8.91204362443988e-08,6.39518961063226e-07,"ENSG00000105677.14","TMEM147","10430","transmembrane protein 147"
683.009061785981,-1.03291408923017,0.0983146146806508,1.42763919152496e-26,6.06491018526349e-25,"ENSG00000249115.11","HAUS5","23354","HAUS augmin like complex subunit 5"
1655.08686190041,-1.62654925465728,0.112229405070764,8.11021115666141e-49,1.16885575931659e-46,"ENSG00000126254.14","RBM42","79171","RNA binding motif protein 42"
1457.06823490307,-1.36815385924928,0.117473144265719,2.23169699443772e-32,1.34433591215719e-30,"ENSG00000126267.13","COX6B1","1340","cytochrome c oxidase subunit 6B1"
973.864293046418,-1.08971176275116,0.117467573904424,2.83988500618453e-21,8.03557186795809e-20,"ENSG00000272333.9","KMT2B","9757","lysine methyltransferase 2B"
113.214098859425,-1.05095200403047,0.205283397293753,5.46656402335003e-08,4.04509999059889e-07,"ENSG00000205155.10","PSENEN","55851","presenilin enhancer, gamma-secretase subunit"
578.751863275117,-1.05746116265471,0.10773804230862,2.09030413961835e-23,6.9321677714096e-22,"ENSG00000167595.18","PROSER3","148137","proline and serine rich 3"
15.4691852782844,1.01269038411325,0.706369899072276,0.0133195213915689,0.0280256978277232,"ENSG00000126259.22","KIRREL2","84063","kirre like nephrin family adhesion molecule 2"
123.283453529568,-1.31043921797245,0.108494362083541,2.19934317460027e-34,1.48105113954195e-32,"ENSG00000167604.17","NFKBID","84807","NFKB inhibitor delta"
184.382418390716,-1.36557406824203,0.259193995477008,8.37447188378303e-09,7.11530197905334e-08,"ENSG00000205138.4","SDHAF1","644096","succinate dehydrogenase complex assembly factor 1"
746.777208571795,-1.73082570785483,0.0798350807581502,2.68349123911621e-105,3.76201076349191e-102,"ENSG00000075702.20","WDR62","284403","WD repeat domain 62"
478.664186559598,-1.46660099202105,0.202186126134679,2.07898527065995e-14,3.27812186695778e-13,"ENSG00000105258.10","POLR2I","5438","RNA polymerase II subunit I"
853.188255584412,-1.16809585093999,0.202357746324731,7.55276058601825e-10,7.41854273866162e-09,"ENSG00000105254.14","TBCB","1155","tubulin folding cofactor B"
8988.35847279405,-1.18863170838514,0.163447883461015,3.27958509718275e-14,5.06251068905457e-13,"ENSG00000126247.13","CAPNS1","826","calpain small subunit 1"
43.163174914663,1.68980590346208,0.253966159302613,2.6653522685056e-12,3.40251633548219e-11,"ENSG00000142065.16","ZFP14","57677","ZFP14 zinc finger protein"
21.7272764961577,1.38639946796137,0.32129879770189,2.76545150734924e-06,1.53072604791215e-05,"ENSG00000181007.11","ZFP82","284406","ZFP82 zinc finger protein"
49.3407924261691,-1.26498353956226,0.214797470724324,5.52952442442399e-10,5.52988301874464e-09,"ENSG00000011332.24","DPF1","8193","double PHD fingers 1"
656.991831579117,-1.33097679661177,0.263933008485997,2.46588727048996e-08,1.94111524238007e-07,"ENSG00000167645.19","YIF1B","90522","Yip1 interacting factor homolog B, membrane trafficking protein"
3843.59303429044,-1.37198203183191,0.0743757052864557,7.67664236695426e-77,3.94605006469339e-74,"ENSG00000099341.14","PSMD8","5714","proteasome 26S subunit, non-ATPase 8"
2962.18926271244,-1.33955182073773,0.0946712352207543,2.0140179143781e-46,2.70071045718475e-44,"ENSG00000178982.12","EIF3K","27335","eukaryotic translation initiation factor 3 subunit K"
28943.9625848144,-1.14794977861049,0.118488981311381,3.05427347854812e-23,9.99998966299161e-22,"ENSG00000130402.16","ACTN4","81","actinin alpha 4"
14.2641533624313,-2.23955252435308,0.535418537792716,2.37035338409016e-06,1.33162912699651e-05,"ENSG00000298338.1",NA,NA,NA
1139.62362351177,-1.14552745170742,0.289436593310555,5.87141145717871e-06,3.07655576218664e-05,"ENSG00000104823.11","ECH1","1891","enoyl-CoA hydratase 1"
623.969877581774,-1.0860600906051,0.189017398139471,1.20345194102034e-09,1.14984091589062e-08,"ENSG00000068903.23","SIRT2","22933","sirtuin 2"
449.751811862638,-1.49234204085978,0.0945642686420482,4.89420483500842e-57,9.31772009390924e-55,"ENSG00000104825.19","NFKBIB","4793","NFKB inhibitor beta"
72.0841047251469,-1.48783134006565,0.24094371796342,5.37163980633457e-11,5.96801566667762e-10,"ENSG00000104835.17","SARS2","54938","seryl-tRNA synthetase 2, mitochondrial"
969.783063043148,-2.05065534623412,0.140630064146912,1.07585512104932e-49,1.58007255444777e-47,"ENSG00000128626.14","MRPS12","6183","mitochondrial ribosomal protein S12"
208.820808255011,-1.94664964923944,0.432472895015476,7.96955262279584e-08,5.75636866492434e-07,"ENSG00000161243.12","FBXO27","126433","F-box protein 27"
102.614254607541,-1.52183948109636,0.192524579890447,3.24193147030133e-16,6.12669426513686e-15,"ENSG00000128011.7","LRFN1","57622","leucine rich repeat and fibronectin type III domain containing 1"
8259.88482611,-1.06680027552023,0.251674570758401,2.37195435396587e-06,1.33204326629671e-05,"ENSG00000105193.11","RPS16","6217","ribosomal protein S16"
2321.97344722788,-1.08111931619826,0.04689705844662,2.54769002300537e-118,4.91099098059572e-115,"ENSG00000196235.16","SUPT5H","6829","SPT5 homolog, DSIF elongation factor subunit"
1462.03439283998,-1.71955815206586,0.0794192832970294,7.33692501909927e-105,9.42856005996082e-102,"ENSG00000105197.13","TIMM50","92609","translocase of inner mitochondrial membrane 50"
23.7177226328231,-2.08194497927321,0.381776796283886,6.41284641688996e-09,5.5401963358465e-08,"ENSG00000090932.13","DLL3","10683","delta like canonical Notch ligand 3"
5448.26912072715,-1.2688029354457,0.0918218635082625,2.43299261928716e-44,2.79993874492741e-42,"ENSG00000105202.11","FBL","2091","fibrillarin rRNA 2'-O-methyltransferase"
45.9336390482986,-1.23068581757385,0.243198115447322,6.16857249907727e-08,4.52978840515574e-07,"ENSG00000187534.6",NA,NA,NA
3679.7501879253,-1.40902931322745,0.0765277312293978,1.45133790411189e-76,6.99408806853423e-74,"ENSG00000013275.10","PSMC4","5704","proteasome 26S subunit, ATPase 4"
3242.31252697002,-1.13576099262842,0.152905555903799,1.2897365854888e-14,2.07393408600864e-13,"ENSG00000105221.20","AKT2","208","AKT serine/threonine kinase 2"
344.891770159874,-1.39804540366705,0.0980425588616977,6.18776395534936e-47,8.37030771538969e-45,"ENSG00000160392.16","C19orf47","126526","chromosome 19 open reading frame 47"
307.356529085838,-1.58204131143323,0.19954693467156,1.1462455466035e-16,2.26039035475353e-15,"ENSG00000197019.7","SERTAD1","29950","SERTA domain containing 1"
1032.02590838646,-1.09539146675884,0.15592215604161,3.42558739048742e-13,4.79522362449727e-12,"ENSG00000090013.13","BLVRB","645","biliverdin reductase B"
35.0209929948451,-1.55454851160144,0.262973071243572,3.96760575304988e-10,4.03591347742627e-09,"ENSG00000160460.18","SPTBN4","57731","spectrin beta, non-erythrocytic 4"
1897.59854856796,-1.32341665782265,0.236592981245935,1.45579209245247e-09,1.37475626807774e-08,"ENSG00000160410.17","SHKBP1","92799","SH3KBP1 binding protein 1"
1248.78215618494,-1.48334751448966,0.188359609251881,1.79799282230382e-16,3.44861284984417e-15,"ENSG00000090006.20","LTBP4","8425","latent transforming growth factor beta binding protein 4"
545.120388124035,-1.09856181979619,0.165496431511514,3.97972369878024e-12,4.99766442661971e-11,"ENSG00000086544.5","ITPKC","80271","inositol-trisphosphate 3-kinase C"
18.7391006499437,-2.31762327480636,0.465864706364414,3.85309874589302e-08,2.94151662180278e-07,"ENSG00000197408.12","CYP2B6","1555","cytochrome P450 family 2 subfamily B member 6"
1004.60534072501,-2.26208016747886,0.119332544389331,6.85625002141023e-82,3.77607969929168e-79,"ENSG00000167600.16","CYP2S1","29785","cytochrome P450 family 2 subfamily S member 1"
5714.62022694127,-1.12009051902974,0.0611165623001349,4.86548020497559e-76,2.20678147767437e-73,"ENSG00000167601.14","AXL","558","AXL receptor tyrosine kinase"
2399.05005776059,-1.34773251811948,0.380525452748063,1.3526767239534e-05,6.55566883331814e-05,"ENSG00000105329.13","TGFB1","7040","transforming growth factor beta 1"
57.7484283984092,-1.11574178634342,0.196636553363258,2.78020439043592e-09,2.545934198629e-08,"ENSG00000123810.11","B9D2","80776","B9 domain containing 2"
502.801916945661,-1.62881799949211,0.116453337744521,2.00238789396917e-45,2.47030589703189e-43,"ENSG00000077348.12","EXOSC5","56915","exosome component 5"
1186.13556437451,-1.08754414520339,0.118464568818553,7.2105400523154e-21,1.97502199194948e-19,"ENSG00000105341.20","DMAC2","55101","distal membrane arm assembly component 2"
1126.38068686225,-1.18330598408311,0.40484513480387,0.000159315265092738,0.0006042303745684,"ENSG00000105388.19","CEACAM5","1048","CEA cell adhesion molecule 5"
6846.58154580377,-2.07922671050036,0.250050421117193,8.89718046823076e-19,2.10112434916672e-17,"ENSG00000086548.11","CEACAM6","4680","CEA cell adhesion molecule 6"
2027.05116966646,-1.49909612064331,0.216271288187251,1.6243586640607e-13,2.35646612967827e-12,"ENSG00000076928.22","ARHGEF1","9138","Rho guanine nucleotide exchange factor 1"
20.9350847665156,-1.02520687656073,0.30131937158115,0.000129879687665384,0.000503614448953453,"ENSG00000105404.13","RABAC1","10567","Rab acceptor 1"
651.019074182811,-1.5787325062269,0.113735770696391,6.86585202638462e-45,8.14448493068286e-43,"ENSG00000105732.15","ZNF574","64763","zinc finger protein 574"
456.79970657622,-1.34195261317509,0.342365440021353,3.54615669292909e-06,1.9343927259165e-05,"ENSG00000028277.24","POU2F2","5452","POU class 2 homeobox 2"
31.9221028817125,-1.99731893115526,0.274637452203537,3.20048466549281e-14,4.95031835772965e-13,"ENSG00000254887.3","LNROP","100505622","long non-coding regulator of POU2F2"
715.557629356362,-1.12260730732306,0.170050702993716,4.51043060428973e-12,5.62290625293064e-11,"ENSG00000160570.16","DEDD2","162989","death effector domain containing 2"
718.050365691837,-1.25307305689037,0.146548003102773,1.17621446333089e-18,2.74824291500389e-17,"ENSG00000105723.13","GSK3A","2931","glycogen synthase kinase 3 alpha"
1141.34835323888,-1.56987257019554,0.0586666796816536,9.81353538897039e-159,3.78336323083281e-155,"ENSG00000105722.13","ERF","2077","ETS2 repressor factor"
2012.21301373127,-1.11191498434546,0.145719552252676,3.165508159864e-15,5.44206257895906e-14,"ENSG00000079432.11","CIC","23152","capicua transcriptional repressor"
951.903342733669,-1.24031024428145,0.352881027872353,2.17713414648721e-05,0.000101094807807827,"ENSG00000079462.10","PAFAH1B3","5050","platelet activating factor acetylhydrolase 1b catalytic subunit 3"
31.7348228914102,-1.20652285335811,0.279780880474761,2.10975852901552e-06,1.19436807180427e-05,"ENSG00000188368.13","PRR19","284338","proline rich 19"
28.3511236515634,-1.15566821330534,0.24958357535842,6.89553490997923e-07,4.27052384926867e-06,"ENSG00000167619.14","TMEM145","284339","transmembrane protein 145"
1890.14836701521,-1.01080899757811,0.206650188817492,1.32436618708459e-07,9.25795601588005e-07,"ENSG00000105429.14","MEGF8","1954","multiple EGF like domains 8"
23.7765926701612,-1.24606539231845,0.41080561705704,0.00018766405891255,0.000702082522954395,"ENSG00000213904.12","LIPE-AS1","100996307","LIPE antisense RNA 1"
142.657142021315,-1.8731207828124,0.190842752952755,4.90802430716598e-24,1.74795941895627e-22,"ENSG00000079435.11","LIPE","3991","lipase E, hormone sensitive type"
877.456090533325,-1.56181573844471,0.520254039616537,3.81404562108379e-05,0.000167472658094343,"ENSG00000079385.25","CEACAM1","634","CEA cell adhesion molecule 1"
298.720062396599,-1.12518221620137,0.120306578670876,1.60826760943156e-21,4.69717704640985e-20,"ENSG00000124466.9","LYPD3","27076","LY6/PLAUR domain containing 3"
599.785870935151,-1.11639943082669,0.0919966368655067,6.10810140792312e-35,4.20504606301707e-33,"ENSG00000073050.14","XRCC1","7515","X-ray repair cross complementing 1"
143.601551592846,-1.07091275103126,0.106624572325713,2.36106414779191e-24,8.66546778340179e-23,"ENSG00000124444.18","ZNF576","79177","zinc finger protein 576"
302.048428492721,-1.21146181892583,0.156245773139177,9.19419631975893e-16,1.66217703923801e-14,"ENSG00000131116.14","ZNF428","126299","zinc finger protein 428"
1224.18634128957,-1.76481154227406,0.107666063871847,1.47220464495517e-61,3.43982845906874e-59,"ENSG00000011422.14","PLAUR","5329","plasminogen activator, urokinase receptor"
940.558406991046,-1.37237172211109,0.0635960304514269,5.08398131997772e-104,6.03077507195203e-101,"ENSG00000105771.16","SMG9","56006","SMG9 nonsense mediated mRNA decay factor"
863.685466029236,-1.11559212775172,0.196594647369116,1.53069732145205e-09,1.43932215817757e-08,"ENSG00000104783.17","KCNN4","3783","potassium calcium-activated channel subfamily N member 4"
55.676708005943,1.28813429914363,0.66739501456735,0.001366858389679,0.00399135073418668,"ENSG00000159905.17","ZNF221","7638","zinc finger protein 221"
43.3693623292183,1.13812466068468,0.378073340471944,0.000278865445786868,0.000997536388493663,"ENSG00000159917.19","ZNF235","9310","zinc finger protein 235"
10.7020060478694,1.63185719048345,0.431387194895173,1.93763271467288e-05,9.08213802217948e-05,"ENSG00000159915.15","ZNF233","353355","zinc finger protein 233"
1817.63373147755,-1.66567771413259,0.130367317104617,1.01746262240627e-38,8.62103906600386e-37,"ENSG00000130204.15","TOMM40","10452","translocase of outer mitochondrial membrane 40"
75.2357243245505,-1.12445476776446,0.246815697516206,9.51277633582497e-07,5.73930062107812e-06,"ENSG00000130203.12","APOE","348","apolipoprotein E"
29.9358461514997,-1.22628866547666,0.565431090305228,0.00285746669605348,0.00754925371249626,"ENSG00000130208.12","APOC1","341","apolipoprotein C1"
2977.74787089719,-1.31477460726957,0.0731654748392678,3.40897577493977e-73,1.28219062013039e-70,"ENSG00000104853.18","CLPTM1","1209","CLPTM1 regulator of GABA type A receptor forward trafficking"
303.040718034642,-1.11998507966036,0.364302100857465,0.000151651679464028,0.000578580046762686,"ENSG00000104856.16","RELB","5971","RELB proto-oncogene, NF-kB subunit"
117.967840741551,-2.05277708332218,0.183853069755739,4.35897702033208e-30,2.34215277458331e-28,"ENSG00000170684.11","ZNF296","162979","zinc finger protein 296"
205.462544616711,-1.32794338336242,0.134185520909709,6.0384544753784e-24,2.13575702900941e-22,"ENSG00000142252.13","GEMIN7","79760","gem nuclear organelle associated protein 7"
890.173953963139,-1.20510132179585,0.243291842660586,5.55821634843915e-08,4.11094744888633e-07,"ENSG00000104866.13","PPP1R37","284352","protein phosphatase 1 regulatory subunit 37"
244.820591908672,-1.24189767478955,0.12626058189631,1.11610874598563e-23,3.86775572400998e-22,"ENSG00000189114.10","BLOC1S3","388552","biogenesis of lysosomal organelles complex 1 subunit 3"
124.771708927818,-1.47479492694731,0.283962323365685,1.80412292057572e-08,1.45585450330707e-07,"ENSG00000007255.12","TRAPPC6A","79090","trafficking protein particle complex subunit 6A"
1114.20659809966,-1.30046348615907,0.157389135352508,1.26599195298303e-17,2.66705763756166e-16,"ENSG00000104884.19","ERCC2","2068","ERCC excision repair 2, TFIIH core complex helicase subunit"
1510.77922894725,-1.11280177607495,0.15437242349034,6.76169347905749e-14,1.01927737185284e-12,"ENSG00000104881.18","PPP1R13L","10848","protein phosphatase 1 regulatory subunit 13 like"
665.285879894786,-1.63825478623037,0.306415136580408,2.19250694557785e-09,2.0318900004661e-08,"ENSG00000117877.12","POLR1G","10849","RNA polymerase I subunit G"
1725.25711756141,-1.31823562917169,0.216456493536643,7.06422716915474e-11,7.74804033965401e-10,"ENSG00000012061.19","ERCC1","2067","ERCC excision repair 1, endonuclease non-catalytic subunit"
75.3077281638117,-1.4720357737421,0.170135192483316,6.51217958305103e-19,1.54975804552824e-17,"ENSG00000125740.16","FOSB","2354","FosB proto-oncogene, AP-1 transcription factor subunit"
2339.2297933924,-1.1051296916815,0.211723790694859,1.89268578906814e-08,1.52174700486026e-07,"ENSG00000125753.17","VASP","7408","vasodilator stimulated phosphoprotein"
884.450311010167,-1.23478179346425,0.097907592489582,2.2952833188758e-37,1.7786715608233e-35,"ENSG00000125741.7","OPA3","80207","outer mitochondrial membrane lipid metabolism regulator OPA3"
46.6242837565001,-1.06223213188523,0.188088854718991,3.50438381239225e-09,3.15476373443671e-08,"ENSG00000267757.5","EML2-AS1","100287177","EML2 antisense RNA 1"
2178.91825841066,-1.05232117107238,0.0570308313979197,9.71930618268061e-77,4.83488453687477e-74,"ENSG00000125743.12","SNRPD2","6633","small nuclear ribonucleoprotein D2 polypeptide"
351.803314497369,-1.12902537026213,0.125241161759972,3.22049459754869e-20,8.44613047428542e-19,"ENSG00000185800.14","DMWD","1762","DM1 locus, WD repeat containing"
2438.90819368963,-1.04124207308804,0.140231707705439,1.5603746652297e-14,2.48836998061088e-13,"ENSG00000125755.22","SYMPK","8189","symplekin scaffold protein"
91.0087536165877,-2.16150270731641,0.257117854102483,5.61605191153439e-18,1.22496657040696e-16,"ENSG00000170608.5","FOXA3","3171","forkhead box A3"
535.085626932463,-1.28763819357217,0.308246486462269,1.57199210661305e-06,9.09631905293805e-06,"ENSG00000170604.5","IRF2BP1","26145","interferon regulatory factor 2 binding protein 1"
142.914740307686,-1.15847114816684,0.322500143424761,2.71149731428525e-05,0.000123600354961847,"ENSG00000104983.10","CCDC61","729440","coiled-coil domain containing 61"
17.3046856068289,-1.31938894443947,0.735900733952029,0.00422878587625741,0.0105452954394834,"ENSG00000268460.2","LOC93429","93429","uncharacterized LOC93429"
2081.73186704706,-1.18652001994402,0.0647142936322715,5.53694623656139e-76,2.43957851182895e-73,"ENSG00000011485.17","PPP5C","5536","protein phosphatase 5 catalytic subunit"
2591.72377846177,-1.07207161464339,0.217358135169886,8.70870786830964e-08,6.25801416762362e-07,"ENSG00000090372.16","STRN4","29888","striatin 4"
4120.52732144605,-1.01592113075951,0.184468365059561,4.57953145975772e-09,4.05634432170728e-08,"ENSG00000105281.15","SLC1A5","6510","solute carrier family 1 member 5"
950.822000577502,-1.74168468189525,0.212752563777577,9.38431028414493e-18,2.00993679016388e-16,"ENSG00000042753.14","AP2S1","1175","adaptor related protein complex 2 subunit sigma 1"
155.419144912742,-1.61913009109218,0.428788610196256,3.67564061661439e-06,1.99936698232136e-05,"ENSG00000130748.8","TMEM160","54958","transmembrane protein 160"
3807.94788270122,-1.07841505148921,0.113933793972597,7.01396206559864e-22,2.10023900997275e-20,"ENSG00000142230.15","SAE1","10055","SUMO1 activating enzyme subunit 1"
328.286239467037,-1.00319199690908,0.214724174391909,4.33597666397371e-07,2.78140998898247e-06,"ENSG00000105321.16","CCDC9","26093","coiled-coil domain containing 9"
697.529496153378,-1.48475936886672,0.0713829358266087,6.45625918796561e-97,6.63746486250784e-94,"ENSG00000134815.22","DHX34","9704","DExH-box helicase 34"
344.994839748587,-1.55144238629529,0.176206006043692,8.59574665091316e-20,2.1909918860121e-18,"ENSG00000118162.16","KPTN","11133","kaptin, actin binding protein"
1122.7729490007,-1.42247904385627,0.0825156537856175,1.64438946050226e-67,4.44879471410621e-65,"ENSG00000105402.9","NAPA","8775","NSF attachment protein alpha"
4172.74496533066,-1.42483410726306,0.236394742766921,7.21310352105971e-11,7.90009015612654e-10,"ENSG00000024422.14","EHD2","30846","EH domain containing 2"
1855.03089203665,-1.6794863122899,0.178674287131988,2.11489785885834e-22,6.54896383161737e-21,"ENSG00000178980.17","SELENOW","6415","selenoprotein W"
1437.49470200147,-1.33924869268709,0.0599161219264402,1.29971176136282e-111,2.22698389688622e-108,"ENSG00000105486.17","LIG1","3978","DNA ligase 1"
728.875725611258,-2.18721836340028,0.22843920542758,1.12930323460545e-23,3.90470519750015e-22,"ENSG00000142227.14","EMP3","2014","epithelial membrane protein 3 (MAM blood group)"
187.282229719816,-1.25690315517696,0.176680993309483,1.26102723273766e-13,1.85379418074809e-12,"ENSG00000161558.13","TMEM143","55260","transmembrane protein 143"
3326.12208948392,-1.07025269125517,0.202971289504668,1.54366009974889e-08,1.26151470048901e-07,"ENSG00000105438.11","KDELR1","10945","KDEL endoplasmic reticulum protein retention receptor 1"
1738.89989472495,-2.06118010734877,0.106665243316696,1.22084782490106e-84,8.18551926426054e-82,"ENSG00000105447.15","GRWD1","83743","glutamate rich WD repeat containing 1"
9497.67577218132,-1.18774320413405,0.243824620476223,8.84845334127436e-08,6.35547270497401e-07,"ENSG00000063177.15","RPL18","6141","ribosomal protein L18"
258.89335473742,-1.40357250527913,0.148989449840629,4.22939550969595e-22,1.28642027919174e-20,"ENSG00000063176.18","SPHK2","56848","sphingosine kinase 2"
16.9733592932744,-1.24222211177103,0.401245679198285,0.000269280974533788,0.000966840956527486,"ENSG00000105538.12","RASIP1","54922","Ras interacting protein 1"
241.140245229709,-1.05002918276831,0.11558257019993,2.41927887484257e-20,6.37738453486278e-19,"ENSG00000174951.13","FUT1","2523","fucosyltransferase 1 (H blood group)"
1072.21400954681,-1.46759780340083,0.154365794447286,9.21212368383295e-23,2.9230485458516e-21,"ENSG00000105552.17","BCAT2","587","branched chain amino acid transaminase 2"
1084.90685436057,-1.06472132863787,0.0958025670807284,1.80116150556495e-29,9.19725548917787e-28,"ENSG00000087074.11","PPP1R15A","23645","protein phosphatase 1 regulatory subunit 15A"
38.9323218376394,-1.18475347131562,0.396844871260835,0.000365395401869582,0.00126453377294229,"ENSG00000104808.9","DHDH","27294","dihydrodiol dehydrogenase"
29.5004493388824,-2.12927461717073,0.373409428029121,9.5796875882543e-10,9.28525218720739e-09,"ENSG00000305635.1",NA,NA,NA
593.895664985788,-1.1982553223675,0.212573281953991,1.49195572350125e-09,1.40546421576743e-08,"ENSG00000087088.23","BAX","581","BCL2 associated X, apoptosis regulator"
20580.067972937,-1.31546411299751,0.101088518255386,1.32727536670423e-39,1.21111913786662e-37,"ENSG00000087086.18","FTL","2512","ferritin light chain"
4349.38908522046,-1.71521441550487,0.147702966101704,1.3087876183058e-32,8.04096169796566e-31,"ENSG00000183207.17","RUVBL2","10856","RuvB like AAA ATPase 2"
4249.29108538261,-1.05325715326509,0.0981563049560825,1.86383872052394e-27,8.37966673737602e-26,"ENSG00000104852.17","SNRNP70","6625","small nuclear ribonucleoprotein U1 subunit 70"
697.995795373969,-1.07849775584347,0.263062476174233,3.98365996122113e-06,2.15022822058071e-05,"ENSG00000130529.18","TRPM4","54795","transient receptor potential cation channel subfamily M member 4"
697.274089212404,-1.51791109038949,0.221246304183415,2.89900031768022e-13,4.10142054118776e-12,"ENSG00000161618.12","ALDH16A1","126133","aldehyde dehydrogenase 16 family member A1"
202.38987538652,-1.89125404152718,0.242484846953213,5.22391617888572e-16,9.67555112867785e-15,"ENSG00000142552.10","RCN3","57333","reticulocalbin 3"
1622.28092483088,-1.96318587697197,0.109884661224688,1.07141103097639e-72,3.93386416873498e-70,"ENSG00000142546.16","NOSIP","51070","nitric oxide synthase interacting protein"
937.327362587636,-1.01865206788482,0.105562968388293,7.47597004343313e-23,2.3918451045598e-21,"ENSG00000126464.16","PRR12","57479","proline rich 12"
1107.51473940906,-1.50857357103057,0.293789813376143,8.43576897339021e-09,7.15949330427355e-08,"ENSG00000126458.6","RRAS","6237","RAS related"
2290.19530633759,-1.55308937006717,0.192008804520317,2.41554828128406e-17,4.96007590488435e-16,"ENSG00000126461.17","SCAF1","58506","SR-related CTD associated factor 1"
1091.49387018973,-1.46484914715959,0.0751904332790252,2.57809527216931e-85,1.80712759964195e-82,"ENSG00000126456.18","IRF3","3661","interferon regulatory factor 3"
568.435385490149,-1.44787492089162,0.0818186171439384,6.45441416493274e-71,2.21185601860951e-68,"ENSG00000126453.13","BCL2L12","83596","BCL2 like 12"
5745.44512263001,-1.4026204256028,0.137852090584911,1.92995036418576e-25,7.59228687910933e-24,"ENSG00000126457.24","PRMT1","3276","protein arginine methyltransferase 1"
114.388646081087,-2.2264774782866,0.278164310873086,1.57308488986825e-17,3.26934529469789e-16,"ENSG00000169169.17","CPT1C","126129","carnitine palmitoyltransferase 1C"
1599.2582586545,-1.56923492892521,0.146128140308313,3.56736262739974e-28,1.70316715409076e-26,"ENSG00000204673.13","AKT1S1","84335","AKT1 substrate 1"
629.017651487047,-1.34148362631954,0.153879391916106,4.38262498445733e-19,1.05435974860088e-17,"ENSG00000169136.15","ATF5","22809","activating transcription factor 5"
2173.88375787461,-1.06628532827078,0.353425218148113,0.000193033055697367,0.000718851183750082,"ENSG00000062822.18","POLD1","5424","DNA polymerase delta 1, catalytic subunit"
14.2871665988397,-1.11263481239988,0.509155521878353,0.0041646608855259,0.0104067334337364,"ENSG00000213023.13","SYT3","84258","synaptotagmin 3"
11.0884854934002,-1.18241436673356,0.498485196601214,0.00265941802742256,0.00709285461793208,"ENSG00000235034.8","C19orf81","342918","chromosome 19 open reading frame 81"
900.540779023929,-1.19436944564023,0.186157219274555,1.44817564671074e-11,1.712600969933e-10,"ENSG00000293495.2","C19orf48P","84798","multidrug resistance-related protein"
95.0089517774674,2.86695921925902,0.452733195255597,9.89605093254571e-12,1.19131148657914e-10,"ENSG00000167754.15","KLK5","25818","kallikrein related peptidase 5"
1448.32962493352,1.19476449650534,0.202670593356629,6.79810482381513e-10,6.71579593132947e-09,"ENSG00000167755.16","KLK6","5653","kallikrein related peptidase 6"
2984.14255886419,-1.05931056992161,0.112809293660073,1.23309040092571e-21,3.64281361545506e-20,"ENSG00000129451.14","KLK10","5655","kallikrein related peptidase 10"
109.513229032965,-1.21366848079688,0.31143337787265,7.38718849044033e-06,3.79473130283412e-05,"ENSG00000142544.9","CTU1","90353","cytosolic thiouridylase subunit 1"
347.485940349326,-1.15327659263866,0.177850020132661,1.28604419479277e-11,1.52437260014599e-10,"ENSG00000105379.12","ETFB","2109","electron transfer flavoprotein subunit beta"
129.933027195775,1.00095036310207,0.248532685234169,8.0116995550935e-06,4.09643298538119e-05,"ENSG00000105497.10","ZNF175","7728","zinc finger protein 175"
29.8473219980853,1.0946142123695,0.322745509202095,0.000108344246904583,0.000427965325695589,"ENSG00000182310.16","SPACA6","147650","sperm acrosome associated 6"
75.1523655138342,1.00295590142775,0.537459797865686,0.00411036825644625,0.0102832558213267,"ENSG00000197619.17","ZNF615","284370","zinc finger protein 615"
18.3392588944063,1.02636698824391,0.293879427280029,0.000109629994929176,0.000431785567952994,"ENSG00000269834.9","ZNF528-AS1","102724105","ZNF528 antisense RNA 1"
142.233012803383,1.20277990965956,0.162679373737925,2.01077990338335e-14,3.17707345185192e-13,"ENSG00000167555.16","ZNF528","84436","zinc finger protein 528"
18.636805764748,1.28554277999965,0.402603784014427,0.00015051481119843,0.000574959777962674,"ENSG00000167766.24","ZNF83","55769","zinc finger protein 83"
330.391489134498,1.14889442676458,0.38514752120073,0.000187072766241783,0.000700546170037525,"ENSG00000213793.8","ZNF888","388559","zinc finger protein 888"
43.3534061802423,1.20902812359867,0.336440538247197,3.18602870399549e-05,0.000143080035809983,"ENSG00000293246.2","ZNF321P","399669","zinc finger protein 321, pseudogene"
99.9043876404428,1.13966903368083,0.200432855255314,2.14039988657743e-09,1.98837991872955e-08,"ENSG00000293317.2","ZNF702P","79986","zinc finger protein 702, pseudogene"
451.265650730497,1.37676589355065,0.352905537124608,3.78098291240009e-06,2.05521809982805e-05,"ENSG00000170949.20","ZNF160","90338","zinc finger protein 160"
189.458386150229,-1.31126821990995,0.266071678779251,1.09226353059417e-07,7.74427397944489e-07,"ENSG00000130433.10","CACNG6","59285","calcium voltage-gated channel auxiliary subunit gamma 6"
587.933331056803,-1.16626829706333,0.22662815603625,2.47856453334111e-08,1.9491047255815e-07,"ENSG00000170906.18","NDUFA3","4696","NADH:ubiquinone oxidoreductase subunit A3"
122.757158648897,-1.10617142125835,0.223902992287332,1.10278949627483e-07,7.81172109419119e-07,"ENSG00000105617.5","LENG1","79165","leukocyte receptor cluster member 1"
296.022846651154,-1.03213789639785,0.601430277338653,0.00340648360121882,0.00876399459699624,"ENSG00000167617.5","CDC42EP5","148170","CDC42 effector protein 5"
3508.92374256163,-1.0263588585896,0.207129915481968,8.54609903843609e-08,6.14976170190028e-07,"ENSG00000105063.21","PPP6R1","22870","protein phosphatase 6 regulatory subunit 1"
1082.37624364524,-1.47983730497396,0.251995317601904,1.69550657416372e-10,1.79453719150163e-09,"ENSG00000133265.13","HSPBP1","23640","HSPA (Hsp70) binding protein 1"
82.586450807758,-1.48673268946708,0.338595895442284,1.17068465696448e-06,6.95420958977242e-06,"ENSG00000160469.18","BRSK1","84446","BR serine/threonine kinase 1"
5540.14711712611,-1.01983001461713,0.367448960210194,0.000444838879127843,0.00150534570002863,"ENSG00000108106.16","UBE2S","27338","ubiquitin conjugating enzyme E2 S"
1218.27402651992,-1.24467739910445,0.24808476553214,3.56156486012104e-08,2.72840992091041e-07,"ENSG00000063241.10","ISOC2","79763","isochorismatase domain containing 2"
183.094858028453,-1.1661372158245,0.354691614530607,6.93248806102114e-05,0.000286534168826071,"ENSG00000197483.12","ZNF628","89887","zinc finger protein 628"
207.719910859531,-1.05533941555328,0.301026268470198,4.64926533067595e-05,0.000200157232452133,"ENSG00000179943.10","FIZ1","84922","FLT3 interacting zinc finger 1"
5173.25258494699,-1.21018535146046,0.137032202289771,9.81080634639137e-20,2.48180051318988e-18,"ENSG00000063244.16","U2AF2","11338","U2 small nuclear RNA auxiliary factor 2"
3313.66579186731,-1.11045566874397,0.35168055157608,0.000104854132999274,0.000415883638112603,"ENSG00000063245.17","EPN1","29924","epsin 1"
750.720410488914,-1.24125947999842,0.323349378995841,6.74261260299278e-06,3.49505307397485e-05,"ENSG00000142409.8","ZNF787","126208","zinc finger protein 787"
194.490048385887,1.04295684187426,0.361319201209914,0.000343915984895461,0.00119799602508988,"ENSG00000188785.14","ZNF548","147694","zinc finger protein 548"
308.299101850407,1.06036440529807,0.10515244982507,1.47319938551904e-24,5.48748978842732e-23,"ENSG00000121417.16","ZNF211","10520","zinc finger protein 211"
96.1462028926427,-1.01665345673902,0.316371726166798,0.000157391630503,0.000598406393980956,"ENSG00000283103.6","LOC105372480","105372480","uncharacterized LOC105372480"
28.649771117765,-1.14314549896652,0.413032178857738,0.000794898170583428,0.00249859859122851,"ENSG00000152475.9","ZNF837","116412","zinc finger protein 837"
11480.3206320299,-1.01250053724962,0.402898719286488,0.000865476319369801,0.0026913713089336,"ENSG00000083845.11","RPS5","6193","ribosomal protein S5"
126.589776138198,-1.13679043441657,0.135877701059401,1.11244990997134e-17,2.35646841506429e-16,"ENSG00000249471.10","ZNF324B","388569","zinc finger protein 324B"
10858.7774309491,-1.31384222015367,0.21856427545751,1.6748384428366e-10,1.77387936998511e-09,"ENSG00000130726.14","TRIM28","10155","tripartite motif containing 28"
2201.7460392076,-1.05095006614255,0.28087977200879,1.73825740079229e-05,8.21755590975411e-05,"ENSG00000130725.10","UBE2M","9040","ubiquitin conjugating enzyme E2 M"
308.786559537057,-1.6803498889472,0.243362306713963,3.15019734657366e-13,4.43240814612339e-12,"ENSG00000125775.17","SDCBP2","27111","syndecan binding protein 2"
2494.88012649834,-1.12139802202035,0.100958954237142,1.6507197631054e-29,8.45705962353768e-28,"ENSG00000101365.24","IDH3B","3420","isocitrate dehydrogenase (NAD(+)) 3 non-catalytic subunit beta"
115.356317843864,-4.29092472443054,0.436044753067205,1.86327391674071e-23,6.23287355098884e-22,"ENSG00000088882.10","CPXM1","56265","carboxypeptidase X, M14 family member 1"
375.618917855407,1.570800308177,0.588461515172544,8.7552071035161e-05,0.000353903142184329,"ENSG00000088899.18","LZTS3","9762","leucine zipper tumor suppressor family member 3"
904.055945261562,-1.17455249149163,0.359670285824091,6.62029579576782e-05,0.000274883094955669,"ENSG00000101220.20","ADISSP","54976","adipose secreted signaling protein"
3092.40079799496,-1.21339365359455,0.268263848543879,3.93255232345374e-07,2.53740122928787e-06,"ENSG00000125817.8","CENPB","1059","centromere protein B"
450.772779575956,-1.24582292967149,0.132978411638261,8.47613231952638e-22,2.52824828818987e-20,"ENSG00000125843.14","AP5S1","55317","adaptor related protein complex 5 subunit sigma 1"
9.68184879557504,-1.22792630883895,0.449147912819797,0.000868463813520647,0.00269848488178559,"ENSG00000226608.3",NA,NA,NA
1121.87248644156,-1.06948982147488,0.354722508268125,0.000200952579387388,0.000745821835555455,"ENSG00000088826.20","SMOX","54498","spermine oxidase"
35.237619861236,1.0320574434112,0.328872216376939,0.000350494796831528,0.0012187103183628,"ENSG00000101265.18","RASSF2","9770","Ras association domain family member 2"
463.144876710016,1.60245946863448,0.493055037518396,3.40938381824972e-05,0.000151822431017121,"ENSG00000125772.17","GPCPD1","56261","glycerophosphocholine phosphodiesterase 1"
129.623419918583,2.42588774527344,0.181602238189927,1.37736215627041e-41,1.39738827709513e-39,"ENSG00000125872.11","LRRN4","164312","leucine rich repeat neuronal 4"
86.9712695121731,1.57512551511193,0.39185821939277,2.73306158395328e-06,1.51442841128795e-05,"ENSG00000182621.20","PLCB1","23236","phospholipase C beta 1"
55.8277139484459,2.32634253716183,0.283254508050964,2.19150485921867e-17,4.50602619120147e-16,"ENSG00000101333.21","PLCB4","5332","phospholipase C beta 4"
20.3267165739575,-1.32160137430431,0.258367650914702,4.46234549187668e-08,3.36827360891974e-07,"ENSG00000235698.1",NA,NA,NA
383.958953250106,1.59500688124785,0.100159441573146,5.57892217700974e-58,1.08901973280591e-55,"ENSG00000172296.15","SPTLC3","55304","serine palmitoyltransferase long chain base subunit 3"
31.2297514736388,-1.122039609999,0.398418160405608,0.000500807059650482,0.0016734443481842,"ENSG00000227063.5",NA,NA,NA
475.726862703951,-1.13157070763292,0.127147841086997,9.11448662714556e-20,2.3155601034137e-18,"ENSG00000132661.6","NXT1","29107","nuclear transport factor 2 like export factor 1"
84.2807390278328,-1.46402328086475,0.263664422240167,3.37928986909192e-09,3.0510555662334e-08,"ENSG00000170373.10","CST1","1469","cystatin SN"
269.935396705736,1.0597042871532,0.168318626037891,5.12197108510915e-11,5.71947256361102e-10,"ENSG00000101004.18","NINL","22981","ninein like"
508.263726215413,1.10004484493565,0.106344106358905,7.13802364389613e-26,2.89672270032953e-24,"ENSG00000130684.16","ZNF337","26152","zinc finger protein 337"
15.8835299205011,1.36625026360556,0.40727485774667,9.63107216640078e-05,0.000385167956115317,"ENSG00000125804.15","FAM182A","284800","family with sequence similarity 182 member A"
14.3757314832168,1.08499903582285,0.481287950562654,0.00328177908958263,0.00848847959417205,"ENSG00000303016.1",NA,NA,NA
21.500265032432,-1.37080976651791,0.431746660586622,0.000105670943794417,0.000418692606437233,"ENSG00000175730.8",NA,NA,NA
4820.93927284676,-1.0875540107159,0.268035400922189,4.64511451332105e-06,2.48034317555138e-05,"ENSG00000125970.14","RALY","22913","RALY heterogeneous nuclear ribonucleoprotein"
6232.44822144303,-1.02919032695186,0.261516486073484,9.29839999349358e-06,4.68290745590021e-05,"ENSG00000101444.14","AHCY","191","adenosylhomocysteinase"
542.787049250652,-1.73986261874684,0.356137383946891,1.80361608301667e-08,1.45585450330707e-07,"ENSG00000101000.8","PROCR","10544","protein C receptor"
22.2671251385576,1.92537604480546,0.399552820710282,9.49423188483975e-08,6.78454818795708e-07,"ENSG00000279253.1",NA,NA,NA
2182.66581064403,-1.29714931806345,0.292989765484022,5.32023464746427e-07,3.36243190567814e-06,"ENSG00000242372.11","EIF6","3692","eukaryotic translation initiation factor 6"
92.92693836932,1.81722709797039,0.183646787786559,4.71002146601662e-24,1.68132502378339e-22,"ENSG00000293413.2",NA,NA,NA
1203.00306195777,-1.03500527025214,0.324397498083455,0.000129570480692277,0.000502668272391348,"ENSG00000125995.18","ROMO1","140823","reactive oxygen species modulator 1"
497.601583737526,-1.0076460216658,0.449419102724331,0.00170131456058541,0.00481393978693352,"ENSG00000171222.13","SCAND1","51282","SCAN domain containing 1"
826.660291783953,-1.18239344723838,0.116558063541472,4.67625414815375e-25,1.79831708774761e-23,"ENSG00000131043.15","AAR2","25980","AAR2 splicing factor"
43.8437723105286,-1.10506231594045,0.258736485216956,3.82432253929596e-06,2.07365955972163e-05,"ENSG00000101342.12","TLDC2","140711","TBC/LysM-associated domain containing 2"
1648.95902901717,-1.091933821945,0.244426182960147,7.86630673870617e-07,4.82139571612034e-06,"ENSG00000101363.15","MANBAL","63905","mannosidase beta like"
45.643071479544,-2.75212464665369,0.275447297324705,1.23112646475061e-24,4.61927036810684e-23,"ENSG00000293724.1",NA,NA,NA
53.2038953327487,1.63293537838905,0.204614555798867,1.78690263366258e-16,3.43160965301502e-15,"ENSG00000124143.13","ARHGAP40","343578","Rho GTPase activating protein 40"
61.2231441762465,1.38053573598133,0.327761591071455,1.80379867809351e-06,1.03384849881254e-05,"ENSG00000185513.19","L3MBTL1","26013","L3MBTL histone methyl-lysine binding protein 1"
123.153824051444,-1.14423382954988,0.222804812272843,4.89225234693275e-08,3.65874992444471e-07,"ENSG00000124191.20","TOX2","84969","TOX high mobility group box family member 2"
113.642284352105,-1.20508650009155,0.162930893338477,2.32902540287434e-14,3.65370302520093e-13,"ENSG00000101076.22","HNF4A","3172","hepatocyte nuclear factor 4 alpha"
286.41591200156,-1.02598254712358,0.132997860988205,2.48717754534815e-15,4.32409976626989e-14,"ENSG00000168734.16","PKIG","11142","cAMP-dependent protein kinase inhibitor gamma"
265.384320307999,-1.55055760394862,0.144112120502464,5.87109891221582e-28,2.76031147333171e-26,"ENSG00000196839.16","ADA","100","adenosine deaminase"
263.741361610119,2.04823087316979,0.147199441505855,2.80389402630665e-45,3.43165474441864e-43,"ENSG00000101104.15","PABPC1L","80336","poly(A) binding protein cytoplasmic 1 like"
566.406992638278,-2.11383989721246,0.577004102502958,7.0476545841174e-07,4.35598722812322e-06,"ENSG00000124102.7","PI3","5266","peptidase inhibitor 3"
1804.64261067649,-1.04927510221718,0.280768965152904,1.79975891447548e-05,8.47452892217601e-05,"ENSG00000124107.6","SLPI","6590","secretory leukocyte peptidase inhibitor"
2481.73986339523,-1.68785536729404,0.233644989295686,1.26439539067955e-14,2.0395649915972e-13,"ENSG00000100979.17","PLTP","5360","phospholipid transfer protein"
193.309132467626,1.78455264679552,0.340666865601663,3.74500715733046e-09,3.35376047463374e-08,"ENSG00000198185.14","ZNF334","55713","zinc finger protein 334"
303.757840845872,1.02713405993085,0.226074303617321,6.86247130416601e-07,4.2534634236955e-06,"ENSG00000197496.8","SLC2A10","81031","solute carrier family 2 member 10"
32.6062374813283,1.32354315094523,0.355099946404711,5.65119862221122e-05,0.00023889016982763,"ENSG00000236028.2","EYA2-AS1","101927355","EYA2 antisense RNA 1"
1524.58892215692,-2.55317731941532,0.438760163263559,7.31585202260819e-12,8.92545522473425e-11,"ENSG00000196562.18","SULF2","55959","sulfatase 2"
446.949035194511,-1.13854467872198,0.180497860751711,5.80062382512912e-11,6.40310808928534e-10,"ENSG00000124126.16","PREX1","57580","phosphatidylinositol-3,4,5-trisphosphate dependent Rac exchange factor 1"
111.755735567301,-1.08390333111423,0.216686830956316,1.13262107717165e-07,8.00465152661048e-07,"ENSG00000124216.5","SNAI1","6615","snail family transcriptional repressor 1"
43.196343418658,1.49216354460893,0.249192184402022,2.09604128092919e-10,2.18694537166502e-09,"ENSG00000042062.15","RIPOR3","140876","RIPOR family member 3"
365.572175365678,1.30291194722441,0.21071935425126,5.66519992654583e-11,6.26707661888545e-10,"ENSG00000124171.11","PARD6B","84612","par-6 family cell polarity regulator beta"
175.259033132707,1.01445008421884,0.221862552689078,1.00876490252465e-06,6.05533809335641e-06,"ENSG00000101115.14","SALL4","57167","spalt like transcription factor 4"
41.244471130389,1.92648515780389,0.316538784246514,5.78518049026805e-11,6.39063526793866e-10,"ENSG00000182463.17","TSHZ2","128553","teashirt zinc finger homeobox 2"
98.0284043315887,1.33345859413186,0.191094248350599,4.67168329315946e-13,6.47277880178006e-12,"ENSG00000064787.16","BCAS1","8537","brain enriched myelin associated protein 1"
4871.41364288043,-1.05065906538642,0.0989128846797561,3.71640127068575e-27,1.64213822335945e-25,"ENSG00000124225.17","PMEPA1","56937","prostate transmembrane protein, androgen induced 1"
21.1747017706888,2.12199853355311,0.437144227440257,5.18914095722942e-08,3.85461188349879e-07,"ENSG00000196074.14","SYCP2","10388","synaptonemal complex protein 2"
133.068457705,-1.31178100272686,0.245032744383924,7.4792521263202e-09,6.41476902335839e-08,"ENSG00000228340.9","LINC02910","284756","long intergenic non-protein coding RNA 2910"
3577.89813255097,-1.53131369846339,0.12362672785313,1.59652192465095e-36,1.18937027053345e-34,"ENSG00000130706.15","ADRM1","11047","ADRM1 26S proteasome ubiquitin receptor"
51.061740624014,1.09045052399833,0.346359961353325,0.000188034132098823,0.000702951357841443,"ENSG00000130701.5","RBBP8NL","140893","RBBP8 N-terminal like"
48.0581581529417,-1.69154598030817,0.301346223776465,1.99711674314288e-09,1.86312990296469e-08,"ENSG00000273812.3",NA,NA,NA
2640.23706593415,-2.00305204448,0.207158201692559,1.14412984116912e-23,3.94711997330404e-22,"ENSG00000101187.18","SLCO4A1","28231","solute carrier organic anion transporter family member 4A1"
8.11166726808145,1.22028519246426,0.399869082502344,0.000423412051952539,0.001439153020313,"ENSG00000277496.1",NA,NA,NA
210.760434039049,-2.79054019240661,0.198334508209925,3.81321585218501e-46,4.98335607258857e-44,"ENSG00000101188.6","NTSR1","4923","neurotensin receptor 1"
35.5985197249338,-1.25384540956116,0.381696172720842,0.000112317127328634,0.000440835434088794,"ENSG00000228705.5","LINC00659","100652730","long intergenic non-protein coding RNA 659"
1529.04828433253,-1.02180134851419,0.117613961613464,6.03548312198896e-19,1.44076138117944e-17,"ENSG00000101199.15","ARFGAP1","55738","ARF GTPase activating protein 1"
9.32370871603385,1.36738639556565,0.442812534102881,0.000295714854704919,0.00104880836577842,"ENSG00000302611.1",NA,NA,NA
300.777301860298,-1.07737615969159,0.201588808408198,1.26696312370079e-08,1.0498569763885e-07,"ENSG00000268858.3",NA,NA,NA
3419.07634429985,-1.02516287596845,0.112124219647475,7.34503244413903e-21,2.00829335675652e-19,"ENSG00000101161.10","PRPF6","24148","pre-mRNA processing factor 6"
1400.8888425703,1.59435530520636,0.608662617640624,8.52881191923422e-05,0.000346021595912946,"ENSG00000180530.12","NRIP1","8204","nuclear receptor interacting protein 1"
698.96767790781,1.1750471831193,0.256675758986681,3.79084058087001e-07,2.45212049486562e-06,"ENSG00000155313.18","USP25","29761","ubiquitin specific peptidase 25"
977.831869901716,1.32576871020213,0.216281282892039,5.40178255566165e-11,5.99286969718405e-10,"ENSG00000154639.21","CXADR","1525","CXADR cell adhesion molecule"
140.061299260229,1.458830440638,0.567686708140223,0.000222654547190413,0.000817318679415226,"ENSG00000154642.13","C21orf91","54149","chromosome 21 open reading frame 91"
369.325516603323,-1.30261719081543,0.1341164274909,2.78818761759415e-23,9.18731650660671e-22,"ENSG00000154734.18","ADAMTS1","9510","ADAM metallopeptidase with thrombospondin type 1 motif 1"
1185.84954728717,1.31787483915454,0.327648209572173,2.77885781696326e-06,1.53649216189998e-05,"ENSG00000156273.18","BACH1","571","BTB domain and CNC homolog 1"
24.2129921343289,-1.51521565361097,0.484687740533926,0.000188515915346153,0.000704410935438096,"ENSG00000237594.2","TIAM1-AS1","150051","TIAM1 antisense RNA 1"
11.7853522516023,1.34574853951572,0.488145782449442,0.000560310349437781,0.00184430008509712,"ENSG00000238197.9","PAXBP1-AS1","100506215","PAXBP1 antisense RNA 1"
19.7080202745971,1.09447722328531,0.293394571973963,3.58399391909559e-05,0.000158772680914602,"ENSG00000243646.13","IL10RB","3588","interleukin 10 receptor subunit beta"
157.583700594553,1.01765013089633,0.196494808782982,3.41494170082731e-08,2.63077876330529e-07,"ENSG00000205758.14","CRYZL1","9946","crystallin zeta like 1"
35.4722416850741,1.51987507504944,0.928736941194696,0.00106568699520918,0.00321163946709415,"ENSG00000243927.8","MRPS6","64968","mitochondrial ribosomal protein S6"
938.473293654665,1.43475652412283,0.412644987390126,1.50171646892862e-05,7.21432076864431e-05,"ENSG00000198743.8","SLC5A3","6526","solute carrier family 5 member 3"
54.4862259016962,-1.36502306107081,0.206164638296391,4.3011936535551e-12,5.38819718371025e-11,"ENSG00000159231.8","CBR3","874","carbonyl reductase 3"
480.69102364397,1.05195285260106,0.472687129046005,0.00160696642777688,0.00458313839148276,"ENSG00000159256.14","MORC3","23515","MORC family CW-type zinc finger 3"
41.9571837823902,-1.09956493713261,0.2394124045662,8.13074405149532e-07,4.96571105022215e-06,"ENSG00000230479.2","CLDN14-AS1","105369301","CLDN14 antisense RNA 1"
2224.64257479963,1.38361152861751,0.351668484224717,2.97234721185724e-06,1.63877605842154e-05,"ENSG00000182670.15","TTC3","7267","tetratricopeptide repeat domain 3"
128.74015269754,-1.25319844570761,0.190405661052626,6.87002612644631e-12,8.40814864253401e-11,"ENSG00000157551.21","KCNJ15","3772","potassium inwardly rectifying channel subfamily J member 15"
679.02056821387,1.49449883951096,0.430699927154993,1.27300079358541e-05,6.20643225984212e-05,"ENSG00000185658.16","BRWD1","54014","bromodomain and WD repeat domain containing 1"
770.416480159972,-1.20045495040757,0.272817803671755,1.64665879523972e-06,9.50697314915455e-06,"ENSG00000183421.13","RIPK4","54101","receptor interacting serine/threonine kinase 4"
135.666033308744,2.11105702267881,0.276496053556419,1.32933781529409e-15,2.36171871539748e-14,"ENSG00000173276.16","ZBTB21","49854","zinc finger and BTB domain containing 21"
13.2563207337654,-2.44231921635682,0.553944382086428,7.39671887807228e-07,4.55166806938359e-06,"ENSG00000160182.4","TFF1","7031","trefoil factor 1"
104.848470875355,-1.47703877786904,0.304540149691051,1.44007217918387e-07,1.00300505569896e-06,"ENSG00000160191.20","PDE9A","5152","phosphodiesterase 9A"
639.700089011089,-1.21838832252032,0.160079600948038,3.47514859799333e-15,5.96109750051782e-14,"ENSG00000160193.14","WDR4","10785","WDR4 tRNA N7-guanosine methyltransferase non-catalytic subunit"
263.034606730275,-1.18840248116548,0.547204602356899,0.00351541123458903,0.0089972571995596,"ENSG00000160201.14","U2AF1","7307","U2 small nuclear RNA auxiliary factor 1"
416.403807714731,-1.2430790394926,0.259607031556153,1.21916891079309e-07,8.55748920042794e-07,"ENSG00000160256.16","SLX9","85395","SLX9 ribosome biogenesis factor"
40.9147944164679,-1.24508106902463,0.224516291769616,4.50130673005794e-09,3.99564486512445e-08,"ENSG00000276529.1",NA,NA,NA
882.242119610918,-1.42752404438504,0.279614635751173,1.56916736492475e-08,1.28032433515898e-07,"ENSG00000173638.21","SLC19A1","6573","solute carrier family 19 member 1"
42.828099415546,-1.68531934146926,0.387770320135836,1.41063600513481e-06,8.26497638114891e-06,"ENSG00000183570.19","PCBP3","54039","poly(rC) binding protein 3"
626.1177852812,-2.23219974372184,0.245027083200816,6.76791435777784e-21,1.86371441627307e-19,"ENSG00000142173.19","COL6A2","1292","collagen type VI alpha 2 chain"
207.506306134788,-2.10590698060341,0.282548767144418,5.70368236061701e-15,9.53974898948752e-14,"ENSG00000160284.17","SPATC1L","84221","spermatogenesis and centriole associated 1 like"
37.457861715307,1.01963966642661,0.290239761719809,8.63084427439163e-05,0.000349976990679446,"ENSG00000290425.2","PI4KAP1","728233","phosphatidylinositol 4-kinase alpha pseudogene 1"
13.8349597319153,-1.05697315207385,0.395532951327938,0.00133395371770336,0.00391156118667114,"ENSG00000273032.4","DGCR5","26220","DiGeorge syndrome critical region gene 5"
98.736116954318,-1.19363568565943,0.350410849315198,4.8460440051463e-05,0.000207990104657281,"ENSG00000185838.16","GNB1L","54584","G protein subunit beta 1 like"
149.105734879987,-1.2168839863809,0.284634111670043,1.63319808053552e-06,9.43278936327277e-06,"ENSG00000040608.15","RTN4R","65078","reticulon 4 receptor"
605.623610794575,-1.27682028523553,0.373760932924007,2.77006246019995e-05,0.000125934944571767,"ENSG00000128185.12","DGCR6L","85359","DiGeorge syndrome critical region gene 6 like"
648.359345069759,-1.20420863606283,0.366241007131375,5.54092734339798e-05,0.000234743518028957,"ENSG00000161179.16","YDJC","150223","YdjC chitooligosaccharide deacetylase homolog"
375.242662273827,-1.1956181640588,0.278046030788747,1.2473029932053e-06,7.38658197320233e-06,"ENSG00000128228.7","SDF2L1","23753","stromal cell derived factor 2 like 1"
9.71529648389373,1.0964613683549,0.603928693056368,0.00702128650324871,0.016262430034034,"ENSG00000274422.1",NA,NA,NA
28.7534842113394,1.22103387349361,0.308509229269185,1.67717515641038e-05,7.98262903919892e-05,"ENSG00000275004.5","ZNF280B","140883","zinc finger protein 280B"
320.565818010162,-1.16086801356135,0.355765906956673,7.04594615519959e-05,0.000290911742059793,"ENSG00000250479.11","CHCHD10","400916","coiled-coil-helix-coiled-coil-helix domain containing 10"
17.7445783396267,-2.1586073099714,0.417684976981088,1.6866276856064e-08,1.37180830905782e-07,"ENSG00000218537.1",NA,NA,NA
46.5634810622339,1.14259862867273,0.190707079047574,4.23773210773182e-10,4.29369690100739e-09,"ENSG00000290796.1","LRP5L","91355","LDL receptor related protein 5 like (pseudogene)"
90.8150313547281,1.80164110551175,0.319132411333706,8.15014123458055e-10,7.97483045548646e-09,"ENSG00000100077.18","GRK3","157","G protein-coupled receptor kinase 3"
22.8515191985041,-1.11227526497304,0.305528590658959,4.56401321467028e-05,0.000196926826478541,"ENSG00000128203.9","ASPHD2","57168","aspartate beta-hydroxylase domain containing 2"
116.864317770982,-2.68741965603647,0.673591983766814,4.86849981024284e-08,3.64275281774648e-07,"ENSG00000169184.7","MN1","4330","MN1 proto-oncogene, transcriptional regulator"
62.0564613666909,-1.00673402649262,0.2007516006664,1.12041858156799e-07,7.92567658089907e-07,"ENSG00000100154.16","TTC28","23331","tetratricopeptide repeat domain 28"
337.038108516519,-1.10761818972593,0.271133706762381,4.14543122681403e-06,2.23051971209697e-05,"ENSG00000185340.18","GAS2L1","10634","growth arrest specific 2 like 1"
67.385242929415,-1.12491717409399,0.397740379502703,0.000433311930310467,0.00147053329166323,"ENSG00000242114.8","MTFP1","51537","mitochondrial fission process 1"
205.834651783463,-2.29575791559844,0.583311565266233,1.50159601415003e-06,8.73156566146591e-06,"ENSG00000128242.15","GAL3ST1","9514","galactose-3-O-sulfotransferase 1"
1320.20828010033,-1.14038026664421,0.0905083599324033,3.5336531349191e-37,2.71106791012873e-35,"ENSG00000100029.20","PES1","23481","pescadillo ribosomal biogenesis factor 1"
83.8539266954372,-1.40114016652595,0.225012586282636,5.64486153677123e-11,6.24906028417438e-10,"ENSG00000100036.14","SLC35E4","339665","solute carrier family 35 member E4"
130.940315563044,-1.58182800925396,0.19440342151098,3.20833738719835e-17,6.52714654986619e-16,"ENSG00000184792.18","OSBP2","23762","oxysterol binding protein 2"
1061.59804899737,-2.00356323118753,0.0667789282207293,5.04668383133036e-199,7.78249113629454e-195,"ENSG00000183963.21","SMTN","6525","smoothelin"
122.737175348708,1.54198012636915,0.563872975679315,0.000110358900511208,0.000434033309049565,"ENSG00000100100.16","PIK3IP1","113791","phosphoinositide-3-kinase interacting protein 1"
74.5216100151139,-1.42396654881672,0.649814095012001,0.00101589520625016,0.00308266823604559,"ENSG00000133424.24","LARGE1","9215","LARGE xylosyl- and glucuronyltransferase 1"
2659.08717169322,-1.03447175521715,0.224894389335107,5.07128500567152e-07,3.22093435224302e-06,"ENSG00000100297.18","MCM5","4174","minichromosome maintenance complex component 5"
15.1689128205884,1.31811042255761,0.728032880641452,0.00257400077933139,0.00689844734412049,"ENSG00000198125.15","MB","4151","myoglobin"
127.257830136097,-1.4996144756886,0.270328391563182,2.22129628102181e-09,2.05733393090915e-08,"ENSG00000100360.17","IFT27","11020","intraflagellar transport 27"
405.683236364651,-1.07918466243511,0.294101779586355,2.41520953832731e-05,0.000111311853827093,"ENSG00000128311.16","TST","7263","thiosulfate sulfurtransferase"
205.533530054326,-1.81532904070456,0.140721148001872,4.57491487606379e-39,3.9858622770497e-37,"ENSG00000100379.20","KCTD17","79734","potassium channel tetramerization domain containing 17"
624.516219189973,-1.80992008662376,0.0706061810035339,5.9193569551709e-146,1.52137339342817e-142,"ENSG00000133466.16","C1QTNF6","114904","C1q and TNF related 6"
2681.2144265315,-1.28434949548578,0.209894887325452,5.27250888222682e-11,5.8663318522958e-10,"ENSG00000128340.18","RAC2","5880","Rac family small GTPase 2"
39.8069100707671,-1.35979338914629,0.2986541236638,7.06614101511244e-07,4.36391512190825e-06,"ENSG00000100055.23","CYTH4","27128","cytohesin 4"
618.598769198313,-1.31018902226832,0.139079540577903,4.60529275635386e-22,1.3979964487349e-20,"ENSG00000100065.17","CARD10","29775","caspase recruitment domain family member 10"
2324.95232927517,-1.41505100452422,0.276236954803457,1.19889417190178e-08,9.98280076938298e-08,"ENSG00000128283.9","CDC42EP1","11135","CDC42 effector protein 1"
85.254526779392,-1.04064604442051,0.578396657424534,0.00356809559920514,0.0091053453972104,"ENSG00000241360.3","PDXP","57026","pyridoxal phosphatase"
19.9081525419261,2.26402121183511,0.437110808911659,1.11109788174722e-08,9.30197634876434e-08,"ENSG00000184949.19","FAM227A","646851","family with sequence similarity 227 member A"
947.369567753425,-1.15916587858272,0.299949692141141,8.27842856261216e-06,4.21743134668127e-05,"ENSG00000187051.11","RPS19BP1","91582","ribosomal protein S19 binding protein 1"
40.2243127513954,-1.31165082202776,0.308894173712778,1.86766569030739e-06,1.06592422687751e-05,"ENSG00000226085.3",NA,NA,NA
4060.82359667527,-1.0521725136509,0.278677208883236,1.69237843561981e-05,8.04010100298616e-05,"ENSG00000100401.23","RANGAP1","5905","Ran GTPase activating protein 1"
1836.26842076602,-1.16517023348899,0.249205111936195,2.34380519749916e-07,1.57420818600324e-06,"ENSG00000189306.14","RRP7A","27341","ribosomal RNA processing 7 homolog A"
1551.69518393716,-1.15272458650631,0.49912656091065,0.000818539582746312,0.00256506785318652,"ENSG00000100300.20","TSPO","706","translocator protein"
2942.15901984299,-1.05219553153744,0.33825810670236,0.000154844459889811,0.000589739791543782,"ENSG00000100304.14","TTLL12","23170","tubulin tyrosine ligase like 12"
29.1416493483189,-1.17770789457239,0.583281176116122,0.00582566137798812,0.0138809524273725,"ENSG00000159307.22","SCUBE1","80274","signal peptide, CUB domain and EGF like domain containing 1"
62.9852895709372,1.21116071491738,0.376170680359192,9.38684410896873e-05,0.000376768669975031,"ENSG00000100344.13","PNPLA3","80339","patatin like domain 3, 1-acylglycerol-3-phosphate O-acyltransferase"
329.431257514529,-1.42901236701258,0.170278261929879,4.31493052295376e-18,9.50579194206714e-17,"ENSG00000188677.16","PARVB","29780","parvin beta"
65.2672108159345,1.37100469867479,0.339863860149311,3.94589687060153e-06,2.13357908981578e-05,"ENSG00000241484.12","ARHGAP8","23779","Rho GTPase activating protein 8"
378.520332676623,-1.08874368495326,0.142761709142996,4.78946377343343e-15,8.07194763389257e-14,"ENSG00000077942.21","FBLN1","2192","fibulin 1"
334.762335793791,1.738573701343,0.200105216323249,1.89505161783538e-19,4.67577455978229e-18,"ENSG00000186951.19","PPARA","5465","peroxisome proliferator activated receptor alpha"
46.6565892211938,1.45462545152264,0.479692972830013,0.000122703268430334,0.000478071526645828,"ENSG00000224271.9","EPIC1","284930","epigenetically induced MYC interacting lncRNA 1"
540.062180292548,-1.00198195125538,0.399145800252058,0.00098181063525985,0.00299396911337594,"ENSG00000073169.16","SELENOO","83642","selenoprotein O"
323.91318008044,-1.03410722011366,0.280072921655538,2.42246072857927e-05,0.000111512737001256,"ENSG00000284194.5","SCO2","9997","synthesis of cytochrome C oxidase 2"
1066.50661861191,-1.10842534795838,0.35112604479301,0.000112001851344917,0.000439821886832177,"ENSG00000178605.17","GTPBP6","8225","GTP binding protein 6"
17.1240460812745,-1.80046305696842,0.383842665845069,3.69106549548471e-07,2.40067148907084e-06,"ENSG00000205755.13","CRLF2","64109","cytokine receptor like factor 2"
18.1557935897364,1.81559630679721,0.641154729334171,0.00010156488624804,0.000404293265573314,"ENSG00000236871.8","LINC00106","751580","long intergenic non-protein coding RNA 106"
32.4040217361137,2.04451508158628,0.774529208043153,5.81152712625099e-05,0.000244862185283925,"ENSG00000236017.9",NA,NA,NA
17.0990949710279,1.26945779666613,0.45388985207981,0.000535989898676354,0.00177409320186479,"ENSG00000291040.2","CD99P1","401577","CD99 molecule pseudogene 1"
164.617292013341,-1.16900105966817,0.529546050928283,0.00108878610184083,0.00327092806313754,"ENSG00000197582.5",NA,NA,NA
159.449350893184,1.62389698458687,0.447229236030141,2.12768692979119e-05,9.90578275842725e-05,"ENSG00000126010.7","GRPR","2925","gastrin releasing peptide receptor"
226.911209086484,1.6026806503442,0.131057944893926,2.12195490223785e-35,1.46738415010807e-33,"ENSG00000169891.20","REPS2","9185","RALBP1 associated Eps domain containing 2"
807.715449624037,1.58072223692776,0.174533470141525,7.1628664175605e-21,1.96545485809965e-19,"ENSG00000188158.17","NHS","4810","NHS actin remodeling regulator"
140.311412678663,2.00533916939551,0.20092595496539,8.66455276161247e-25,3.29103616100557e-23,"ENSG00000008086.14","CDKL5","6792","cyclin dependent kinase like 5"
111.064970342314,1.5080642125993,0.379779964963788,2.56482222979531e-06,1.42839016271844e-05,"ENSG00000173681.19","BCLAF3","256643","BCLAF1 and THRAP3 family member 3"
1422.18607240117,1.25318143402983,0.356366694782738,1.92813891850351e-05,9.04038621533677e-05,"ENSG00000177189.16","RPS6KA3","6197","ribosomal protein S6 kinase A3"
1371.11795379277,-1.00405006418216,0.0904111176686285,2.44395450305824e-29,1.23567942267741e-27,"ENSG00000123131.15","PRDX4","10549","peroxiredoxin 4"
571.393862784696,1.49822560726458,0.122028126830501,8.21497923082285e-36,5.81115572103299e-34,"ENSG00000067992.19","PDK3","5165","pyruvate dehydrogenase kinase 3"
752.391859705498,1.45010577808556,0.469518393058466,4.89618182691726e-05,0.000210025090272298,"ENSG00000157625.18","TAB3","257397","TGF-beta activated kinase 1 (MAP3K7) binding protein 3"
413.857198731493,1.29278708276168,0.195175093189481,2.88397213963239e-12,3.67248012925443e-11,"ENSG00000130962.21","PRRG1","5638","proline rich and Gla domain 1"
171.743106039156,1.39226506493129,0.2669596571196,1.02482888134752e-08,8.60778114338786e-08,"ENSG00000047597.8","XK","7504","X-linked Kx blood group antigen, Kell and VPS13A binding protein"
71.6326534688395,1.22449311983444,0.310437707633219,9.47075333560709e-06,4.76225531611589e-05,"ENSG00000147041.14","SYTL5","94122","synaptotagmin like 5"
53.5062932822893,-1.08428885585102,0.588998833126654,0.00532259812054166,0.012841017774855,"ENSG00000101955.17","SRPX","8406","sushi repeat containing protein X-linked"
1438.9940814711,1.27170007164518,0.198328869082745,1.03981366896244e-11,1.24882917360356e-10,"ENSG00000147044.25","CASK","8573","calcium/calmodulin dependent serine protein kinase"
512.4601329806,1.08871554137454,0.207440988115377,2.34081614258987e-08,1.85401775731271e-07,"ENSG00000147050.20","KDM6A","7403","lysine demethylase 6A"
2349.91301769136,-1.01110754274645,0.349654161539027,0.000339009074084289,0.00118464965589255,"ENSG00000102265.14","TIMP1","7076","TIMP metallopeptidase inhibitor 1"
703.837121503312,-1.57285915318423,0.156303473670875,1.09168855775384e-24,4.11611962081222e-23,"ENSG00000017483.18","SLC38A5","92745","solute carrier family 38 member 5"
701.469027379818,-1.02827225363593,0.224652551816406,6.1904708521995e-07,3.86804096482044e-06,"ENSG00000101945.19","SUV39H1","6839","SUV39H1 histone lysine methyltransferase"
124.574030995293,-2.75502242693896,0.327585548352717,4.49460868750037e-18,9.87341318660159e-17,"ENSG00000102109.11","PCSK1N","27344","proprotein convertase subtilisin/kexin type 1 inhibitor"
76.5370412438067,-1.01580432970152,0.237294647631682,3.99541313253508e-06,2.15581756182027e-05,"ENSG00000102057.13","KCND1","3750","potassium voltage-gated channel subfamily D member 1"
918.285913064802,-1.12077942163114,0.22477380737595,6.63093681097886e-08,4.84394488688323e-07,"ENSG00000072506.16","HSD17B10","3028","hydroxysteroid 17-beta dehydrogenase 10"
55.1167805571628,-1.11912766750458,0.362861369200914,0.000223188745523247,0.000818694967819695,"ENSG00000187601.5","MAGEH1","28986","MAGE family member H1"
228.695461520429,1.24662486479549,0.261772220621941,1.48104414903762e-07,1.02879197397789e-06,"ENSG00000204271.14","SPIN3","169981","spindlin family member 3"
13.3316813747683,-1.18697235273251,0.47054779964166,0.00125283428232699,0.00369618470781798,"ENSG00000102043.17","MTMR8","55613","myotubularin related protein 8"
75.4548070919621,-1.53541526811802,0.165776592066878,2.4138874621886e-21,6.89343676933525e-20,"ENSG00000126970.18","ZC4H2","55906","zinc finger C4H2-type containing"
1629.70282257599,-1.09312685141831,0.0672329087863214,3.83745711007831e-60,8.3348487457067e-58,"ENSG00000001497.20","LAS1L","81887","LAS1 like ribosome biogenesis factor"
11867.4036142764,-1.3573541086416,0.0609805485544171,8.36298892156614e-111,1.28965652159471e-107,"ENSG00000147065.20","MSN","4478","moesin"
85.2577564780228,-1.63171768443759,0.233722115425616,2.98570669456806e-13,4.21635374880348e-12,"ENSG00000130052.15","STARD8","9754","StAR related lipid transfer domain containing 8"
1884.39078725526,-1.72398312300172,0.126178952612475,8.01941139173572e-44,8.96140167188091e-42,"ENSG00000090776.8","EFNB1","1947","ephrin B1"
36.8047468812295,-1.24298441604639,0.301811156806169,4.71208053212898e-06,2.51522997182281e-05,"ENSG00000130054.6","NALF2","27112","NALCN channel auxiliary factor 2"
25.0815008946978,-1.85842280777417,0.334869737491612,2.99847216467601e-09,2.73768142400644e-08,"ENSG00000147168.15","IL2RG","3561","interleukin 2 receptor subunit gamma"
25.8726838767211,-1.98416755436111,0.357788912582657,2.18190762158294e-09,2.02450044719798e-08,"ENSG00000169562.15","GJB1","2705","gap junction protein beta 1"
250.382098760898,1.06560013808438,0.951359037192285,0.00290093549350475,0.00764314475402985,"ENSG00000230590.13","FTX","100302692","FTX transcript, XIST regulator"
30.7585718535666,1.12422866567253,0.337130295146874,0.000121426387521674,0.000473694996704206,"ENSG00000215105.4",NA,NA,NA
1774.32823182574,1.58804906693796,0.765887924049356,0.000229091340038005,0.000837756119214151,"ENSG00000085224.24","ATRX","546","ATRX chromatin remodeler"
287.499874298395,1.52793406899551,0.248621925806485,4.01304830946304e-11,4.53371560294721e-10,"ENSG00000165240.23","ATP7A","538","ATPase copper transporting alpha"
28.8316140365721,1.09466882963929,0.441434560836743,0.00189518818785957,0.00528398066262564,"ENSG00000293469.2","CHMP1B2P","101060146","charged multivesicular body protein 1B2, pseudogene"
806.555787935005,1.5324144081512,0.295634938979935,7.8895074829338e-09,6.74412942873183e-08,"ENSG00000165288.12","BRWD3","254065","bromodomain and WD repeat domain containing 3"
60.3202453254503,2.7411922528903,0.365602028896167,3.52416659844352e-15,6.03176172193092e-14,"ENSG00000072133.14","RPS6KA6","27330","ribosomal protein S6 kinase A6"
85.3793289456913,2.74546338296539,0.235812056467012,2.52145846852215e-32,1.50710895515814e-30,"ENSG00000147180.19","ZNF711","7552","zinc finger protein 711"
575.152475437318,1.03090680885471,0.29179102253407,4.37267867058818e-05,0.000189359948832183,"ENSG00000124429.20","POF1B","79983","POF1B actin binding protein"
48.3043807556344,2.48411736333419,0.313129054832524,1.00573577494676e-16,1.99864064245542e-15,"ENSG00000179083.9","FAM133A","286499","family with sequence similarity 133 member A"
14.2888248160934,-1.05509131888608,0.385627708164581,0.000994330864511817,0.00302556753386676,"ENSG00000281566.5",NA,NA,NA
180.368668840906,1.01810864252978,0.250956284126593,7.3110277076914e-06,3.76061902202499e-05,"ENSG00000102362.18","SYTL4","94121","synaptotagmin like 4"
36.8627282424122,2.4913175652496,0.263568007136797,3.27538593392854e-22,1.00817817339545e-20,"ENSG00000182489.10","XKRX","402415","XK related X-linked"
139.94465642971,2.56618027547003,0.316429367639738,7.00714293236029e-18,1.51340547843036e-16,"ENSG00000184867.16","ARMCX2","9823","armadillo repeat containing X-linked 2"
129.85087740935,1.10446465069398,0.434509001952805,0.000756519723614126,0.00239259447453926,"ENSG00000133138.22","TBC1D8B","54885","TBC1 domain family member 8B"
85.0713086683902,-1.96530508176474,0.274038522282842,7.99473288953147e-14,1.19348282564826e-12,"ENSG00000165376.14","CLDN2","9075","claudin 2"
102.355981034865,-1.95500519736736,0.64002939136895,1.13022076985249e-05,5.57732303740646e-05,"ENSG00000101842.15","VSIG1","340547","V-set and immunoglobulin domain containing 1"
309.545608908703,1.24815825696577,0.41698325124312,0.000126280427818458,0.000490768769503134,"ENSG00000101888.14","NXT2","55916","nuclear transport factor 2 like export factor 2"
2866.36161236476,1.14672751748123,0.174200097854764,4.98182112667325e-12,6.17561604456819e-11,"ENSG00000068366.23","ACSL4","2182","acyl-CoA synthetase long chain family member 4"
9.31336553777594,1.75551360817217,0.50819974312751,4.99994892731607e-05,0.000214118890330856,"ENSG00000147251.18","DOCK11","139818","dedicator of cytokinesis 11"
13.8316909113641,1.21964395916983,0.422646599858679,0.00117129521320661,0.00348563170259729,"ENSG00000295510.1",NA,NA,NA
524.189507517758,1.79326076117268,0.310156642081973,1.24553234030479e-10,1.33569918079556e-09,"ENSG00000102038.18","SMARCA1","6594","SNF2 related chromatin remodeling ATPase 1"
376.22358708237,5.07919263396699,1.14945797879879,5.38386119512186e-12,6.65260604887614e-11,"ENSG00000147255.21","IGSF1","3547","immunoglobulin superfamily member 1"
41.7223772147826,-2.32381553511618,0.50338844286576,5.44977789658287e-08,4.03461473563152e-07,"ENSG00000147257.18","GPC3","2719","glypican 3"
23.3428783757193,-1.78698161719286,0.258414775971449,4.76188312648336e-13,6.56824684199463e-12,"ENSG00000170965.12","PLAC1","10761","placenta enriched 1"
10.4471094185754,1.40122346495952,0.522225805897335,0.000630431471325733,0.0020432710633279,"ENSG00000286964.1",NA,NA,NA
106.736354782251,1.14871292965718,0.324607506027109,3.94843526413825e-05,0.00017280759652308,"ENSG00000173275.15","ZNF449","203523","zinc finger protein 449"
20.9029551047839,1.61937401243587,0.816434007043235,0.00108896599936114,0.00327092806313754,"ENSG00000102243.15","VGLL1","51442","vestigial like family member 1"
720.943374691465,1.20555908908294,0.54821577940248,0.000875114112749364,0.00271533649451995,"ENSG00000101974.16","ATP11C","286410","ATPase phospholipid transporting 11C (ATP11C blood group)"
14.3325059712041,-1.67930586339039,0.361260929033064,3.34255317470838e-07,2.18505775782865e-06,"ENSG00000046774.10","MAGEC2","51438","MAGE family member C2"
33.0520137402745,1.57441132138392,0.582424595019635,0.000307180978511459,0.0010852320434422,"ENSG00000235703.8","EOLA2-DT","100272228","EOLA2 divergent transcript"
1139.92688431411,-1.1215296199387,0.0905126470451628,4.61609893479511e-36,3.3109237987663e-34,"ENSG00000102181.24","CD99L2","83692","CD99 molecule like 2"
278.53766023131,1.20775908243755,0.573794467218149,0.00108754669670243,0.00326857486062137,"ENSG00000102287.20","GABRE","2564","gamma-aminobutyric acid type A receptor subunit epsilon"
175.865760976762,1.20921912706103,0.222631781123148,6.35730608622768e-09,5.49529244146396e-08,"ENSG00000011677.15","GABRA3","2556","gamma-aminobutyric acid type A receptor subunit alpha3"
33.5717215605995,2.24502218952888,0.395755203774142,2.84078654098057e-09,2.59986761118465e-08,"ENSG00000268089.4","GABRQ","55879","gamma-aminobutyric acid type A receptor subunit theta"
22.0350760412911,-1.04195350519292,0.302255293030356,0.000108744451804328,0.000429161536598415,"ENSG00000183479.15","TREX2","11219","three prime repair exonuclease 2"
423.649005030532,-1.07843607486383,0.207341488137034,2.47036509459923e-08,1.94364796550075e-07,"ENSG00000262919.10","CCNQ","92002","cyclin Q"
72.7694537737321,2.17253860018621,0.247011585085713,1.57491449860674e-19,3.92354708933999e-18,"ENSG00000198910.16","L1CAM","3897","L1 cell adhesion molecule"
5129.66776929295,-1.00158073623789,0.156344245691136,2.48679367429608e-11,2.88120550348007e-10,"ENSG00000172534.16","HCFC1","3054","host cell factor C1"
7738.369810266,-1.06820816173371,0.329013270682634,9.61112012553226e-05,0.000384469736591007,"ENSG00000184216.17","IRAK1","3654","interleukin 1 receptor associated kinase 1"
31.8732369302212,-1.06969000708703,0.295714622888504,5.33755479513697e-05,0.000227188607496018,"ENSG00000197180.5","ATP6AP1-DT","158960","ATP6AP1 divergent transcript"
703.599841294408,-1.01557672066139,0.177394051519826,1.48090885209504e-09,1.39761905802678e-08,"ENSG00000126903.18","SLC10A3","8273","solute carrier family 10 member 3"
18.2944880887634,-1.05095144154899,0.398500110785171,0.00111725217969468,0.00334416651068936,"ENSG00000306316.1",NA,NA,NA
81.0969170057451,-1.40954130100412,0.238562650118169,2.83718436871481e-10,2.92656990969572e-09,"ENSG00000277150.2","F8A3","474384","coagulation factor VIII associated 3"
77.5507426582256,2.7820129549125,0.326190602617119,1.44013088950096e-18,3.34461723599313e-17,"ENSG00000067646.14","ZFY","7544","zinc finger protein Y-linked"
49.332119363733,1.75165012943177,0.337302232577493,3.00162032944766e-08,2.33071435550918e-07,"ENSG00000293442.2","PRKY","5616","protein kinase Y-linked (pseudogene)"
204.115681539924,-1.05900133481541,0.298186013349762,7.03105737770163e-05,0.000290374761171764,"ENSG00000295056.1",NA,NA,NA
257.662268708758,1.20916325803816,0.330060478131874,3.76176522143863e-05,0.000165790744440712,"ENSG00000114374.15","USP9Y","8287","ubiquitin specific peptidase 9 Y-linked"
