"baseMean","log2FoldChange","lfcSE","pvalue","padj","gene_id","SYMBOL","ENTREZID","GENENAME"
4815.26543309138,-1.48569211528889,0.131567227721836,9.45268276469933e-31,5.18753811083375e-29,"ENSG00000188976.13","NOC2L","26155","NOC2 like nucleolar associated transcriptional repressor"
174.457121545579,-1.05241444223962,0.0982280472713381,1.96841675412747e-27,8.82411475738365e-26,"ENSG00000187583.13","PLEKHN1","84069","pleckstrin homology domain containing N1"
290.170175939151,-1.16761341137456,0.494600200539153,0.000756061390239816,0.00239163542541296,"ENSG00000188290.13","HES4","57801","hes family bHLH transcription factor 4"
1314.25232111726,-1.32629362821635,0.179001017369718,9.46378164747868e-15,1.54931158606893e-13,"ENSG00000187608.11","ISG15","9636","ISG15 ubiquitin like modifier"
25.2361435373957,-1.0568926123028,0.362634837735127,0.000497413657823819,0.00166397092386439,"ENSG00000273443.2",NA,NA,NA
437.259829525111,-1.5215512421801,0.203722191288942,4.41629314158193e-15,7.48391830069614e-14,"ENSG00000169972.15","PUSL1","126789","pseudouridine synthase like 1"
2322.69020975681,-1.03549950322086,0.208606358690736,8.40244035734985e-08,6.05203329055077e-07,"ENSG00000127054.24","INTS11","54973","integrator complex subunit 11"
751.444374351758,-1.19135662611198,0.254545239635533,2.28197759956497e-07,1.53535674358165e-06,"ENSG00000224051.9","CPTP","80772","ceramide-1-phosphate transfer protein"
2069.34678830074,-1.46074233383044,0.23005174132788,9.87112681553314e-12,1.189239426737e-10,"ENSG00000175756.16","AURKAIP1","54998","aurora kinase A interacting protein 1"
1417.49067213335,-1.1162523700018,0.0641425511105373,1.62669910225742e-68,4.82410131844454e-66,"ENSG00000242485.8","MRPL20","55052","mitochondrial ribosomal protein L20"
906.371025142282,-1.75330902137007,0.0999987000743268,7.08583759449366e-70,2.27647294884764e-67,"ENSG00000160072.22","ATAD3B","83858","ATPase family AAA domain containing 3B"
1817.2306667735,-1.67120404276258,0.176396996175402,1.01913758038768e-22,3.2139305986009e-21,"ENSG00000197785.16","ATAD3A","55210","ATPase family AAA domain containing 3A"
239.839025398005,-2.23520736485718,0.342658392586177,5.30063872168481e-13,7.29831693991977e-12,"ENSG00000228594.4","FNDC10","643988","fibronectin type III domain containing 10"
55.5901141863161,-1.59888271215189,0.342507851841225,3.98077821478342e-07,2.56637043688023e-06,"ENSG00000187730.11","GABRD","2563","gamma-aminobutyric acid type A receptor subunit delta"
710.036706429968,-1.04144832834134,0.376993589023483,0.000448522273243332,0.00151428351396502,"ENSG00000162585.19","FAAP20","199990","FA core complex associated protein 20"
733.131750194126,-1.3264755972975,0.0923282517443404,1.27905162775928e-47,1.76109420997106e-45,"ENSG00000149527.19","PLCH2","9651","phospholipase C eta 2"
1901.95155300223,-1.59886529429971,0.141487921725,8.45638081836793e-31,4.65735173571614e-29,"ENSG00000097021.23","ACOT7","11332","acyl-CoA thioesterase 7"
66.5538238799251,-1.08899246434973,0.160513647558266,2.24035896765725e-12,2.88867689299686e-11,"ENSG00000069812.13","HES2","54626","hes family bHLH transcription factor 2"
520.422842892699,-1.31241488937939,0.0851028204491047,1.31158254251633e-54,2.37951933978168e-52,"ENSG00000171680.25","PLEKHG5","57449","pleckstrin homology and RhoGEF domain containing G5"
1318.85887365613,-1.29563580947406,0.100202928338024,3.56112911862777e-39,3.15610184703212e-37,"ENSG00000162413.18","KLHL21","9903","kelch like family member 21"
2079.75948302952,-1.08467119035231,0.127800550391182,2.63772372191731e-18,5.94683297012966e-17,"ENSG00000007923.19","DNAJC11","55735","DnaJ heat shock protein family (Hsp40) member C11"
60505.191479275,-1.16275312262021,0.127658534927988,9.50610397206797e-21,2.57633794996942e-19,"ENSG00000074800.18","ENO1","2023","enolase 1"
852.69783188422,-1.54299765866063,0.0796754959095804,1.94873407270108e-84,1.25214283896347e-81,"ENSG00000188807.15","TMEM201","199953","transmembrane protein 201"
2414.59096940041,-2.08878125490612,0.15129874496946,1.15809523202706e-44,1.35295352826434e-42,"ENSG00000116649.12","SRM","6723","spermidine synthase"
570.591932063326,-1.27367036761874,0.174481862039446,2.40648989377321e-14,3.76756148750017e-13,"ENSG00000120942.15","UBIAD1","29914","UbiA prenyltransferase domain containing 1"
1018.21596995213,-1.2975091734941,0.285283410029914,2.87289473806277e-07,1.89896741344475e-06,"ENSG00000116670.19","MAD2L2","10459","mitotic arrest deficient 2 like 2"
770.375002090858,-1.44730992013369,0.159180951902928,6.58774631460894e-21,1.81734590192459e-19,"ENSG00000177674.18","AGTRAP","57085","angiotensin II receptor associated protein"
1503.26167823157,-1.06535725688319,0.167045911435263,2.3013490231716e-11,2.67036142109325e-10,"ENSG00000116685.19","KIAA2013","90231","KIAA2013"
381.342834849091,-1.07422854493843,0.216335873006474,7.90829739647479e-08,5.71748026962203e-07,"ENSG00000116691.13","MIIP","60672","migration and invasion inhibitory protein"
74.8304906674566,-2.71651887179948,2.17211922494285,3.57925417152087e-06,1.95037733494782e-05,"ENSG00000120949.16","TNFRSF8","943","TNF receptor superfamily member 8"
9069.9025748427,-1.07752638837873,0.284634012496529,1.34722765189558e-05,6.53937602136663e-05,"ENSG00000142634.15","EFHD2","79180","EF-hand domain family member D2"
131.718929805681,-1.3274503242876,0.167997801734148,3.02475402685106e-16,5.73735939090655e-15,"ENSG00000116771.8","AGMAT","79814","agmatinase (putative)"
1966.64188944688,-1.20011418458559,0.177674812387984,1.07214779124978e-12,1.42777125119714e-11,"ENSG00000116786.17","PLEKHM2","23207","pleckstrin homology and RUN domain containing M2"
430.88487932654,-1.58434881062604,0.105178991061059,2.45251932284146e-52,4.15607697555365e-50,"ENSG00000162458.15","FBLIM1","54751","filamin binding LIM protein 1"
54.1293137128164,-1.16810553981697,0.513541456832574,0.00213942936074754,0.00586422683471167,"ENSG00000185519.11","FAM131C","348487","family with sequence similarity 131 member C"
7149.09502659934,-1.27236410172169,0.248021474067492,1.73703681659855e-08,1.40983393414559e-07,"ENSG00000142627.15","EPHA2","1969","EPH receptor A2"
2803.27615446827,-1.39837812979283,0.233138099181182,9.40273313927125e-11,1.01968739620747e-09,"ENSG00000159363.20","ATP13A2","23400","ATPase cation transporting 13A2"
2711.78262903309,-1.16308872333464,0.107760315835985,6.744004062993e-28,3.15149353501258e-26,"ENSG00000142619.5","PADI3","51702","peptidyl arginine deiminase 3"
182.877371997039,-1.63507814294376,0.208431393079793,5.03346683867755e-16,9.35193880954777e-15,"ENSG00000009709.15","PAX7","5081","paired box 7"
456.265091768038,-1.61250895894485,0.194698872505397,4.83515719049317e-18,1.05763062460419e-16,"ENSG00000159423.19","ALDH4A1","8659","aldehyde dehydrogenase 4 family member A1"
1742.93390013916,-1.43266796577339,0.112115932672067,1.58738056876668e-38,1.31607504037371e-36,"ENSG00000053372.7","MRTO4","51154","MRT4 homolog, ribosome maturation factor"
276.488832874616,-1.11578167010982,0.139783054394613,2.69134309988976e-16,5.11753414838472e-15,"ENSG00000040487.15","SLC66A1","54896","solute carrier family 66 member 1"
1002.08028711323,-1.23019312890835,0.290603317555908,1.34183514706503e-06,7.91530342921529e-06,"ENSG00000053371.15","AKR7A2","8574","aldo-keto reductase family 7 member A2"
260.112487557324,-1.53798715542502,0.257122053301295,1.01345584712143e-10,1.09596792555817e-09,"ENSG00000162545.8","CAMK2N1","55450","calcium/calmodulin dependent protein kinase II inhibitor 1"
831.864866432273,-1.24716849763613,0.090159416306319,2.81326065993108e-44,3.21357723235535e-42,"ENSG00000090432.9","MUL1","79594","mitochondrial E3 ubiquitin protein ligase 1"
17.3898587592145,-1.31622633967938,0.36257646561804,3.91097951616995e-05,0.000171484831159672,"ENSG00000117245.15","KIF17","57576","kinesin family member 17"
86.1071573456336,-1.90581755385351,0.431694444347317,1.40253038886049e-07,9.77334890493341e-07,"ENSG00000189410.14","SH2D5","400745","SH2 domain containing 5"
44.2380355600084,-1.90731611446525,0.31569482453482,1.86807043248657e-10,1.9596948394133e-09,"ENSG00000162551.16","ALPL","249","alkaline phosphatase, biomineralization associated"
630.428193706164,-1.04259470291206,0.430907499290692,0.00115187147348502,0.00343578529837766,"ENSG00000076864.23","RAP1GAP","5909","RAP1 GTPase activating protein"
27.0909230158058,-1.56247338944629,0.284522616454394,3.94173759294393e-09,3.52584312185547e-08,"ENSG00000117318.11","ID3","3399","inhibitor of DNA binding 3"
186.165024203184,-1.40733504741991,0.269266429546684,9.88261036980906e-09,8.33696578297732e-08,"ENSG00000142677.6","IL22RA1","58985","interleukin 22 receptor subunit alpha 1"
167.78203167009,-1.54565054093429,1.81401429498124,0.000418218725978701,0.00142401213806967,"ENSG00000185436.14","IFNLR1","163702","interferon lambda receptor 1"
334.231377933616,-1.2737246169575,0.269860515077324,1.56046536826065e-07,1.07813335322345e-06,"ENSG00000142684.10","ZNF593","51042","zinc finger protein 593"
4557.22859151207,-1.52990831704555,0.207159226567294,5.30224427273457e-15,8.87794885231702e-14,"ENSG00000142669.17","SH3BGRL3","83442","SH3 domain binding glutamate rich protein like 3"
5816.41482142833,-1.31100034468643,0.263755979092028,3.62161202145229e-08,2.77303272010009e-07,"ENSG00000175793.12","SFN","2810","stratifin"
685.904100874904,-1.57758787985419,0.236537251954436,1.67241383500026e-12,2.17461349385493e-11,"ENSG00000253368.6","TRNP1","388610","TMF1 regulated nuclear protein 1"
135.777556495512,-1.29755865393853,0.158761295823271,4.87066199519201e-17,9.81836321932758e-16,"ENSG00000158246.9","TENT5B","115572","terminal nucleotidyltransferase 5B"
262.075872570349,-1.43607780891913,0.295264898604928,5.28964772298073e-08,3.92360065108638e-07,"ENSG00000126709.17","IFI6","2537","interferon alpha inducible protein 6"
64.9713448651305,-1.56209171030695,0.319480553790686,5.56508942221433e-08,4.11405771716046e-07,"ENSG00000171812.14","COL8A2","1296","collagen type VIII alpha 2 chain"
666.60423685564,-1.19123039987782,0.380922900789944,9.99027428177824e-05,0.000398087906199747,"ENSG00000197982.15","C1orf122","127687","chromosome 1 open reading frame 122"
465.3790792326,-1.11517387131133,0.401790952048043,0.000340281014884812,0.00118774864883175,"ENSG00000183386.13","FHL3","2275","four and a half LIM domains 3"
46.8377128659877,-1.16531060368858,0.344622028602223,0.000108515030849129,0.000428530164077958,"ENSG00000204060.8","FOXO6","100132074","forkhead box O6"
625.74863336417,-1.0110208001542,0.185447793567086,7.90024185310283e-09,6.74956396768414e-08,"ENSG00000178922.20","HYI","81888","hydroxypyruvate isomerase (putative)"
842.019152213342,-1.14557159835762,0.131267490965639,4.67498553647311e-19,1.12119676450936e-17,"ENSG00000132768.16","DPH2","1802","diphthamide biosynthesis 2"
413.911690579494,-1.14272164745615,0.222928556521759,2.97578231079475e-08,2.31414720195491e-07,"ENSG00000173846.16","PLK3","1263","polo like kinase 3"
196.828737369946,-1.52236664108316,0.142371912768614,1.09401923012305e-27,5.0210924249189e-26,"ENSG00000186603.7","HPDL","84842","4-hydroxyphenylpyruvate dioxygenase like"
170.691588084466,-1.04159174373887,0.305209656441829,6.96063065331776e-05,0.000287543223425698,"ENSG00000197568.16","ANKRD13C-DT","11147","ANKRD13C divergent transcript"
81.6183130707654,-4.27244012647897,0.33355679486565,7.65075187408679e-39,6.55456914723846e-37,"ENSG00000137975.9","CLCA2","9635","chloride channel accessory 2"
1321.88478573558,-1.0704073688128,0.0785820967298812,5.79667000662013e-43,6.25108029175448e-41,"ENSG00000137936.20","BCAR3","8412","BCAR3 adaptor protein, NSP family member"
39.6453136253032,-1.00219570608181,0.227272464995952,2.2399696857636e-06,1.26252092559066e-05,"ENSG00000288736.3",NA,NA,NA
72.0062090926683,-1.51921369850645,0.935464391676208,0.000890153854861122,0.00275588488171318,"ENSG00000170989.12","S1PR1","1901","sphingosine-1-phosphate receptor 1"
17.0910349381008,-1.09570582912014,0.39264109253925,0.00067230513591701,0.00215992031270338,"ENSG00000294279.1",NA,NA,NA
1466.63951433252,-1.20520320703382,0.305184696504264,4.84568654774057e-06,2.58297035094046e-05,"ENSG00000155366.19","RHOC","389","ras homolog family member C"
19.7618207004522,-1.27087575786575,0.28476098594347,1.08959474667895e-06,6.51012808544596e-06,"ENSG00000270882.3","H4C14","8370","H4 clustered histone 14"
22.6520637602021,-2.0732634880856,0.372637414639042,1.82447024267715e-09,1.70619500377952e-08,"ENSG00000288825.1","H2AC18","8337","H2A clustered histone 18"
43.4029337282092,-1.79254932845393,0.300280146849613,1.82965655359431e-10,1.92594769371862e-09,"ENSG00000270276.3","H4C15","554313","H4 clustered histone 15"
171.895586343974,-1.1874124372096,0.195463531763856,1.24386644040309e-10,1.33484094484732e-09,"ENSG00000184678.11","H2BC21","8349","H2B clustered histone 21"
168.59992555309,-1.47096950631038,0.216162510629606,5.95162964055831e-13,8.12213103425219e-12,"ENSG00000143369.17","ECM1","1893","extracellular matrix protein 1"
10.7014866142286,-1.24795588495416,0.410377743782864,0.0003347597234503,0.00117192501596528,"ENSG00000143450.19","OAZ3","51686","ornithine decarboxylase antizyme 3"
7091.88640673842,-1.02224788095007,0.222798047586503,5.8749238468343e-07,3.6843107215141e-06,"ENSG00000197747.11","S100A10","6281","S100 calcium binding protein A10"
56.7380095963237,-1.93760178379494,0.313635652306426,5.11420948483356e-11,5.7149438018564e-10,"ENSG00000169474.5","SPRR1A","6698","small proline rich protein 1A"
20.5726168279945,-2.14869927686762,0.334256264237577,1.07776473256712e-11,1.29340155182238e-10,"ENSG00000163209.16","SPRR3","6707","small proline rich protein 3"
3687.88363347182,-1.28492809841597,0.176861398268156,4.23481247194119e-14,6.49801424177164e-13,"ENSG00000196754.15","S100A2","6273","S100 calcium binding protein A2"
5423.26727623372,-1.21461116684171,0.244556108375243,5.16230963936902e-08,3.84023043650312e-07,"ENSG00000188643.13","S100A16","140576","S100 calcium binding protein A16"
315.473072056891,-1.17194055498291,0.455397264246884,0.000983602171093423,0.00299824650730019,"ENSG00000143515.22","ATP8B2","57198","ATPase phospholipid transporting 8B2"
642.525597862034,-1.375347800009,0.255435332098776,4.23105474701376e-09,3.76497952993071e-08,"ENSG00000163344.8","PMVK","10654","phosphomevalonate kinase"
673.152508817708,-1.08345113010896,0.145698355414538,1.37281130515057e-14,2.19835131222502e-13,"ENSG00000160688.21","FLAD1","80308","flavin adenine dinucleotide synthetase 1"
6063.3406575452,-1.16889085068209,0.308555288575385,9.29705414578683e-06,4.68290745590021e-05,"ENSG00000143537.16","ADAM15","8751","ADAM metallopeptidase domain 15"
526.203175666281,-1.28760849498752,0.260358701713872,4.45434208000724e-08,3.36387900175277e-07,"ENSG00000173171.16","MTX1","4580","metaxin 1"
11.7412799723913,-1.18540356036063,0.383547396136648,0.000313722344801471,0.00110606133497565,"ENSG00000163467.14","TSACC","128229","TSSK6 activating cochaperone"
378.660424592958,-1.24511392272572,0.134359695985627,3.26577398772312e-21,9.22371807045388e-20,"ENSG00000229953.2","BCAN-AS2","126568844","BCAN antisense RNA 2"
712.007263516691,-1.33006962635606,0.110151745683868,2.60171695330442e-34,1.74439465812641e-32,"ENSG00000272405.1",NA,NA,NA
97.3329601794104,-1.85552382648622,0.150440492482083,6.42406607872465e-36,4.58636680555615e-34,"ENSG00000027869.15","SH2D2A","9047","SH2 domain containing 2A"
719.067797875766,-1.17654776414741,0.0862623146343682,4.40347101263485e-43,4.78210749900296e-41,"ENSG00000187800.16","PEAR1","375033","platelet endothelial aggregation receptor 1"
286.003209324597,-1.70011417606378,0.193690705404031,1.09946681543472e-19,2.76588544222166e-18,"ENSG00000158716.11","DUSP23","54935","dual specificity phosphatase 23"
13.3327877906412,-1.75528277326697,0.4177681198658,2.41341372979554e-06,1.35237111653986e-05,"ENSG00000173110.8","HSPA6","3310","heat shock protein family A (Hsp70) member 6"
32.894542296354,-1.12164692815584,0.437243646501865,0.00163933750544272,0.00466080819901037,"ENSG00000198771.13","RCSD1","92241","RCSD domain containing 1"
22.2038017297876,-1.29240778626263,0.810360736936275,0.00359509384059779,0.00916665709587607,"ENSG00000116833.16","NR5A2","2494","nuclear receptor subfamily 5 group A member 2"
3067.94231072938,-1.25884960350828,0.171233185994047,1.47606912209005e-14,2.36125123773348e-13,"ENSG00000159166.17","LAD1","3898","ladinin 1"
67.2702225295573,-1.37003784681998,0.224873230971219,1.0683041061849e-10,1.15247414442906e-09,"ENSG00000133067.20","LGR6","59352","leucine rich repeat containing G protein-coupled receptor 6"
181.628397658371,-1.91755145817622,0.204528584831495,5.35352113046624e-22,1.61559000690646e-20,"ENSG00000163485.20","ADORA1","134","adenosine A1 receptor"
41.171173343742,-1.30672549616759,0.330075079183101,1.0279857718371e-05,5.11429747044817e-05,"ENSG00000174567.10","GOLT1A","127845","golgi transport 1A"
14.9751562787039,-1.1778905396233,0.386986576894326,0.000360784707798945,0.00125194891515921,"ENSG00000136630.15","HLX","3142","H2.0 like homeobox"
48.7558143726682,-1.56581972453244,0.3253013124672,1.2310258311962e-07,8.63678314052617e-07,"ENSG00000143786.10","CNIH3","149111","cornichon family AMPA receptor auxiliary protein 3"
14.5686050993748,-1.78147520755928,0.347157769158913,2.92437579282645e-08,2.27876700864966e-07,"ENSG00000233384.4","CNIH3-AS2","102723817","CNIH3 antisense RNA 2"
559.831984282535,-1.16732141397471,0.308906751333327,1.16499701506697e-05,5.7251175810541e-05,"ENSG00000162910.21","MRPL55","128308","mitochondrial ribosomal protein L55"
89.519196824272,-1.32206475840645,0.25664106025529,2.20833995476689e-08,1.75630791348428e-07,"ENSG00000181218.6","H2AC25","92815","H2A clustered histone 25"
658.793576582527,-1.46140173146376,0.250263185193514,5.83556850493466e-10,5.82461501065355e-09,"ENSG00000116962.17","NID1","4811","nidogen 1"
41.5175776530136,-3.28843268176503,0.442651316058765,1.78354130932959e-14,2.82962865547032e-13,"ENSG00000162975.6","KCNF1","3754","potassium voltage-gated channel modifier subfamily F member 1"
421.265615404733,-1.2778981159638,0.103677269524713,1.05409123251712e-35,7.35526737404819e-34,"ENSG00000143878.10","RHOB","388","ras homolog family member B"
432.286811244966,-1.02911518508211,0.26380950011698,1.22576692556389e-05,6.00081008226058e-05,"ENSG00000118960.15","HS1BP3","64342","HCLS1 binding protein 3"
253.99258928401,-1.08383293925223,0.248536494861457,1.39140536228332e-06,8.17092996640181e-06,"ENSG00000119771.17","KLHL29","114818","kelch like family member 29"
626.056128940859,-1.24019076722165,0.125416403497925,5.48439362205831e-24,1.94872889506362e-22,"ENSG00000138074.17","SLC5A6","8884","solute carrier family 5 member 6"
2501.24957358328,-1.1084448307916,0.243848530059623,5.20113660851168e-07,3.29391078603116e-06,"ENSG00000084774.16","CAD","790","carbamoyl-phosphate synthetase 2, aspartate transcarbamylase, and dihydroorotase"
1567.99112624112,-1.09639087006542,0.391008947935944,0.000319688931792152,0.00112503948360721,"ENSG00000115234.13","SNX17","9784","sorting nexin 17"
37.7589487768187,-2.32633705829819,0.290202027202791,5.81548512637285e-17,1.16660577027994e-15,"ENSG00000162878.15","PKDCC","91461","protein kinase domain containing, cytoplasmic"
206.588267603792,-1.30445505001234,0.245223910503632,7.33555474908107e-09,6.30203842816597e-08,"ENSG00000233426.3","EIF3FP3","339799","eukaryotic translation initiation factor 3 subunit F pseudogene 3"
320.599520336448,-1.0145923764138,0.25492961510753,9.05938795369824e-06,4.58048595521248e-05,"ENSG00000228305.2",NA,NA,NA
58.6064772039779,-2.25642965188588,0.240536708386139,4.20433970712204e-22,1.28132653406184e-20,"ENSG00000163219.13","ARHGAP25","9938","Rho GTPase activating protein 25"
97.2339727122711,-1.13516394223258,0.165971099984389,1.32073804965341e-12,1.73632578548212e-11,"ENSG00000135636.18","DYSF","8291","dysferlin"
742.411981806099,-1.10393948773314,0.192810098142362,1.15080891810556e-09,1.10227480286372e-08,"ENSG00000135632.14","SMYD5","10322","SMYD family member 5"
492.39437480237,-1.52313898050268,0.29927614085065,1.21412089376551e-08,1.0093238977228e-07,"ENSG00000135617.6","PRADC1","84279","protease associated domain containing 1"
41.0694937869107,-1.0602949569405,0.19431846631307,1.03827784247148e-08,8.71125277951726e-08,"ENSG00000272711.1","HK2-DT","118568819","HK2 divergent transcript"
483.869586471436,-1.02425080281612,0.337897819218455,0.000258482309124792,0.000932410687488518,"ENSG00000115350.14","POLE4","56655","DNA polymerase epsilon 4, accessory subunit"
125.565033019529,-1.34961448857971,0.120985028248888,9.66680248202018e-30,5.03620814443355e-28,"ENSG00000152284.7","TCF7L1","83439","transcription factor 7 like 1"
489.573898766572,-2.48088387041357,0.209420082517212,1.29784353057592e-33,8.40926264076101e-32,"ENSG00000168899.7","VAMP5","10791","vesicle associated membrane protein 5"
41.7272567381227,-1.02779106020973,0.282864275710656,5.70380712084837e-05,0.000240718143433505,"ENSG00000274286.2","ADRA2B","151","adrenoceptor alpha 2B"
1101.42087709656,-3.18639460216507,0.316310358481774,6.14406557369752e-26,2.49993760453798e-24,"ENSG00000115602.19","IL1RL1","9173","interleukin 1 receptor like 1"
169.010702348171,-1.04536416861714,0.324373599015471,0.000132996433291976,0.000514148407569708,"ENSG00000175701.12","MTLN","205251","mitoregulin"
567.712611082837,-1.76412997335628,0.119983352078051,3.97549879140163e-50,5.95205503516549e-48,"ENSG00000125538.13","IL1B","3553","interleukin 1 beta"
120.535701641615,-1.03237948084576,0.13646590659227,8.38330921650261e-15,1.38266322382553e-13,"ENSG00000144158.4",NA,NA,NA
29.4099016849384,-1.36829881397958,0.453521619833156,0.000294093265514135,0.00104353710250655,"ENSG00000171227.9","TMEM37","140738","transmembrane protein 37"
207.07103835972,-1.26039048846366,0.421291391895371,0.000174298756078472,0.000656536667681024,"ENSG00000074047.23","GLI2","2736","GLI family zinc finger 2"
1415.07416606647,-1.18494667823765,0.092086429072644,1.08322809809896e-38,9.12812049223177e-37,"ENSG00000136718.12","IMP4","92856","IMP U3 small nucleolar ribonucleoprotein 4"
13.4305424654619,-1.16853418672297,0.50803132970396,0.00216779093783409,0.0059335292957649,"ENSG00000310331.1",NA,NA,NA
51.0418453918861,-1.38019498780789,0.255424405146855,8.8387540588441e-09,7.48914430447444e-08,"ENSG00000073734.12","ABCB11","8647","ATP binding cassette subfamily B member 11"
1151.98079576675,-1.75609717838675,0.25238978372672,8.28893846725321e-14,1.23501178843973e-12,"ENSG00000073737.19","DHRS9","10170","dehydrogenase/reductase 9"
10.193573413324,-1.30887853431122,0.502981683148483,0.000988223916017482,0.00301054938935314,"ENSG00000235321.1",NA,NA,NA
79.5321206066332,-1.92594155376771,0.430919805594231,1.55022949089909e-07,1.07351514190411e-06,"ENSG00000115935.21","WIPF1","7456","WAS/WASL interacting protein family member 1"
96.1775429794209,-1.17647327173034,0.50198003452147,0.00214569382507211,0.00587826336408544,"ENSG00000188738.17","FSIP2","401024","fibrous sheath interacting protein 2"
31.7702499554932,-1.17320288367154,0.432904180534195,0.000568086216802501,0.00186750320812436,"ENSG00000224063.7",NA,NA,NA
23.9787287092652,-1.27343782892592,0.361922472699254,5.82153823635243e-05,0.000245216993014998,"ENSG00000229647.4",NA,NA,NA
12.3559833654549,-1.04216073364568,0.348624900288544,0.000546213430726618,0.00180328780030725,"ENSG00000305602.1","LOC101928487","101928487","uncharacterized LOC101928487"
11.1062190706662,-1.29066649880165,0.413739573109476,0.000250680674979431,0.00090873217885703,"ENSG00000179921.16","GPBAR1","151306","G protein-coupled bile acid receptor 1"
653.027881316095,-1.10557127712904,0.189988376902132,6.40047471099981e-10,6.34329823382571e-09,"ENSG00000074582.17","BCS1L","617","BCS1 ubiquinol-cytochrome c reductase complex chaperone"
3541.87222401694,-1.23426158015382,0.107843487621571,2.85516155077587e-31,1.60107077361872e-29,"ENSG00000127824.17","TUBA4A","7277","tubulin alpha 4a"
3160.53116356558,-1.01585920770396,0.351599003877232,0.000335201171959057,0.0011732041018567,"ENSG00000123989.17","CHPF","79586","chondroitin polymerizing factor"
580.79996423017,-1.40866589006324,0.117496025653731,3.39492712873335e-34,2.25660220914642e-32,"ENSG00000135919.16","SERPINE2","5270","serpin family E member 2"
21.32092360868,-1.73417336465126,0.513651760109524,3.89631831061964e-05,0.000170890570728286,"ENSG00000237758.1",NA,NA,NA
1015.79742868742,-1.3178152457845,0.324384637326251,1.7796553447815e-06,1.0220256890548e-05,"ENSG00000188042.9","ARL4C","10123","ARF like GTPase 4C"
59.0114844242833,-1.13400012330644,0.319011932275731,6.51464307719811e-05,0.000271373071025046,"ENSG00000233608.7","TWIST2","117581","twist family bHLH transcription factor 2"
10.4452351945706,-1.32977513891844,0.434131187930762,0.000272322943766062,0.000976172039938734,"ENSG00000130294.20","KIF1A","547","kinesin family member 1A"
1325.4310800989,-1.03439483493023,0.274885395875162,1.69902019468754e-05,8.06668424331174e-05,"ENSG00000176946.15","THAP4","51078","THAP domain containing 4"
416.9475015283,-1.17700663282623,0.332924033180876,2.77260271913898e-05,0.000126013281850404,"ENSG00000154764.7","WNT7A","7476","Wnt family member 7A"
11.528240893108,-1.20342898588278,0.472599908672067,0.00121844046365943,0.00360505955297238,"ENSG00000270194.2","GOLGA4-AS1","152048","GOLGA4 antisense RNA 1"
109.860518836962,-1.92554253292516,0.331277699627682,1.80176407575954e-10,1.89918002818099e-09,"ENSG00000249992.2","TMEM158","25907","transmembrane protein 158"
21.7769053068601,-2.44942840222482,0.310429286781289,2.00668694660991e-16,3.8441142116362e-15,"ENSG00000223552.4","CCR5AS","102724297","CCR5 antisense RNA"
1807.3430392902,-1.08232924881793,0.289122748498401,1.5436246827768e-05,7.40181474909857e-05,"ENSG00000132153.17","DHX30","22907","DExH-box helicase 30"
3873.81677004369,-1.04763921655855,0.392352925141079,0.000539088209245241,0.00178281777284385,"ENSG00000010256.14","UQCRC1","7384","ubiquinol-cytochrome c reductase core protein 1"
1544.77805421051,-1.05341391004095,0.442512653748439,0.0010552796589195,0.00318525496578541,"ENSG00000233276.10","GPX1","2876","glutathione peroxidase 1"
1717.11043934171,-1.11943334657107,0.168947945893948,3.82092497446609e-12,4.80607536959556e-11,"ENSG00000164078.17","MST1R","4486","macrophage stimulating 1 receptor"
237.994519197587,-1.50742714733326,0.181458419100724,9.17844295150581e-18,1.96857814680349e-16,"ENSG00000164077.17","MON1A","84315","MON1 vesicular trafficking associated A"
1423.03394181921,-1.44897459394814,0.218164996843059,1.34006355614232e-12,1.75873362546984e-11,"ENSG00000214706.14","IFRD2","7866","interferon related developmental regulator 2"
312.054968666382,-1.06051682620258,0.159623834286943,4.80940799078285e-12,5.98594678174838e-11,"ENSG00000068028.20","RASSF1","11186","Ras association domain family member 1"
105.923140631243,-1.20055421900627,0.161271653582543,1.74929512500429e-14,2.78388855755327e-13,"ENSG00000114395.13","CYB561D2","11068","cytochrome b561 family member D2"
529.206882065855,-1.04094498761056,0.236713015911936,1.29312223508838e-06,7.64618020985347e-06,"ENSG00000126062.6","TMEM115","11070","transmembrane protein 115"
1251.13404229487,-1.01538764183569,0.256926085819043,9.04822522422262e-06,4.5778438708247e-05,"ENSG00000114738.13","MAPKAPK3","7867","MAPK activated protein kinase 3"
593.588385938354,-1.65986468325742,0.199377609139666,3.49006559866319e-18,7.77750023077819e-17,"ENSG00000114767.9","RRP9","9136","ribosomal RNA processing 9, U3 small nucleolar RNA binding protein"
1384.72138382101,-1.30028108463981,0.0925484849130675,1.04148035074957e-45,1.29949117025377e-43,"ENSG00000164086.11","DUSP7","1849","dual specificity phosphatase 7"
440.416969546154,-1.05164953124798,0.189625457957898,4.17326021622236e-09,3.71784204473513e-08,"ENSG00000164087.10","POC1A","25886","POC1 centriolar protein A"
86.9589784139071,-1.16247535141007,0.295361196769275,8.26465076324418e-06,4.21180368208819e-05,"ENSG00000168237.20","GLYCTK","132158","glycerate kinase"
101.98041383317,-1.06232861683303,0.155802658697925,1.91921521043271e-12,2.48707712269604e-11,"ENSG00000168273.10","UQCC5","440957","ubiquinol-cytochrome c reductase complex assembly factor 5"
23.2963376269002,-1.58526975838678,0.252144584586315,4.08547520306089e-11,4.61216054951698e-10,"ENSG00000239445.7",NA,NA,NA
170.831000286458,-1.25974959535107,0.360075327234173,2.50430485165833e-05,0.00011481314804779,"ENSG00000240476.3","LINC00973","105374003","long intergenic non-protein coding RNA 973"
13.2028433041583,-1.47576518439626,0.467628158482352,0.000147279695528012,0.000563573246833119,"ENSG00000243635.1",NA,NA,NA
12.5837934007759,-1.17269352615764,0.462713831483953,0.00172968637762415,0.00487511470098106,"ENSG00000144834.16","TAGLN3","29114","transgelin 3"
11.8021909735119,-1.18210258075002,0.516619031993822,0.00254264388418986,0.00682152250140776,"ENSG00000114638.10","UPK1B","7348","uroplakin 1B"
43.3272474142798,-1.00346415930128,0.674962992836808,0.0117461998862615,0.025200076300228,"ENSG00000031081.13","ARHGAP31","57514","Rho GTPase activating protein 31"
103.004609637587,-2.98765235389113,0.364489441474191,1.96901043807935e-17,4.06480722431348e-16,"ENSG00000173175.18","ADCY5","111","adenylate cyclase 5"
187.50272892318,-1.39581744336186,0.173616894534748,1.109859814975e-16,2.19706652204486e-15,"ENSG00000144908.16","ALDH1L1","10840","aldehyde dehydrogenase 1 family member L1"
16.5136319139686,-1.52903899306891,0.381310901949231,8.54820080572541e-06,4.33767043846961e-05,"ENSG00000180767.12","CHST13","166012","carbohydrate sulfotransferase 13"
1805.16186364504,-2.06585883941034,0.285960044000612,4.95064060337141e-15,8.31632121400767e-14,"ENSG00000074416.18","MGLL","11343","monoglyceride lipase"
776.376982264843,-1.00604254217322,0.258351975865832,1.14471959060603e-05,5.63804561058305e-05,"ENSG00000132394.13","EEFSEC","60678","eukaryotic elongation factor, selenocysteine-tRNA specific"
162.430255792765,-2.6295734258313,0.27069320857838,1.73619156389261e-23,5.85860177391423e-22,"ENSG00000144868.16","TMEM108","66000","transmembrane protein 108"
42.7492472528847,-1.21344555083332,0.349593568526264,7.88716561734045e-05,0.000322278698953384,"ENSG00000183770.7","FOXL2","668","forkhead box L2"
22.8766166737596,-1.75114584762603,0.80335489336927,0.000386725747833635,0.0013296984966204,"ENSG00000163710.11","PCOLCE2","26577","procollagen C-endopeptidase enhancer 2"
60.9126814580932,-1.11705502386498,0.218263420632329,5.139457629556e-08,3.82692303744003e-07,"ENSG00000241627.3",NA,NA,NA
328.295354741,-4.92428855803916,0.385030136726844,2.93039706199257e-38,2.40370495175465e-36,"ENSG00000169903.9","TM4SF4","7104","transmembrane 4 L six family member 4"
35.9273359121027,-1.73730444073639,0.35654071754126,9.54133083433772e-08,6.81189179612602e-07,"ENSG00000206199.12","ANKUB1","389161","ankyrin repeat and ubiquitin domain containing 1"
39.4165228901579,-1.09029226779068,0.274166612386459,1.14511294508147e-05,5.63818222417027e-05,"ENSG00000230457.3",NA,NA,NA
76.9268395758483,-1.61820471444826,0.565807622764184,8.10156422410209e-05,0.00033002634758341,"ENSG00000163661.6","PTX3","5806","pentraxin 3"
1666.64310139378,-1.38110695829225,0.238156614000875,3.25000008859483e-10,3.33233054296681e-09,"ENSG00000214160.12","ALG3","10195","ALG3 alpha-1,3- mannosyltransferase"
60.7343183687411,-1.19154879617126,0.275361850755454,1.84133891448873e-06,1.05362847496589e-05,"ENSG00000284753.4","EEF1AKMT4","110599564","EEF1A lysine methyltransferase 4"
7696.55100993813,-1.02521693479613,0.0943298465272222,5.93713369789702e-28,2.78287351839726e-26,"ENSG00000175166.19","PSMD2","5708","proteasome 26S subunit ubiquitin receptor, non-ATPase 2"
53.7851739109143,-1.24363712504767,0.714430176510534,0.00258562253864214,0.00692598318019808,"ENSG00000127252.9","PLAAT1","57110","phospholipase A and acyltransferase 1"
450.970673555845,-1.99104293563532,0.102308531806363,2.03006578064492e-85,1.49074497158692e-82,"ENSG00000185112.6","FAM43A","131583","family with sequence similarity 43 member A"
20.293286699994,-2.03491850740341,0.450726782076886,4.27435082621097e-07,2.74644850379164e-06,"ENSG00000174004.8","NRROS","375387","negative regulator of reactive oxygen species"
2213.76013632308,-1.10763946841117,0.194975266283015,2.17442237423477e-09,2.01876986352043e-08,"ENSG00000163975.16","MELTF","4241","melanotransferrin"
94.9999418883304,-1.633022629597,0.213386960813132,2.77367065585894e-15,4.80053593535362e-14,"ENSG00000133256.14","PDE6B","5158","phosphodiesterase 6B"
55.4218994645406,-2.17039692919292,0.261507723621875,9.71069589522972e-18,2.07695757836806e-16,"ENSG00000169026.15","SLC49A3","84179","solute carrier family 49 member 3"
84.2737876290163,-1.02909390363426,0.575860836294444,0.00388704298491283,0.00980727910182277,"ENSG00000243449.10","NICOL1","401115","NELL2 interacting cell ontogeny regulator 1"
891.536438051847,-1.55756689091502,0.131562027614883,1.52671784296561e-33,9.85084345454926e-32,"ENSG00000109501.17","WFS1","7466","wolframin ER transmembrane glycoprotein"
127.524633708399,-1.79918026192736,0.23385686102985,1.19975524393068e-15,2.14882992063357e-14,"ENSG00000109610.8","SOD3","6649","superoxide dismutase 3"
65.8797024110727,-1.53685513807455,0.258434283408433,3.06659629207778e-10,3.15266542800876e-09,"ENSG00000154277.15","UCHL1","7345","ubiquitin C-terminal hydrolase L1"
310.207694217059,-1.03191228285695,0.103229169783199,3.255067906009e-24,1.18667617443415e-22,"ENSG00000184178.19","SCFD2","152579","sec1 family domain containing 2"
19.5616998514561,-1.18217941495089,0.448715267396992,0.00123781237424989,0.00365728472588115,"ENSG00000128052.12","KDR","3791","kinase insert domain receptor"
61.7312200866821,-1.93969293587291,0.453559020119485,1.38001950862915e-06,8.11024422354042e-06,"ENSG00000080493.21","SLC4A4","8671","solute carrier family 4 member 4"
25.0148529878069,-1.01651034811373,0.358414339514826,0.000871997210622536,0.00270782702074308,"ENSG00000169245.7","CXCL10","3627","C-X-C motif chemokine ligand 10"
458.161383644329,-1.78239990592953,0.190989976330876,1.23006947213537e-21,3.64086397884828e-20,"ENSG00000248144.8","ADH1C","126","alcohol dehydrogenase 1C (class I), gamma polypeptide"
30.4310002870385,-1.6592173659771,0.334394709117179,9.95569724986949e-08,7.08803357757329e-07,"ENSG00000173376.16","NDNF","79625","neuron derived neurotrophic factor"
17.6863314408279,-2.04522518697524,0.394851185818136,2.37860394832294e-08,1.87917840530074e-07,"ENSG00000249806.2",NA,NA,NA
46.0340361308678,-1.02708092678943,0.251478147013666,9.32748353314093e-06,4.69448836698976e-05,"ENSG00000171560.20","FGA","2243","fibrinogen alpha chain"
954.632276534283,-2.2234506409541,0.235588164917845,2.61209626825006e-23,8.62551103911865e-22,"ENSG00000109511.12","ANXA10","11199","annexin A10"
36.661904405211,-3.64767121241612,0.294162679141669,2.82324368826048e-36,2.05364343946533e-34,"ENSG00000150630.5","VEGFC","7424","vascular endothelial growth factor C"
1941.50405646897,-1.00348268863365,0.278960323347172,3.72140397402372e-05,0.000164246624737893,"ENSG00000145494.14","NDUFS6","4726","NADH:ubiquinone oxidoreductase subunit S6"
24.3750795015103,-1.25708494925468,0.325472735825614,1.77570541312983e-05,8.37917783839508e-05,"ENSG00000154162.17","CDH12","1010","cadherin 12"
33.4413084058591,-1.66761273987573,0.249807407215481,2.48632316414941e-12,3.18451740152393e-11,"ENSG00000251593.1",NA,NA,NA
62.0844528506763,-1.19318385197422,0.794636403859381,0.00268460940944916,0.00715138395286156,"ENSG00000016082.17","ISL1","3670","ISL LIM homeobox 1"
22.4366773744549,-1.59244850306512,0.321857936635184,8.10882769203729e-08,5.85148487781502e-07,"ENSG00000285831.2",NA,NA,NA
2022.36043505394,-1.52966848733231,0.226248479529813,1.11448114861667e-12,1.48031126553124e-11,"ENSG00000134363.14","FST","10468","follistatin"
315.830165235155,-1.1700481400684,0.326272444513954,2.58777837272015e-05,0.000118240386031755,"ENSG00000251493.5","FOXD1","2297","forkhead box D1"
103.630662382781,-1.54101600000696,0.484460987854251,7.05182819716575e-05,0.000291076666564489,"ENSG00000038427.17","VCAN","1462","versican"
12.5655304111604,-2.30155002121347,0.387954023764792,2.82113899480732e-10,2.91196682991458e-09,"ENSG00000248663.8","LOC124900192","124900192","uncharacterized LOC124900192"
56.3713610596491,-1.52277978030594,0.302446985016327,3.79529331451606e-08,2.9002585829114e-07,"ENSG00000164400.7","CSF2","1437","colony stimulating factor 2"
587.083814968415,-1.95007176701907,0.321257305957141,8.60107751225462e-11,9.36042458126172e-10,"ENSG00000131435.15","PDLIM4","8572","PDZ and LIM domain 4"
280.904952350373,-1.55824727044481,0.220148931928251,1.87338367893034e-13,2.69742761090428e-12,"ENSG00000298415.1",NA,NA,NA
43.5319505244201,-1.11740077558509,1.14928508039711,0.00195320766773617,0.00542629312263254,"ENSG00000152377.16","SPOCK1","6695","SPARC (osteonectin), cwcv and kazal like domains proteoglycan 1"
17.1184692384366,-1.31053319574813,0.341618173325526,1.6826280335889e-05,8.00364185872129e-05,"ENSG00000158458.23","NRG2","9542","neuregulin 2"
725.724859634435,-1.09029197662772,0.17189190815843,2.99896964112968e-11,3.44356744868658e-10,"ENSG00000213523.14","SRA1","10011","steroid receptor RNA activator 1"
157.627636960085,-1.32111722162689,0.331733231321016,8.30598285575107e-06,4.23007138766635e-05,"ENSG00000253159.4","PCDHGA12","26025","protocadherin gamma subfamily A, 12"
2127.67005027866,-1.25925263646046,0.200304350121662,4.22876203232547e-11,4.75998097083877e-10,"ENSG00000113657.15","DPYSL3","1809","dihydropyrimidinase like 3"
40.2565394118203,-1.12487888716376,0.314974423586627,6.06034350438286e-05,0.0002540270649119,"ENSG00000183876.10","ARSI","340075","arylsulfatase family member I"
3847.61106236607,-1.05080310807714,0.0776197843319826,2.01312600161949e-42,2.06962773806495e-40,"ENSG00000070814.24","TCOF1","6949","treacle ribosome biogenesis factor 1"
502.867799324625,-1.86257576201993,0.250568158058187,1.1184285364332e-14,1.80978871567013e-13,"ENSG00000211445.14","GPX3","2878","glutathione peroxidase 3"
1025.40378641399,-1.67285402948869,0.118994286881093,7.48743407276146e-46,9.54245626744252e-44,"ENSG00000197043.17","ANXA6","309","annexin A6"
549.555339861745,-1.14990651705836,0.16307329438413,2.20177499176658e-13,3.14676294235703e-12,"ENSG00000177556.14","ATOX1","475","antioxidant 1 copper chaperone"
1086.83566103408,-2.67135963568175,0.154016905868753,1.49532831307506e-68,4.52146233645697e-66,"ENSG00000135074.18","ADAM19","8728","ADAM metallopeptidase domain 19"
41.0710479594676,-2.11928678753345,0.898939974351665,0.000103670052378842,0.000412035020034567,"ENSG00000172548.16","NIPAL4","348938","NIPA like domain containing 4"
74.1405651888554,-2.11601789666076,0.266525583676414,1.65299818769065e-16,3.19034856725626e-15,"ENSG00000170214.6","ADRA1B","147","adrenoceptor alpha 1B"
12.0824769106274,-1.14865872717291,0.510640540884292,0.00376988252519065,0.00955859230860984,"ENSG00000253978.3",NA,NA,NA
160.32564785885,-1.14075475792791,0.203588455278412,3.25844419504123e-09,2.9499644294054e-08,"ENSG00000120149.10","MSX2","4488","msh homeobox 2"
643.215630380833,-1.21979025588118,0.130132381129848,1.1264002912648e-21,3.34042670992201e-20,"ENSG00000048162.24","NOP16","51491","NOP16 nucleolar protein"
1934.85627904844,-1.61407019800759,0.122971124049287,1.35058903418632e-40,1.3017145935117e-38,"ENSG00000175416.18","CLTB","1212","clathrin light chain B"
221.430373142341,-1.04256731222859,0.217909196827477,2.56427051936585e-07,1.71110409689056e-06,"ENSG00000169258.9","GPRIN1","114787","G protein regulated inducer of neurite outgrowth 1"
1219.01712822174,-1.01325475355184,0.332552124631073,0.000221001610028464,0.000812024262151284,"ENSG00000048140.20","TSPAN17","26262","tetraspanin 17"
92.5841612381406,-1.09014545706889,0.290744146431472,3.29354972733254e-05,0.00014734502566056,"ENSG00000113763.14","UNC5A","90249","unc-5 netrin receptor A"
3720.62794964347,-1.00481047954935,0.240309563242035,3.54191838311086e-06,1.93276445102451e-05,"ENSG00000169230.12","PRELID1","27166","PRELI domain containing 1"
384.560964000732,-1.21908416702805,0.293269577353055,2.43025893376646e-06,1.36131576526017e-05,"ENSG00000169220.20","RGS14","10636","regulator of G protein signaling 14"
307.300220370103,-1.69005013766399,0.471774267555183,4.86759709731913e-06,2.59196183832038e-05,"ENSG00000131187.13","F12","2161","coagulation factor XII"
427.239148578412,-1.05822502912458,0.436613726828358,0.000956728909994322,0.00292987279505422,"ENSG00000131188.14","PRR7","80758","proline rich 7, synaptic"
2783.66344113886,-1.11359599752732,0.244421064190223,4.26422761061634e-07,2.74108603515275e-06,"ENSG00000113758.16","DBN1","1627","drebrin 1"
2633.64185384436,-1.46478114647757,0.286351475401711,1.00668393344221e-08,8.47383893974473e-08,"ENSG00000196923.16","PDLIM7","9260","PDZ and LIM domain 7"
1315.09296963348,-1.06488089246521,0.230705133174176,4.31065345682752e-07,2.76746823304485e-06,"ENSG00000145912.12","NHP2","55651","NHP2 ribonucleoprotein"
6203.9782409454,-1.15861476970562,0.0881266586594101,2.53919345862769e-40,2.40226394634955e-38,"ENSG00000161011.22","SQSTM1","8878","sequestosome 1"
54.9448417031583,-1.25624666575667,0.350189824490748,4.53085281450306e-05,0.000195605490628364,"ENSG00000037280.18","FLT4","2324","fms related receptor tyrosine kinase 4"
20.1629605736258,-1.09675601809392,0.385669984108568,0.000579210917508387,0.001897198716843,"ENSG00000153162.11","BMP6","654","bone morphogenetic protein 6"
27.0055509413701,-1.61123653579091,0.240444559548773,2.44655971558909e-12,3.13880177821127e-11,"ENSG00000272269.3",NA,NA,NA
542.280781511429,-2.23987904760862,0.141332608732106,8.82736798413437e-58,1.7015855210417e-55,"ENSG00000187837.5","H1-2","3006","H1.2 linker histone, cluster member"
449.263896804548,-1.47127454256959,0.335066930993877,3.73737539776458e-07,2.42383739795028e-06,"ENSG00000180573.11","H2AC6","8334","H2A clustered histone 6"
338.613447372808,-1.08844442647733,0.133633064168571,5.81752050674582e-17,1.16660577027994e-15,"ENSG00000158373.11","H2BC5","3017","H2B clustered histone 5"
179.250410947963,-1.6987480935646,0.303467436674542,6.26054621811263e-10,6.21660548805633e-09,"ENSG00000124635.12","H2BC11","8970","H2B clustered histone 11"
1574.50411876707,-2.32936893876075,0.136035527485385,1.26521627538165e-67,3.48408931833223e-65,"ENSG00000197903.11","H2BC12","85236","H2B clustered histone 12"
36.172312436296,-1.94721755883832,0.333906407538411,3.63184950346764e-10,3.70170199557002e-09,"ENSG00000272540.1",NA,NA,NA
5004.16296115888,-1.20891668392491,0.27849695191698,8.87974735455689e-07,5.38688371182619e-06,"ENSG00000204394.15","VARS1","7407","valyl-tRNA synthetase 1"
829.693792608235,-1.84631070881895,0.171901780561351,3.86490654659831e-28,1.83952851404607e-26,"ENSG00000213654.12","GPSM3","63940","G protein signaling modulator 3"
46.4477994953814,-2.49299062399851,0.246879861616891,4.30952020862332e-25,1.66142777842951e-23,"ENSG00000204252.16","HLA-DOA","3111","major histocompatibility complex, class II, DO alpha"
364.902540442505,-1.0147220457057,0.250968463221839,1.10001810048639e-05,5.44221338710319e-05,"ENSG00000223865.14","HLA-DPB1","3115","major histocompatibility complex, class II, DP beta 1"
911.931923318296,-1.09710670487429,0.151297215585619,5.44269265453526e-14,8.26100033716419e-13,"ENSG00000227057.11","WDR46","9277","WD repeat domain 46"
1882.49910107372,-1.11154307564675,0.303697649117249,1.9972063479833e-05,9.35000579606877e-05,"ENSG00000030110.16","BAK1","578","BCL2 antagonist/killer 1"
67762.9657500088,-1.01055559495695,0.432427178002644,0.00135769588937324,0.00396760058935469,"ENSG00000137309.23","HMGA1","3159","high mobility group AT-hook 1"
78.4811640009342,-2.47195556351467,0.558824727586654,1.51724673240337e-07,1.05280820336222e-06,"ENSG00000295821.1",NA,NA,NA
803.195207364647,-1.31081024553563,0.0820729177593214,3.27514666916608e-58,6.5592255565208e-56,"ENSG00000124664.13","SPDEF","25803","SAM pointed domain containing ETS transcription factor"
1868.21525399973,-1.0430820070202,0.236549840308658,1.2767163264053e-06,7.55786659097739e-06,"ENSG00000124762.17","CDKN1A","1026","cyclin dependent kinase inhibitor 1A"
74.1275915235912,-1.99245411212321,0.516358272129282,1.76370886338199e-06,1.01485650679901e-05,"ENSG00000124772.13","CPNE5","57699","copine 5"
162.700599133358,-2.37072806232424,1.19765432563552,4.91288337400542e-05,0.000210624338366799,"ENSG00000124615.23","MOCS1","4337","molybdenum cofactor synthesis 1"
667.170642134861,-1.76121622452745,0.100639103661647,1.44326835802587e-69,4.54217170390141e-67,"ENSG00000112559.17","MDFI","4188","MyoD family inhibitor"
547.972046512613,-1.19108498520917,0.148823634979427,1.63406864935482e-16,3.15776599520058e-15,"ENSG00000112578.13","BYSL","705","bystin like"
18.6376878916698,-1.31575532300418,0.491843521867508,0.000560624244089215,0.00184493949383265,"ENSG00000221821.4","PEX39","441150","peroxisomal biogenesis factor 39"
895.668625125441,-1.44229373714434,0.111857782802736,5.11242721898253e-39,4.40439889072233e-37,"ENSG00000112655.18","PTK7","5754","protein tyrosine kinase 7 (inactive)"
1548.81759166319,-1.14522731189936,0.126489676061048,1.82423560368766e-20,4.85026504214955e-19,"ENSG00000112759.21","SLC29A1","2030","solute carrier family 29 member 1 (Augustine blood group)"
13.7290275750265,-1.06854446931285,0.536629572465649,0.00763998298699537,0.0174645979309896,"ENSG00000137251.16","TINAG","27283","tubulointerstitial nephritis antigen"
15.0190773539304,-1.27259138868441,0.31575183309984,8.31574402957738e-06,4.23364439353294e-05,"ENSG00000112769.22","LAMA4","3910","laminin subunit alpha 4"
587.831393050463,-1.25761124770261,0.175117666947698,1.10910393225896e-13,1.63826549227638e-12,"ENSG00000118523.8","CCN2","1490","cellular communication network factor 2"
1019.61995638639,-1.18358174385856,0.312665826932391,1.02804506239874e-05,5.11429747044817e-05,"ENSG00000169976.7","SF3B5","83443","splicing factor 3b subunit 5"
1125.6666028287,-3.25024453069048,0.960174216943783,2.23956610962349e-08,1.78022417404659e-07,"ENSG00000289850.3",NA,NA,NA
49.0016313386921,-1.16492549373607,0.331084820981361,4.83174504295399e-05,0.000207434132258891,"ENSG00000273132.2","LRP11-AS1","124901427","LRP11 antisense RNA 1"
16.0208806294302,-1.00273184965484,0.34401518940082,0.000629227116603608,0.00203979637694855,"ENSG00000155918.9","RAET1L","154064","retinoic acid early transcript 1L"
193.242230667266,-1.21784851340405,0.124046917562676,1.30654501732783e-23,4.45757316641868e-22,"ENSG00000175048.19","ZDHHC14","79683","zDHHC palmitoyltransferase 14"
163.022139558867,-1.41702037830531,0.391920526371421,1.01756100379182e-05,5.07168979944203e-05,"ENSG00000146477.8","SLC22A3","6581","solute carrier family 22 member 3"
32.2431136515413,-1.52593812188082,0.273993032647785,3.65829264297753e-09,3.28182262055594e-08,"ENSG00000164488.13","DACT2","168002","dishevelled binding antagonist of beta catenin 2"
535.368848356458,-1.10813779538784,0.201496938725791,4.95513868870783e-09,4.36397451276776e-08,"ENSG00000188191.18","PRKAR1B","5575","protein kinase cAMP-dependent type I regulatory subunit beta"
359.618454734736,-1.11140166702948,0.286142058316116,9.14191764529553e-06,4.6176715364593e-05,"ENSG00000106268.18","NUDT1","4521","nudix hydrolase 1"
45.2241258715941,-1.06553668043062,0.375119795693139,0.000793909466702951,0.00249650854119621,"ENSG00000157927.19","RADIL","55698","Rap associating with DIL domain"
1034.10775490183,-1.24384091920986,0.128798305590286,4.72938560095412e-23,1.53540748110134e-21,"ENSG00000155034.23","FBXL18","80028","F-box and leucine rich repeat protein 18"
5647.24083450088,-1.79576381543994,0.363389830368433,1.01618874498667e-08,8.54451834047948e-08,"ENSG00000075618.20","FSCN1","6624","fascin actin-bundling protein 1"
726.453796851597,-1.28663356978992,0.0800760936599404,6.78256599362277e-59,1.43279383818708e-56,"ENSG00000106305.12","AIMP2","7965","aminoacyl tRNA synthetase complex interacting multifunctional protein 2"
18.5887925846702,-1.5185103596348,0.460791312844355,9.22309445607356e-05,0.000371065326394757,"ENSG00000236609.6","ZNF853","54753","zinc finger protein 853"
220.99056736486,-1.25179675490959,1.19785947218294,0.00110133391619916,0.00330100492161463,"ENSG00000106066.17","CPVL","54504","carboxypeptidase vitellogenic like"
1499.203067129,-1.18065630527379,0.191087880925709,7.2108845259521e-11,7.90009015612654e-10,"ENSG00000136271.13","DDX56","54606","DEAD-box helicase 56"
26.2402460069682,-1.02993274056856,0.257500739982593,1.35270982605657e-05,6.55566883331814e-05,"ENSG00000297670.1","LOC105375259","105375259","uncharacterized LOC105375259"
1914.72063301699,-1.16055481062615,0.369513098960591,9.50392368331748e-05,0.000381170369624028,"ENSG00000136270.16","TBRG4","9238","transforming growth factor beta regulator 4"
20.0682330956038,-1.06239159516748,0.576238664231125,0.00689960960002143,0.0160286027748956,"ENSG00000146678.11","IGFBP1","3484","insulin like growth factor binding protein 1"
49.882562145357,-1.09675796078751,0.250758737422051,1.91177897419575e-06,1.08989070466072e-05,"ENSG00000233539.5","LOC730338","730338","uncharacterized LOC730338"
1026.46591040552,-1.51930874783784,0.116062880945178,2.91139871183829e-40,2.73760241068648e-38,"ENSG00000183696.16","UPP1","7378","uridine phosphorylase 1"
23.9272238315303,-2.1539830352251,0.415024858456684,1.87264659035341e-08,1.5074345654842e-07,"ENSG00000188763.5","FZD9","8326","frizzled class receptor 9"
285.887148248123,-1.0763203907123,0.293871257659938,2.39953622032878e-05,0.000110721867306075,"ENSG00000176410.8","DNAJC30","84277","DnaJ heat shock protein family (Hsp40) member C30"
418.805870811047,-1.12559678906982,0.221183513398711,3.93431739541821e-08,2.99610412616021e-07,"ENSG00000106089.14","STX1A","6804","syntaxin 1A"
210.263769969109,-1.24241614795643,0.389872576596178,7.4959235709442e-05,0.000307432546243432,"ENSG00000188372.16","ZP3","7784","zona pellucida glycoprotein 3"
117.095021047571,-1.42861740350571,0.803014193271243,0.00102376923425466,0.00310167885293538,"ENSG00000127920.7","GNG11","2791","G protein subunit gamma 11"
100.029052647833,-1.03019874356246,0.276295751651852,3.18615422457351e-05,0.000143080035809983,"ENSG00000180535.6","BHLHA15","168620","basic helix-loop-helix family member a15"
76.8688334690978,-1.10998384863885,0.182197562148045,2.13256030337257e-10,2.22354377540963e-09,"ENSG00000130429.18","ARPC1B","10095","actin related protein 2/3 complex subunit 1B"
165.709664055921,-1.85758130064031,0.48168063550658,4.42531294771725e-06,2.36789559218417e-05,"ENSG00000160862.15","AZGP1","563","alpha-2-glycoprotein 1, zinc-binding"
20.0568504009994,-1.25190034109882,0.45390717564266,0.000543453744046665,0.00179609948284261,"ENSG00000214309.7","MBLAC1","255374","metallo-beta-lactamase domain containing 1"
222.603235950365,-1.21150588234173,0.12093930809432,2.21687112638279e-24,8.17855733013135e-23,"ENSG00000146834.17","MEPCE","56257","methylphosphate capping enzyme"
49.9802118488892,-1.66931424219968,0.28679725393658,6.0474190432572e-10,6.02437009470732e-09,"ENSG00000106327.15","TFR2","7036","transferrin receptor 2"
773.132194745331,-1.05542868889258,0.219643609255893,1.91295204314205e-07,1.30183731056017e-06,"ENSG00000172336.7","POP7","10248","POP7 ribonuclease P/MRP subunit"
1327.05617018626,-1.05029003688592,0.205870493551634,3.4473766588734e-08,2.65411859493194e-07,"ENSG00000106367.17","AP1S1","1174","adaptor related protein complex 1 subunit sigma 1"
2014.09382925099,-1.10025595126084,0.236303293862896,3.08656011736859e-07,2.02544015191238e-06,"ENSG00000106348.21","IMPDH1","3614","inosine monophosphate dehydrogenase 1"
191.343904957811,-1.19528748146697,0.17772527830319,3.10360533849542e-12,3.94564698474344e-11,"ENSG00000128602.13","SMO","6608","smoothened, frizzled class receptor"
359.442778736031,-1.2540971693245,0.534244087225335,0.00057388251949157,0.0018841478247987,"ENSG00000128510.13","CPA4","51200","carboxypeptidase A4"
512.596072520236,-1.87697217875485,0.10306846992822,3.97088120630303e-75,1.57012715595895e-72,"ENSG00000059377.21","TBXAS1","6916","thromboxane A synthase 1"
11.6897292192575,-1.4532008127501,0.515148204372514,0.000461792693320991,0.00155622926654349,"ENSG00000240889.2","NDUFB2-AS1","100134713","NDUFB2 antisense RNA 1"
207.558850638699,-3.92130217942117,0.528222500095437,1.31008708911971e-17,2.74495285343955e-16,"ENSG00000211772.11","TRBC2","28638","T cell receptor beta constant 2"
607.811588009359,-2.08140922210964,0.10264628194145,4.39578817047608e-92,4.23671558605697e-89,"ENSG00000106123.15","EPHB6","2051","EPH receptor B6"
115.181950080713,-1.48497454218042,0.400325067026157,6.86639660484043e-06,3.5532450350082e-05,"ENSG00000232533.4","FAM131B-AS2","100507507","FAM131B antisense RNA 2"
2818.99582838795,-1.36023645088694,0.271417404886994,2.76133530430315e-08,2.15935860687925e-07,"ENSG00000159840.18","ZYX","7791","zyxin"
1249.40528846415,-1.17294422308943,0.229320431119054,2.71890195226201e-08,2.1294152872439e-07,"ENSG00000170265.14","ZNF282","8427","zinc finger protein 282"
467.020001725951,-1.27372773361319,0.0978348402605194,1.53562715235572e-39,1.38492926523341e-37,"ENSG00000196453.10","ZNF777","27153","zinc finger protein 777"
1236.70575973674,-1.8707056624513,0.125653959740138,2.75056718968905e-51,4.56091361636504e-49,"ENSG00000171130.21","ATP6V0E2","155066","ATPase H+ transporting V0 subunit e2"
52.835882540117,-2.88367780301251,1.00916834591457,1.31361110496827e-05,6.39028291789136e-05,"ENSG00000133561.17","GIMAP6","474344","GTPase, IMAP family member 6"
25.102516355939,-1.930382180798,0.352834748740174,5.6205357488475e-09,4.89685207813431e-08,"ENSG00000106565.21","TMEM176B","28959","transmembrane protein 176B"
892.456362955692,-1.1550831156571,0.237738508876505,1.08183304697735e-07,7.67738031175232e-07,"ENSG00000197150.15","ABCB8","11194","ATP binding cassette subfamily B member 8"
296.151297634038,-1.14649137236703,0.265058440665274,1.38302199058148e-06,8.12479318733603e-06,"ENSG00000164885.15","CDK5","1020","cyclin dependent kinase 5"
1226.07085476277,-1.13787367834706,0.206065519262891,3.24427101374388e-09,2.93947727984397e-08,"ENSG00000164896.23","FASTK","10922","Fas activated serine/threonine kinase"
405.000630596033,-1.24903720249734,0.115559136237632,4.2672554461986e-28,2.02477988417934e-26,"ENSG00000033050.11","ABCF2","10061","ATP binding cassette subfamily F member 2"
1139.13331279734,-1.09000794122431,0.0817963968803306,2.7682132686928e-41,2.79010567428181e-39,"ENSG00000033100.18","CHPF2","54480","chondroitin polymerizing factor 2"
117.543495910259,-1.37887382649798,0.282488891288898,1.37986209437993e-07,9.63279916588178e-07,"ENSG00000164690.8","SHH","6469","sonic hedgehog signaling molecule"
19.0039226054077,-1.21235732849367,0.412141480939097,0.00051388854041262,0.00171198396175984,"ENSG00000308671.1",NA,NA,NA
53.9024605230501,-1.66089453786609,0.307627227576364,5.98258080999558e-09,5.20052867367203e-08,"ENSG00000243479.4",NA,NA,NA
9.56150864091201,-1.07982592847503,0.448083264025352,0.00281012204254309,0.00744841732864507,"ENSG00000275591.7","XKR5","389610","XK related 5"
73.5267288702309,-1.33496897814424,0.575888943981707,0.000553234264299957,0.00182451359918085,"ENSG00000154319.18","FAM167A","83648","family with sequence similarity 167 member A"
202.830955349986,-1.15420584896388,0.261663472928817,1.17690663726212e-06,6.98578801124681e-06,"ENSG00000120913.26","PDLIM2","64236","PDZ and LIM domain 2"
18.7439303674651,-1.03328404233646,0.363081588785672,0.000856371495130709,0.00266736110410233,"ENSG00000300341.1",NA,NA,NA
331.98923828855,-1.34626146814185,0.162686903355825,1.03272705921477e-17,2.19664606622772e-16,"ENSG00000165046.15","LETM2","137994","leucine zipper and EF-hand containing transmembrane protein 2"
380.73576479921,-1.41590397747752,0.442190332383,5.92853127459556e-05,0.000249179288049981,"ENSG00000077782.25","FGFR1","2260","fibroblast growth factor receptor 1"
28.5693486441725,-1.53829820886532,0.533982604503764,0.000139348913872367,0.000536018857776446,"ENSG00000104237.12","RP1","6101","RP1 axonemal microtubule associated"
84.7346329512373,-2.57746439768914,0.911719770303421,1.04530223700602e-05,5.18815764302214e-05,"ENSG00000198846.8","TOX","9760","thymocyte selection associated high mobility group box"
13.9149675672169,-1.56882118371756,0.384645755394052,5.14558339481478e-06,2.72868093299308e-05,"ENSG00000167912.9","TOX-DT","100505501","TOX divergent transcript"
40.203543646723,-1.07660584170436,0.430908014879847,0.00113471541063801,0.0033918291039831,"ENSG00000253676.1",NA,NA,NA
22.3086905640499,-1.28712948376221,0.353670539736808,3.63279186001379e-05,0.000160795876214904,"ENSG00000279605.1",NA,NA,NA
1776.59631401876,-1.115529046845,0.443741408834628,0.00062394665747871,0.00202523287833702,"ENSG00000261236.10","BOP1","23246","BOP1 ribosomal biogenesis factor"
26.664268192594,-2.53974332435516,0.38322985972216,1.4504021628079e-12,1.89547896208988e-11,"ENSG00000137033.14","IL33","90865","interleukin 33"
3574.02731578728,-1.23328015534674,0.341484391505321,3.17020960752087e-05,0.000142446976566374,"ENSG00000147889.19","CDKN2A","1029","cyclin dependent kinase inhibitor 2A"
2188.87899160941,-1.3285719933908,0.069471598368886,2.4730157302082e-82,1.46678367598233e-79,"ENSG00000165271.19","NOL6","65083","nucleolar protein 6"
1340.94388768536,-1.61075301362934,0.548026545270847,3.56061703901156e-05,0.000157873132140878,"ENSG00000010438.17","PRSS3","5646","serine protease 3"
2947.18814042757,-1.13350708667451,0.143676969410816,3.18667034764342e-16,6.02964950073731e-15,"ENSG00000147955.20","SIGMAR1","10280","sigma non-opioid intracellular receptor 1"
47.5920404936952,-1.34190862358238,0.267157181996193,6.58413916373844e-08,4.81203839071139e-07,"ENSG00000196196.3","HRCT1","646962","histidine rich carboxyl terminus 1"
80.4391051259385,-1.42648841085859,0.213881737016639,4.01570561032867e-12,5.03874664091769e-11,"ENSG00000137142.7","IGFBPL1","347252","insulin like growth factor binding protein like 1"
83.9650044749571,-1.36467503550198,0.336141249001766,2.56849878196263e-06,1.42940525863031e-05,"ENSG00000154529.17","CNTNAP3B","728577","contactin associated protein family member 3B"
26.9107848945126,-1.12625365774881,0.356883901295553,0.000254306022111084,0.000919712281185513,"ENSG00000237357.3","FAM88E","103908605","family with sequence similarity 88 member E"
21.1526297212369,-1.19644281724797,0.284394515213751,3.8833146051211e-06,2.10155070062398e-05,"ENSG00000224437.2","PIGUP1","100422342","phosphatidylinositol glycan anchor biosynthesis class U pseudogene 1"
95.3600095352231,-1.42931929033875,0.361071561942564,3.25707881761838e-06,1.78491160079933e-05,"ENSG00000156345.20","CDK20","23552","cyclin dependent kinase 20"
379.679863508632,-1.32562214187964,0.410969616342118,6.0894161080446e-05,0.000255106997560869,"ENSG00000187764.14","SEMA4D","10507","semaphorin 4D"
49.7763336064466,-1.42638535037542,0.631669636538626,0.000961569979506754,0.00294272090771456,"ENSG00000136918.10","WDR38","401551","WD repeat domain 38"
194.228790575375,-1.04256106228113,0.392310967808178,0.000624286249929065,0.00202548248688326,"ENSG00000187024.17","PTRH1","138428","peptidyl-tRNA hydrolase 1 homolog"
2196.65338881112,-1.23892528929348,0.319643178620545,5.9574782132916e-06,3.11741674676518e-05,"ENSG00000136877.18","FPGS","2356","folylpolyglutamate synthase"
44.6710225211077,-1.73216739115304,0.301278344119998,9.01335811388982e-10,8.7638710891737e-09,"ENSG00000106991.17","ENG","2022","endoglin"
747.161173540228,-1.34329143525792,0.356214411212694,6.45982175361305e-06,3.36429960359564e-05,"ENSG00000136840.21","ST6GALNAC4","27090","ST6 N-acetylgalactosaminide alpha-2,6-sialyltransferase 4"
205.273762905705,-1.50444936152151,0.360579480154186,9.02927701683528e-07,5.47328934263431e-06,"ENSG00000167136.9","ENDOG","2021","endonuclease G"
942.989823227921,-1.36593572362611,0.256118628148021,4.6034493515146e-09,4.07518900400153e-08,"ENSG00000148335.17","NTMT1","28989","N-terminal Xaa-Pro-Lys N-methyltransferase 1"
30.420621998649,-1.48194279393355,0.264755236559477,2.63486318886674e-09,2.42146753489356e-08,"ENSG00000130720.15","FIBCD1","84929","fibrinogen C domain containing 1"
63.9424822543358,-1.20985176510261,0.357907601814004,9.88060587991674e-05,0.00039432925278001,"ENSG00000050555.21","LAMC3","10319","laminin subunit gamma 3"
51.0016860643465,-1.04738362111537,0.539982712902248,0.00612487541903076,0.014496177812972,"ENSG00000148288.15","GBGT1","26301","globoside alpha-1,3-N-acetylgalactosaminyltransferase 1 (FORS blood group)"
1658.51035085747,-1.24447539713969,0.260188272692879,1.11134233373908e-07,7.86508037108323e-07,"ENSG00000122140.15","MRPS2","51116","mitochondrial ribosomal protein S2"
81.6810344375327,-1.08645427936377,0.212424844467777,6.01546863975472e-08,4.42578921248366e-07,"ENSG00000300558.1",NA,NA,NA
162.863625899737,-2.05104647171722,0.192727827397757,1.67799137828937e-27,7.58835925061594e-26,"ENSG00000165716.13","DIPK1B","138311","divergent protein kinase domain 1B"
505.012484080234,-1.02911207620826,0.302529271761128,6.90472188441822e-05,0.000285539598229051,"ENSG00000310560.3","PAXX","286257","PAXX non-homologous end joining factor"
147.552389820935,-1.1275022284885,0.134624652686962,1.03419855784267e-17,2.19674600006775e-16,"ENSG00000197355.13","UAP1L1","91373","UDP-N-acetylglucosamine pyrophosphorylase 1 like 1"
589.261354389231,-1.05063652607457,0.241072063950417,1.48365844676798e-06,8.64682422812135e-06,"ENSG00000188566.17","NDOR1","27158","NADPH dependent diflavin oxidoreductase 1"
16789.1210537296,-1.1091067503778,0.267325431785395,2.8393662780128e-06,1.56938592735611e-05,"ENSG00000188229.8","TUBB4B","10383","tubulin beta 4B class IVb"
615.88601560956,-1.26844084439376,0.317199565705543,3.48605089114471e-06,1.90565015215678e-05,"ENSG00000182154.9","MRPL41","64975","mitochondrial ribosomal protein L41"
243.978679304439,-1.60273995349103,0.525455238489705,3.12167315195141e-05,0.000140347876607122,"ENSG00000151240.20","DIP2C","22982","DIP2 acetate--CoA ligase C (putative)"
1002.10128207171,-1.03449728285015,0.0838233835297028,1.1273009417347e-35,7.83067919932017e-34,"ENSG00000223784.3","LINC00707","100507127","long intergenic non-protein coding RNA 707"
22.4770776664931,-1.08964500861101,0.279848054930951,1.73316556594797e-05,8.19599699248196e-05,"ENSG00000229124.9","VIM-AS1","100507347","VIM antisense RNA 1"
9987.86958057712,-2.42786239641921,0.216390810968191,1.20485059802421e-31,6.88148187856714e-30,"ENSG00000026025.18","VIM","7431","vimentin"
143.895753302031,-1.49705539573019,0.257481087710926,7.50318406249893e-10,7.37454438673014e-09,"ENSG00000095739.13","BAMBI","25805","BMP and activin membrane bound inhibitor"
329.318008844006,-1.1350607792294,0.668829180171215,0.00218119446833136,0.00596492284024435,"ENSG00000165757.10","JCAD","57608","junctional cadherin 5 associated"
44.4459483793212,-1.02232259266013,0.258031567530976,1.31208222909163e-05,6.38485959445316e-05,"ENSG00000229656.10","ITGB1-DT","101929475","ITGB1 divergent transcript"
217.451102339791,-1.74370551615318,0.125037034617897,3.32548585505572e-45,4.03797774573341e-43,"ENSG00000177283.8","FZD8","8325","frizzled class receptor 8"
363.262879752762,-1.70183011073618,0.168565010391886,4.73700004016578e-25,1.81714620943772e-23,"ENSG00000099284.16","MACROH2A2","55506","macroH2A.2 histone"
624.791359195165,-1.12944232129703,0.31378904464339,2.30273852789365e-05,0.000106638230746691,"ENSG00000156521.16","TYSND1","219743","trypsin like peroxisomal matrix peptidase 1"
76.0715747972464,-1.13214381449645,0.384643625197103,0.000469241319789013,0.00157832615356818,"ENSG00000107719.12","PALD1","27143","phosphatase domain containing paladin 1"
1159.6350953414,-1.82523863272981,0.202453472399949,1.67431497129816e-20,4.47480262953015e-19,"ENSG00000107738.22","VSIR","64115","V-set immunoregulatory receptor"
33.7368849402467,-1.6926316461046,0.331895289694059,4.1384465533348e-08,3.1391531873574e-07,"ENSG00000151224.15","MAT1A","4143","methionine adenosyltransferase 1A"
117.370927878399,-4.06877065756138,0.282618703903572,2.31802866499374e-48,3.30984444841375e-46,"ENSG00000138207.17","RBP4","5950","retinol binding protein 4"
1136.79700108102,-1.46538273992049,0.11412705635191,1.20867219742045e-38,1.00750994359031e-36,"ENSG00000052749.16","RRP12","23223","ribosomal RNA processing 12 homolog"
281.381456390297,-1.32461682417962,0.126350178004393,1.48405203288841e-26,6.27001819155402e-25,"ENSG00000095539.18","SEMA4G","57715","semaphorin 4G"
187.630100275875,-1.10607287087934,0.439328608650308,0.000692424078705076,0.0022157857891079,"ENSG00000107821.17","KAZALD1","81621","Kazal type serine peptidase inhibitor domain 1"
794.368435161973,-1.23082366122976,0.277045127710827,5.95007962059841e-07,3.72896386776565e-06,"ENSG00000107833.13","NPM3","10360","nucleophosmin/nucleoplasmin 3"
595.943775780407,-1.07814909036911,0.317944417793428,5.68165098168454e-05,0.000239848726494819,"ENSG00000166189.8","HPS6","79803","HPS6 biogenesis of lysosomal organelles complex 2 subunit 3"
1959.39843326731,-1.09807718560419,0.084531162170287,4.65934347721754e-39,4.03661436866133e-37,"ENSG00000148840.13","PPRC1","23082","PPARG related coactivator 1"
103.7415819693,-1.00965484555829,0.190230655843719,2.52370331139523e-08,1.98257915257391e-07,"ENSG00000138172.13","CALHM2","51063","calcium homeostasis modulator family member 2"
97.1245432011684,-2.49928067041622,0.208521491799604,3.68123278748089e-34,2.43640733114776e-32,"ENSG00000148702.17","HABP2","3026","hyaluronan binding protein 2"
131.03018951518,-2.41093883035846,0.162320135952148,5.91987401117276e-51,9.315344604724e-49,"ENSG00000166033.15","HTRA1","5654","HtrA serine peptidase 1"
1299.08704447578,-4.84211204450646,0.256972252207452,1.852549494704e-80,9.85109164063116e-78,"ENSG00000187908.22","DMBT1","1755","deleted in malignant brain tumors 1"
90.1305957410585,-1.01022248468544,0.225063405957109,1.58868811928751e-06,9.18948217836934e-06,"ENSG00000289039.2",NA,NA,NA
1985.08895668882,-1.59294617076638,0.222747327963828,2.69754474120112e-14,4.20615141092643e-13,"ENSG00000151651.18","ADAM8","101","ADAM metallopeptidase domain 8"
1014.86056646281,-1.35470541637201,0.0779938019750718,2.2438423744767e-68,6.40783208459355e-66,"ENSG00000214063.14","TSPAN4","7106","tetraspanin 4"
1674.66201795974,-1.15283268179528,0.195567296187784,3.99188385761322e-10,4.05525961582697e-09,"ENSG00000181649.10","PHLDA2","7262","pleckstrin homology like domain family A member 2"
33.6637114956706,-2.50248801835151,0.365158443685621,3.04865270522531e-13,4.29737416519923e-12,"ENSG00000250041.4","LOC124902629","124902629","uncharacterized LOC124902629"
1246.29633285542,-2.13139181489703,0.347273556694769,5.14660944776832e-12,6.36965203001888e-11,"ENSG00000175274.21","TP53I11","9537","tumor protein p53 inducible protein 11"
527.446640547029,-1.08992268420472,0.229403986050601,2.14787744176739e-07,1.44829112503257e-06,"ENSG00000181830.11","SLC35C1","55343","solute carrier family 35 member C1"
403.868460571614,-1.0254876827803,0.270349205126753,1.65948519630481e-05,7.90331105998036e-05,"ENSG00000121680.18","PEX16","9409","peroxisomal biogenesis factor 16"
308.341716905665,-1.08495876726027,0.198456908598611,5.48602635553811e-09,4.80136279391335e-08,"ENSG00000175213.5","ZNF408","79797","zinc finger protein 408"
41.0081486500992,-1.3746461946235,0.262293514927526,2.01034470217159e-08,1.61130590707838e-07,"ENSG00000186907.9","RTN4RL2","349667","reticulon 4 receptor like 2"
850.505776665071,-1.41308608981509,0.121173471960054,2.35212647872362e-32,1.41136740966525e-30,"ENSG00000134809.11","TIMM10","26519","translocase of inner mitochondrial membrane 10"
825.515685831557,-2.26459796940454,0.277814656623899,2.84195900209049e-18,6.39793427317335e-17,"ENSG00000134827.8","TCN1","6947","transcobalamin 1"
1587.01040681715,-1.62544564146371,0.0994069312700234,5.60237038592557e-61,1.27050226060821e-58,"ENSG00000110104.14","CCDC86","79080","coiled-coil domain containing 86"
3956.72597701726,-1.00742356690557,0.130808521924158,2.40993753239413e-15,4.20403243066174e-14,"ENSG00000110107.11","PRPF19","27339","pre-mRNA processing factor 19"
3137.41166118724,-1.04796449290789,0.179788865432387,7.24212969101859e-10,7.12705054021682e-09,"ENSG00000110108.13","TMEM109","79073","transmembrane protein 109"
565.380629958993,-1.20796656342776,0.24820200625555,9.55644922505783e-08,6.81952815824233e-07,"ENSG00000204922.7","UQCC3","790955","ubiquinol-cytochrome c reductase complex assembly factor 3"
1116.01686627346,-1.24071259030271,0.123332999581936,1.04408272716653e-24,3.94627444500858e-23,"ENSG00000133316.18","WDR74","54663","WD repeat domain 74"
540.082268503529,-1.11381373722078,0.405640896292533,0.000366778279427593,0.00126789684982132,"ENSG00000176340.5","COX8A","1351","cytochrome c oxidase subunit 8A"
1612.8292727781,-1.25114943907838,0.191366347249124,1.09074919891749e-11,1.30593504631262e-10,"ENSG00000149781.16","FERMT3","83706","FERM domain containing kindlin 3"
49.9602146580279,-1.87811671849152,0.25111307546772,4.86814524023935e-15,8.18665951469259e-14,"ENSG00000256940.6","PPP1R14B-AS1","105369340","PPP1R14B antisense RNA 1"
663.414992007334,-1.1158184910511,0.305652832973302,2.01776381530725e-05,9.42907145328883e-05,"ENSG00000173264.18","GPR137","56834","G protein-coupled receptor 137"
2361.77792891225,-1.53682725993009,0.352637244668417,2.95037165843359e-07,1.94351479473321e-06,"ENSG00000162302.15","RPS6KA4","8986","ribosomal protein S6 kinase A4"
5098.8596779296,-1.14770596404368,0.206181905285766,2.12136493213976e-09,1.97188478713244e-08,"ENSG00000110047.19","EHD1","10938","EH domain containing 1"
351.393275277449,-1.24239658352131,0.166689969004274,1.5747187320342e-14,2.50865057507225e-13,"ENSG00000168062.11","BATF2","116071","basic leucine zipper ATF-like transcription factor 2"
976.867276796847,-1.18336723985551,0.355695333596284,5.03987180869323e-05,0.000215589079505848,"ENSG00000213465.10","ARL2","402","ARF like GTPase 2"
257.561482731011,-1.03899373915251,0.321793066611876,0.000125851455120908,0.000489224928010972,"ENSG00000168061.18","SAC3D1","29901","SAC3 domain containing 1"
257.673213881412,-1.53689511466587,0.278013185640406,1.61547550112889e-09,1.51718926327093e-08,"ENSG00000174276.7","ZNHIT2","741","zinc finger HIT-type containing 2"
582.99885828789,-1.34534236465425,0.230423735687519,3.25405182293319e-10,3.33333131070157e-09,"ENSG00000173465.10","ZNRD2","10534","zinc ribbon domain containing 2"
131.5103902297,-3.24792800496725,0.340825916978761,5.97175085958722e-24,2.11702000013091e-22,"ENSG00000305207.1",NA,NA,NA
1524.20544444024,-1.21223452232721,0.473242241273993,0.000405753085375637,0.00138800317869958,"ENSG00000175602.4","CCDC85B","11007","coiled-coil domain containing 85B"
4398.47329065312,-2.30560676453781,0.197843996982232,3.54199892696549e-33,2.2477845865323e-31,"ENSG00000175592.11","FOSL1","8061","FOS like 1, AP-1 transcription factor subunit"
115.679570451088,-1.85558158478979,0.28471817608129,6.43063200708788e-12,7.90173515388862e-11,"ENSG00000301294.1",NA,NA,NA
2498.47080456669,-1.22478517562449,0.235093081298881,1.33372612080959e-08,1.10103803581396e-07,"ENSG00000175550.9","DRAP1","10589","DR1 associated protein 1"
1114.45201190595,-1.04247068615118,0.378788608562635,0.000463184570657019,0.00156057882108409,"ENSG00000174851.18","YIF1A","10897","Yip1 interacting factor homolog A, membrane trafficking protein"
648.623963443735,-1.74502344237305,0.228159478360375,4.72580104840988e-16,8.81216178567458e-15,"ENSG00000174791.13","RIN1","9610","Ras and Rab interactor 1"
1227.0215304033,-1.48702667082866,0.150863089994944,3.43656188135066e-24,1.2440192669556e-22,"ENSG00000174744.16","BRMS1","25855","BRMS1 transcriptional repressor and anoikis regulator"
1246.04114014439,-1.11360495136747,0.217048256950518,2.84604845500083e-08,2.21997537807627e-07,"ENSG00000254986.10","DPP3","10072","dipeptidyl peptidase 3"
627.722389054221,-1.42919564272559,0.39301289791148,7.32397138122128e-06,3.76602076258131e-05,"ENSG00000173621.11","LRFN4","78999","leucine rich repeat and fibronectin type III domain containing 4"
1638.52616445251,-1.08497132966887,0.311264919398501,4.08233285462147e-05,0.000178036354499767,"ENSG00000175634.17","RPS6KB2","6199","ribosomal protein S6 kinase B2"
3294.68877785287,-1.0381415891915,0.340436023378368,0.000191641811416548,0.000714015069788495,"ENSG00000167792.15","NDUFV1","4723","NADH:ubiquinone oxidoreductase core subunit V1"
23.9073886584816,-2.11951559573003,0.384111316660992,2.66345839062346e-09,2.44628897211461e-08,"ENSG00000132744.10","ACY3","91703","aminoacylase 3"
2880.59561926564,-1.14999387450702,0.425452487030786,0.000338598161311931,0.00118348192329812,"ENSG00000110717.15","NDUFS8","4728","NADH:ubiquinone oxidoreductase core subunit S8"
1099.67432230924,-1.00304248503004,0.223083158915636,9.26858570770483e-07,5.60293454325818e-06,"ENSG00000168040.7","FADD","8772","Fas associated via death domain"
1434.21820479468,-1.01550432309722,0.243423159779776,3.57089624229213e-06,1.94651081485991e-05,"ENSG00000149357.12","LAMTOR1","55004","late endosomal/lysosomal adaptor, MAPK and MTOR activator 1"
35.8644714456645,-1.16685016491524,0.300179382010334,1.6510647085082e-05,7.87050042346368e-05,"ENSG00000186642.17","PDE2A","5138","phosphodiesterase 2A"
43.7801658816038,-1.21982421752218,0.253806239250502,2.18900603959583e-07,1.47473403829651e-06,"ENSG00000298945.1",NA,NA,NA
1236.4942270008,-1.10121283904585,0.269338693613583,3.96027016260611e-06,2.13985025149085e-05,"ENSG00000175591.14","P2RY2","5029","purinergic receptor P2Y2"
16.8509793466852,-1.0768983569743,0.372494902450156,0.000682013435978368,0.00218746447508785,"ENSG00000149380.14","P4HA3","283208","prolyl 4-hydroxylase subunit alpha 3"
528.518696025591,-1.16044045644622,0.187799260650433,1.01132129208682e-10,1.09442706282602e-09,"ENSG00000158555.17","GDPD5","81544","glycerophosphodiester phosphodiesterase domain containing 5"
4022.04429966341,-1.0007181812039,0.0963684773848505,9.32696837053697e-26,3.76521411628405e-24,"ENSG00000149257.18","SERPINH1","871","serpin family H member 1"
39.4887969788049,-2.05659582118261,0.279899838325608,1.47809381016294e-14,2.36203985974328e-13,"ENSG00000293587.2",NA,NA,NA
1517.9079864435,-1.85671713732276,0.546131683013483,8.21996585317533e-06,4.19318866760889e-05,"ENSG00000196611.7","MMP1","4312","matrix metallopeptidase 1"
115.631083712679,-1.11667778195654,0.415466936407035,0.00123713642944602,0.00365616728219375,"ENSG00000137726.19","FXYD6","53826","FXYD domain containing ion transport regulator 6"
5680.31712496454,-1.46339032197148,0.289519258437677,1.73360212042394e-08,1.40778716688033e-07,"ENSG00000188486.4","H2AX","3014","H2A.X variant histone"
633.147868279912,-1.15303714096342,0.0770625595991994,2.88088356837136e-51,4.72618143700583e-49,"ENSG00000184232.11","OAF","220323","out at first homolog"
228.632150145865,-1.48049270286567,0.56432414366352,0.000206108959220986,0.000762756481916685,"ENSG00000023171.22","GRAMD1B","57476","GRAM domain containing 1B"
459.935137972793,-1.55135013961555,0.142365136223462,1.44269452379412e-28,7.0627911909299e-27,"ENSG00000154146.15","NRGN","4900","neurogranin"
92.1321846353334,-1.05028186324991,0.555983982477847,0.00441321611438536,0.0109415121704078,"ENSG00000154134.16","ROBO3","64221","roundabout guidance receptor 3"
280.37083354358,-2.16639525504665,0.235584623179614,1.85412469395651e-21,5.35439267893321e-20,"ENSG00000151715.10","TMEM45B","120224","transmembrane protein 45B"
55.3023497366005,-1.96403108018885,0.609418578293757,1.47233053913547e-05,7.08418385148457e-05,"ENSG00000166106.6","ADAMTS15","170689","ADAM metallopeptidase with thrombospondin type 1 motif 15"
637.859244163472,-1.60960195571314,0.194468135642923,4.57466420891086e-18,1.00238206113275e-16,"ENSG00000197905.11","TEAD4","7004","TEA domain transcription factor 4"
272.199448505527,-1.28132672855222,0.229555952170541,1.89699247806705e-09,1.77294066692557e-08,"ENSG00000250899.3",NA,NA,NA
225.728063909622,-1.23485216543765,0.173989307568804,1.25451246008748e-13,1.84597677929475e-12,"ENSG00000011105.16","TSPAN9","10867","tetraspanin 9"
91.3555465588976,-1.60458175172275,0.380091628013167,1.4439624112355e-06,8.43779626512413e-06,"ENSG00000269968.2",NA,NA,NA
2241.3258829025,-1.03599815587553,0.222421135832238,3.73525455263475e-07,2.42383739795028e-06,"ENSG00000111667.16","USP5","8078","ubiquitin specific peptidase 5"
596.743312766786,-1.31418216319059,0.283729934250669,2.04931184602994e-07,1.38789802273288e-06,"ENSG00000246705.5","H2AJ","55766","H2A.J histone"
2656.78939088396,-1.25458111877759,0.384559987767919,5.2943884192186e-05,0.0002256626971055,"ENSG00000111348.11","ARHGDIB","397","Rho GDP dissociation inhibitor beta"
19.0411768678921,-1.09065329903453,0.277438474085939,1.59765829861935e-05,7.63716324333817e-05,"ENSG00000257718.2",NA,NA,NA
35.9180863286054,-1.29144576432932,0.41608850503813,0.0002246885918458,0.000823022036782442,"ENSG00000177627.12","C12orf54","121273","chromosome 12 open reading frame 54"
63.7977568785683,-1.39144698994553,0.256114082648698,5.85146332550429e-09,5.09229209608361e-08,"ENSG00000258017.4",NA,NA,NA
16380.1117759565,-1.22557061702195,0.167864631236098,3.00903085371813e-14,4.66354420052134e-13,"ENSG00000167553.19","TUBA1C","84790","tubulin alpha 1c"
9.83046623333692,-1.17314887842798,0.573298169963655,0.00438708543386542,0.0108872295583583,"ENSG00000258232.2",NA,NA,NA
23.740608136904,-1.43950614608203,0.546991332862816,0.000747147026141195,0.00236732161292857,"ENSG00000186897.7","C1QL4","338761","complement C1q like 4"
17.0892222862766,-1.12619450402509,0.401272356372281,0.000813538230717674,0.00255053702974358,"ENSG00000135519.10","KCNH3","23416","potassium voltage-gated channel subfamily H member 3"
62.0891174422772,-2.43493565796244,0.374547160652249,3.48030743561534e-12,4.39556273256545e-11,"ENSG00000135472.11","FAIM2","23017","Fas apoptotic inhibitory molecule 2"
201.637910943323,-1.13355024432581,0.238626995705335,2.11025766842611e-07,1.42541758671919e-06,"ENSG00000178449.11","COX14","84987","cytochrome c oxidase assembly factor COX14"
786.314492587673,-1.07681290077818,0.170575608458178,3.74042932694276e-11,4.24306171044706e-10,"ENSG00000170545.19","SMAGP","57228","small cell adhesion glycoprotein"
904.561660322313,-1.21132685403551,0.22272503563172,4.641949587135e-09,4.10401832864103e-08,"ENSG00000123395.16","ATG101","60673","autophagy related 101"
15.378830234745,-1.53630605415125,0.407431073297124,1.68690103721549e-05,8.01902000459313e-05,"ENSG00000257671.1","KRT7-AS","109729127","KRT7 antisense RNA 1"
7939.25422487476,-1.0228623291857,0.348319847814731,0.000339716733048128,0.0011863160643875,"ENSG00000205420.12","KRT6A","3853","keratin 6A"
15067.4177472081,-2.95176773299143,0.226967905713444,3.59822490874477e-40,3.36292280713655e-38,"ENSG00000186081.12","KRT5","3852","keratin 5"
8.82015403775591,-1.03863407030038,0.65898617102587,0.0109259064914776,0.0237374477324706,"ENSG00000170423.14","KRT78","196374","keratin 78"
1960.16646516236,-2.16752722511572,0.109756752761282,3.97597552024338e-88,3.06567592488366e-85,"ENSG00000167779.11","IGFBP6","3489","insulin like growth factor binding protein 6"
1592.06394908564,-1.05087447762734,0.295615071238618,3.18792860461041e-05,0.000143118040790967,"ENSG00000094914.16","AAAS","8086","aladin WD repeat nucleoporin"
606.171746166781,-1.20239625834195,0.272591999032056,7.43613914096501e-07,4.57227678201042e-06,"ENSG00000139546.13","TARBP2","6895","TARBP2 subunit of RISC loading complex"
52.6116739989005,-1.63435202306407,0.389834286606569,1.78582769621825e-06,1.02467585967392e-05,"ENSG00000180818.6","HOXC10","3226","homeobox C10"
120.767969298827,-1.19040774576935,0.350045030646215,9.84285564227533e-05,0.000392924351176619,"ENSG00000250742.7","LINC02381","400043","long intergenic non-protein coding RNA 2381"
133.44570504227,-1.07134176780258,0.164840162551656,1.71213820564116e-11,2.0108821987199e-10,"ENSG00000170439.9","TMT1B","196410","thiol methyltransferase 1B"
11.61986315922,-1.19435883873127,0.464289270901096,0.00143186179110249,0.0041528570021801,"ENSG00000258317.2",NA,NA,NA
66.5654275034955,-1.58985663287927,0.208475113819768,2.36972996345639e-15,4.13857369948596e-14,"ENSG00000111012.13","CYP27B1","1594","cytochrome P450 family 27 subfamily B member 1"
349.589063891832,-1.47914029215944,0.113366602628547,7.64338394239473e-40,7.0159895104565e-38,"ENSG00000037897.19","METTL1","4234","methyltransferase 1, tRNA methylguanosine"
40.3000246836667,-1.23815212479547,0.577776143850327,0.00301810282842703,0.00791398804917076,"ENSG00000257698.4","GIHCG","100506844","GIHCG inhibitor of miR-200b/200a/429 expression"
17.6027426555108,-2.25135518135324,0.317907054499966,1.32182076291061e-13,1.93946698238292e-12,"ENSG00000296964.1",NA,NA,NA
328.526856894271,-1.9700104950473,0.514234514446957,7.04179810275289e-07,4.35411261197082e-06,"ENSG00000135678.14","CPM","1368","carboxypeptidase M"
71.0968990920351,-1.62460749929929,0.285714731830011,1.15986929049556e-09,1.10957471021911e-08,"ENSG00000127324.11","TSPAN8","7103","tetraspanin 8"
81.3871923114892,-1.27927015358793,0.241217512296768,1.76980613476612e-08,1.43341283635653e-07,"ENSG00000139304.16","PTPRQ","374462","protein tyrosine phosphatase receptor type Q"
1001.85937188715,-1.17008916137499,0.247270199220505,2.11653612754663e-07,1.42903255792017e-06,"ENSG00000235162.11","C12orf75","387882","chromosome 12 open reading frame 75"
30.2173752311063,-1.07074296819767,0.352111961270656,0.000427870593865323,0.00145334634977911,"ENSG00000305485.1",NA,NA,NA
472.299708000091,-3.77652000667169,0.257360345623605,4.88367840886017e-50,7.24146199452237e-48,"ENSG00000088992.20","TESC","54997","tescalcin"
12161.7934412691,-1.00452391214654,0.170216860905674,4.83447958580089e-10,4.86635180761329e-09,"ENSG00000089159.19","PXN","5829","paxillin"
13.2580035238591,-1.26178972310796,0.342494932121798,3.43772694643142e-05,0.000152952069362143,"ENSG00000123009.4",NA,NA,NA
201.954955899407,-4.96009912733146,0.53904612081088,2.31700285733536e-21,6.62903544767505e-20,"ENSG00000135100.21","HNF1A","6927","HNF1 homeobox A"
829.653400537028,-1.2850886394327,0.222955816522815,5.90066246219143e-10,5.8857772205339e-09,"ENSG00000276045.5","ORAI1","84876","ORAI calcium release-activated calcium modulator 1"
1032.8823560894,-1.49023811299277,0.116266833561287,1.09114021023883e-38,9.14482238157231e-37,"ENSG00000150990.11","DHX37","57647","DEAH-box helicase 37"
22.815813112054,-2.69780596621794,0.38033750837417,5.39632737883928e-14,8.19869601074685e-13,"ENSG00000249196.7","TMEM132D-AS1","283352","TMEM132D antisense RNA 1"
273.164328780059,-1.70229885773465,0.496108273187071,7.06040278617698e-06,3.64385781009489e-05,"ENSG00000125207.8","PIWIL1","9271","piwi like RNA-mediated gene silencing 1"
1088.60930070894,-1.65601885353172,0.236039551925354,7.86248279624703e-14,1.17601694666271e-12,"ENSG00000184967.9","NOC4L","79050","nucleolar complex associated 4 homolog"
133.046432355609,-2.28537881813273,0.338954478437228,9.65278977545789e-13,1.29214992298035e-11,"ENSG00000182870.15","GALNT9","50614","polypeptide N-acetylgalactosaminyltransferase 9"
16.6072829047388,-1.37363535896801,0.510046261772921,0.000665129693408856,0.0021422232669294,"ENSG00000299274.1",NA,NA,NA
12.2938756726239,-1.79398027718135,0.378808868738241,1.77084187032391e-07,1.21100454466807e-06,"ENSG00000121742.20","GJB6","10804","gap junction protein beta 6"
629.765879441731,-1.1835410270069,0.199815835251926,4.71708126877978e-10,4.76372693162102e-09,"ENSG00000180730.6","SHISA2","387914","shisa family member 2"
49.2731118432538,-2.15886699500911,0.231297733288841,1.02781747142716e-21,3.05394474506325e-20,"ENSG00000139515.7","PDX1","3651","pancreatic and duodenal homeobox 1"
86.2811017771517,-2.08880913089983,0.225722602492245,1.77064786534325e-21,5.1325490096726e-20,"ENSG00000165556.12","CDX2","1045","caudal type homeobox 2"
1724.82978343059,-1.24068510566499,0.0997127963195587,2.09788591991308e-36,1.54054756052284e-34,"ENSG00000198805.14","PNP","4860","purine nucleoside phosphorylase"
981.960495379399,-1.68694288146792,0.299543722834326,3.83836538189847e-10,3.90702525110603e-09,"ENSG00000165804.18","ZNF219","51222","zinc finger protein 219"
1286.153389263,-1.19887107294585,0.305162278891969,5.33750251843108e-06,2.81785779995637e-05,"ENSG00000172590.20","MRPL52","122704","mitochondrial ribosomal protein L52"
4182.82029682672,-1.03236106992592,0.0920579148082488,6.30029536281254e-30,3.32728954760042e-28,"ENSG00000100462.18","PRMT5","10419","protein arginine methyltransferase 5"
2900.8816338489,-1.0883794919508,0.221548649541302,9.96633099747383e-08,7.09232996363839e-07,"ENSG00000100804.21","PSMB5","5693","proteasome 20S subunit beta 5"
146.157430943203,-1.99912526010451,0.45873487760852,1.16494910201933e-07,8.20679767119234e-07,"ENSG00000092068.22","SLC7A8","23428","solute carrier family 7 member 8"
189.827746771084,-1.006054487076,0.189978837795685,2.10027293711727e-08,1.67728166562845e-07,"ENSG00000187630.20","DHRS4L2","317749","dehydrogenase/reductase 4 like 2"
301.523491728514,-1.00924697242164,0.133438244512822,9.81429697505821e-15,1.60154786933728e-13,"ENSG00000100968.15","NFATC4","4776","nuclear factor of activated T cells 4"
11.581810031689,-1.36915628779594,0.438684434349558,0.000267602068640707,0.000961932750701246,"ENSG00000136327.7","NKX2-8","26257","NK2 homeobox 8"
25.5062986848416,-1.2824436058164,0.313814779004541,6.00751784485607e-06,3.14253503003818e-05,"ENSG00000139874.8","SSTR1","6751","somatostatin receptor 1"
18.1359033440663,-1.26104487575634,0.330359677006616,2.05324502111868e-05,9.58906464890101e-05,"ENSG00000307927.1",NA,NA,NA
329.788825650748,-1.54774023478195,0.167656377318936,2.82891498885067e-21,8.01924596379892e-20,"ENSG00000126803.10","HSPA2","3306","heat shock protein family A (Hsp70) member 2"
1461.67861192885,-1.05444176046053,0.156333731303276,1.47550747599204e-12,1.9266554434609e-11,"ENSG00000100558.11","PLEK2","26499","pleckstrin 2"
137.025949609641,-1.28467374041744,0.215351656796134,3.12604789327673e-10,3.21164454112061e-09,"ENSG00000198133.11","TMEM229B","161145","transmembrane protein 229B"
441.549287409251,-1.03767870923755,0.0795098352621647,1.53571690781994e-39,1.38492926523341e-37,"ENSG00000170468.9","RIOX1","79697","ribosomal oxygenase 1"
227.254296756317,-1.01892586196294,0.222496359085487,6.58088150074589e-07,4.08879023460928e-06,"ENSG00000119673.18","ACOT2","10965","acyl-CoA thioesterase 2"
144.554534735985,-1.04754245724655,0.145578219818893,1.19496620202222e-13,1.76171833665245e-12,"ENSG00000063761.18","ADCK1","57143","aarF domain containing kinase 1"
143.971604641517,-1.13724488740538,0.46104139632884,0.00076391689222219,0.00241203161239934,"ENSG00000119714.13","GPR68","8111","G protein-coupled receptor 68"
703.053725788857,-1.12716907450053,0.199611375023249,3.08544720547146e-09,2.80711984398675e-08,"ENSG00000100599.18","RIN3","79890","Ras and Rab interactor 3"
37.1807371639242,-1.08964938843067,0.458312209496088,0.0013853598357757,0.0040362051818434,"ENSG00000100628.14","ASB2","51676","ankyrin repeat and SOCS box containing 2"
12.3778204885325,-1.51299663058593,0.409834355685613,2.53819374063986e-05,0.000116112387049562,"ENSG00000182218.12","HHIPL1","84439","HHIP like 1"
533.945658315898,-1.46900033504167,0.204778374671362,9.13526836058353e-14,1.35848576073827e-12,"ENSG00000196405.15","EVL","51466","Enah/Vasp-like"
28.2352242286833,-1.8211060373601,0.341232192971986,7.95164857346627e-09,6.78596417550766e-08,"ENSG00000197406.8","DIO3","1735","iodothyronine deiodinase 3"
34.6764148608205,-1.0217530239212,0.253772172787014,1.20707883286462e-05,5.91495477648725e-05,"ENSG00000258404.2",NA,NA,NA
828.082564164058,-1.64076067525153,0.164463038628992,9.07335802396485e-25,3.43784408077548e-23,"ENSG00000166166.15","TRMT61A","115708","tRNA methyltransferase 61A"
1343.06503803516,-1.0274691136311,0.268303324256107,1.40250700145419e-05,6.78420968300662e-05,"ENSG00000126215.16","XRCC3","7517","X-ray repair cross complementing 3"
1477.6714711282,-1.02678904674363,0.341694729321756,0.000246032221135862,0.000894404262644065,"ENSG00000184990.15","SIVA1","10572","SIVA1 apoptosis inducing factor"
4275.16933292195,-1.12867644117471,0.099416101443646,1.3946642981704e-30,7.62663763903749e-29,"ENSG00000185567.8","AHNAK2","113146","AHNAK nucleoprotein 2"
545.017368089245,-1.27682001044743,0.209977343736948,1.86682620360217e-10,1.9596948394133e-09,"ENSG00000184887.16","BTBD6","90135","BTB domain containing 6"
619.284248389104,-1.15887417983944,0.327605051485735,2.75766253547683e-05,0.000125482189317168,"ENSG00000185347.21","TEDC1","283643","tubulin epsilon and delta complex 1"
12.1788408396292,-1.55411058919124,0.564217266650675,0.000524969879863928,0.00174285479383889,"ENSG00000034053.17","APBA2","321","amyloid beta precursor protein binding family A member 2"
653.265771022071,-1.31114656785969,0.339063469280727,9.55652394399152e-06,4.79880025204471e-05,"ENSG00000137841.14","PLCB2","5330","phospholipase C beta 2"
30.4998339011706,-1.5451513057866,0.295128411933879,1.86408842737765e-08,1.5026715963717e-07,"ENSG00000140323.7","DISP2","85455","dispatched RND transporter family member 2"
282.558385329452,-1.08970795516229,0.19098822485729,1.59160374102274e-09,1.49568076114026e-08,"ENSG00000166133.20","RPUSD2","27079","RNA pseudouridine synthase domain containing 2"
938.926505794949,-1.10159981842642,0.176105045553775,3.98178669318313e-11,4.50169593809215e-10,"ENSG00000104142.13","VPS18","57617","VPS18 core subunit of CORVET and HOPS complexes"
144.647241997978,-1.371974291205,0.425722318383123,4.16756475184026e-05,0.000181394343884077,"ENSG00000137825.13","ITPKA","3706","inositol-trisphosphate 3-kinase A"
72.3491105315718,-2.38374093845293,0.473871634586652,2.37867599192467e-08,1.87917840530074e-07,"ENSG00000237289.12","CKMT1B","1159","creatine kinase, mitochondrial 1B"
39.6928302801931,-1.62840298887335,0.323680930787149,5.16599489874646e-08,3.8411189649744e-07,"ENSG00000223572.12","CKMT1B","1159","creatine kinase, mitochondrial 1B"
31.0068099967614,-2.4372250494201,0.324928919144965,4.49465582006945e-15,7.60000958347489e-14,"ENSG00000166104.16",NA,NA,NA
105.745537993247,-2.09492567361084,0.382090963241953,4.21524004995206e-10,4.27371576662134e-09,"ENSG00000074410.16","CA12","771","carbonic anhydrase 12"
751.364844413377,-1.05936195828247,0.241871628629775,1.346508177604e-06,7.93750099649516e-06,"ENSG00000128973.15","CLN6","54982","CLN6 transmembrane ER protein"
47.8009498461619,-2.01586534368391,0.359573356911761,1.49021952193333e-09,1.40468675108397e-08,"ENSG00000103647.15","CORO2B","10391","coronin 2B"
60.707864897562,-2.40343804044435,0.371855828835711,2.16619445187279e-12,2.79538783617827e-11,"ENSG00000303314.1",NA,NA,NA
102385.599790563,-1.21617948923262,0.133167056976783,6.18406165196173e-21,1.70903969058964e-19,"ENSG00000067225.23","PKM","5315","pyruvate kinase M1/2"
54.7387183100403,-1.40341350660852,0.210111900252591,3.31965786227317e-12,4.20644567741287e-11,"ENSG00000129038.18","LOXL1","4016","lysyl oxidase like 1"
430.956152630235,-1.57694121517163,0.174681665230844,1.30491074987845e-20,3.50575412436857e-19,"ENSG00000067221.16","STOML1","9399","stomatin like 1"
3309.70409032849,-1.19465488384271,0.189594098503021,2.17060391827378e-11,2.52816337037008e-10,"ENSG00000140464.22","PML","5371","PML nuclear body scaffold"
1360.19374182591,-1.50902884115602,0.218775974734365,2.09363057977857e-13,3.00054620546147e-12,"ENSG00000178718.7","RPP25","54913","ribonuclease P/MRP subunit p25"
782.446489120949,-1.1234768594332,0.211941496895041,1.16534320316015e-08,9.71917660136975e-08,"ENSG00000140365.18","COMMD4","54939","COMM domain containing 4"
691.184099528777,-1.14738855330606,0.132856689431249,8.99387277836335e-19,2.12071119442112e-17,"ENSG00000177971.9","IMP3","55272","IMP U3 small nucleolar ribonucleoprotein 3"
287.207391944319,-1.62576985516394,0.28912713734422,6.32194292694496e-10,6.27353165227917e-09,"ENSG00000103888.19","CEMIP","57214","cell migration inducing hyaluronidase 1"
95.7810161317203,-1.6676276180531,0.207246675015638,9.17243574111284e-17,1.83222968346763e-15,"ENSG00000156218.15","ADAMTSL3","57188","ADAMTS like 3"
786.415614565704,-1.53723553108593,0.149915898029245,1.15090756186504e-25,4.60990792507034e-24,"ENSG00000181026.17","AEN","64782","apoptosis enhancing nuclease"
368.611291312357,-1.21390513378642,0.269838690071678,5.58279066916212e-07,3.51540281376681e-06,"ENSG00000172183.18","ISG20","3669","interferon stimulated exonuclease gene 20"
104.709015662666,-1.29393230816056,0.242241370657889,1.02154828320237e-08,8.58490249333171e-08,"ENSG00000166813.19","KIF7","374654","kinesin family member 7"
28.9577888353098,-2.1257969366017,0.381054297435853,1.48908313097057e-09,1.40447406499677e-08,"ENSG00000166823.7","MESP1","55897","mesoderm posterior bHLH transcription factor 1"
10.787223705841,-1.07094633025931,0.991654315902555,0.00776998912829615,0.0177223786936038,"ENSG00000182511.14","FES","2242","FES proto-oncogene, tyrosine kinase"
246.771240511993,-1.78688743957563,0.731268862943173,6.33371133083765e-05,0.000264517345150539,"ENSG00000154237.14","LRRK1","79705","leucine rich repeat kinase 1"
516.774566952074,-1.10129411604609,0.153963491229402,1.26296381887148e-13,1.85487286198258e-12,"ENSG00000161981.12","SNRNP25","79622","small nuclear ribonucleoprotein U11/U12 subunit 25"
991.799496627366,-1.08702723809395,0.3679181601391,0.000223926999421141,0.000820622209618207,"ENSG00000103152.13","MPG","4350","N-methylpurine DNA glycosylase"
1230.27122161253,-1.14086985520448,0.258569886955971,8.4749360300538e-07,5.16161092098972e-06,"ENSG00000103148.19","NPRL3","8131","NPR3 like, GATOR1 complex subunit"
2318.59586974891,-1.36520292669445,0.324852140097254,1.00239406143508e-06,6.02413048378422e-06,"ENSG00000086504.20","MRPL28","10573","mitochondrial ribosomal protein L28"
1796.91102808364,-1.11407357467575,0.342052527741065,7.40635005542443e-05,0.000304001395274688,"ENSG00000129925.13","PGAP6","58986","post-GPI attachment to proteins 6"
1908.41792282855,-1.45115409302683,0.158713168093046,4.00309574218376e-21,1.12649159562437e-19,"ENSG00000103326.14","CAPN15","6650","calpain 15"
516.793450742705,-1.14910576537488,0.310120632057125,1.62628000009161e-05,7.76675871211296e-05,"ENSG00000007541.19","PIGQ","9091","phosphatidylinositol glycan anchor biosynthesis class Q"
547.861568900439,-1.57343082007005,0.316197738878141,1.64047514760769e-08,1.3363849578055e-07,"ENSG00000172366.22","MCRIP2","84331","MAPK regulated corepressor interacting protein 2"
2003.68143265431,-1.13433049622787,0.304577561016357,1.41600988124827e-05,6.84308629856769e-05,"ENSG00000103266.13","STUB1","10273","STIP1 homology and U-box containing protein 1"
1223.12066494834,-1.06866446379983,0.186627245009468,1.12734227669699e-09,1.08046894027e-08,"ENSG00000161999.15","JMJD8","339123","jumonji domain containing 8"
467.307957190532,-1.17577581814571,0.318339979837604,1.5305646657547e-05,7.34375784399603e-05,"ENSG00000127580.19","WDR24","84219","WD repeat domain 24"
410.054647913853,-1.12503738330152,0.512577636637053,0.00117483783724304,0.00349420245412763,"ENSG00000103260.11","METRN","79006","meteorin, glial cell differentiation regulator"
258.727751970037,-1.19257623609161,0.442129094688858,0.000331017358767157,0.00116093215591274,"ENSG00000103254.12","ANTKMT","65990","adenine nucleotide translocase lysine methyltransferase"
171.055720993314,-1.22082660209341,0.411497566775833,0.000150598066139405,0.000575129464570523,"ENSG00000103253.21","HAGHL","84264","hydroxyacylglutathione hydrolase like"
818.285656084988,-1.5085558413328,0.183811517069525,1.15076346030664e-17,2.42762288938286e-16,"ENSG00000007376.10","RPUSD1","113000","RNA pseudouridine synthase domain containing 1"
1035.23338578332,-1.10912219640592,0.193216933611198,1.06317508158284e-09,1.02278371385458e-08,"ENSG00000127586.19","CHTF18","63922","chromosome transmission fidelity factor 18"
140.933480044695,-1.14996746331789,0.509690297422117,0.00233462443360186,0.00632515248766456,"ENSG00000103227.21","LMF1","64788","lipase maturation factor 1"
51.221495125365,-1.06114531785401,0.465892141868872,0.00338714457881656,0.0087243580701942,"ENSG00000196557.15","CACNA1H","8912","calcium voltage-gated channel subunit alpha1 H"
763.129045997667,-1.23149031996532,0.238459223037867,1.74642492632616e-08,1.41670798468573e-07,"ENSG00000007520.6","TSR3","115939","TSR3 ribosome maturation factor"
140.887063967124,-1.00184846141891,0.15204451204839,9.58488525821015e-12,1.15837394644874e-10,"ENSG00000174109.5","UQCC4","283951","ubiquinol-cytochrome c reductase complex assembly factor 4"
1000.44598415203,-1.01426643845605,0.213305589625771,2.5538139507751e-07,1.70560263901701e-06,"ENSG00000103249.21","CLCN7","1186","Cl-/H+ antiporter 7"
832.571212253755,-1.27327599888715,0.163716265327721,7.12942851399071e-16,1.30264119803615e-14,"ENSG00000100726.17","TELO2","9894","telomere maintenance 2"
1759.97905936791,-1.41979563489789,0.17575977702319,4.49859521190822e-17,9.09211490993927e-16,"ENSG00000074071.17","MRPS34","65993","mitochondrial ribosomal protein S34"
1207.16395134582,-1.6627195486714,0.309130602499591,1.51974918756013e-09,1.42989946439078e-08,"ENSG00000095906.19","NUBP2","10101","NUBP iron-sulfur cluster assembly factor 2, cytosolic"
1514.75344511156,-1.20382433400621,0.141646040802459,1.87115713121782e-18,4.28117420185608e-17,"ENSG00000140990.17","NDUFB10","4716","NADH:ubiquinone oxidoreductase subunit B10"
11.8446628134028,-1.11590851483921,0.368076135986938,0.000415510065883303,0.00141729279495386,"ENSG00000255198.7",NA,NA,NA
1815.16675604776,-1.64582919687601,0.256826789055877,3.66959784513445e-12,4.63012359897366e-11,"ENSG00000183751.18","TBL3","10607","transducin beta like 3"
1588.89097006346,-1.498067063143,0.295507521328545,1.20486341212267e-08,1.0021682135029e-07,"ENSG00000167965.20","MLST8","64223","MTOR associated protein MLST8"
569.862955242658,-1.03292519168606,0.111491408955506,3.88668032630417e-21,1.09573121228403e-19,"ENSG00000184207.10","PGP","283871","phosphoglycolate phosphatase"
859.321573315375,-1.12152382998411,0.342729236491787,7.34834972510351e-05,0.000301781361147327,"ENSG00000167969.15","ECI1","1632","enoyl-CoA delta isomerase 1"
1771.08899318307,-1.16047983022935,0.193422788486627,1.84188151162133e-10,1.93617278736963e-09,"ENSG00000162063.15","CCNF","899","cyclin F"
333.691406564884,-1.31599985871588,0.197459685825184,2.25029029234165e-12,2.8990581953384e-11,"ENSG00000162062.17","TEDC2","80178","tubulin epsilon and delta complex 2"
1293.46497301238,-1.04271939155916,0.122452492838762,2.62958625526588e-18,5.93716685833897e-17,"ENSG00000167977.11","KCTD5","54442","potassium channel tetramerization domain containing 5"
1916.83203996886,-1.09761663057067,0.299947076726153,1.98890078338604e-05,9.31395049517041e-05,"ENSG00000103363.18","ELOB","6923","elongin B"
839.090156199329,-3.69986850008529,1.01298718263253,3.38739259384648e-09,3.05658169629647e-08,"ENSG00000007038.13","PRSS21","10942","serine protease 21"
856.055654036714,-1.09075597864684,0.303126617013811,2.72915726349982e-05,0.000124295139280658,"ENSG00000059122.19","FLYWCH1","84256","FLYWCH-type zinc finger 1"
941.631263015362,-1.36697563732087,0.155739247426851,1.32689175545456e-19,3.32175288325727e-18,"ENSG00000127564.19","PKMYT1","9088","protein kinase, membrane associated tyrosine/threonine 1"
4192.20996684779,-1.6081322276467,0.221786369856073,1.76541380156208e-14,2.80664394163803e-13,"ENSG00000006327.16","TNFRSF12A","51330","TNF receptor superfamily member 12A"
5030.32483342234,-1.39552768221822,0.229200654788999,5.34137868037097e-11,5.93867344124014e-10,"ENSG00000126602.13","TRAP1","10131","TNF receptor associated protein 1"
423.231046071982,-1.04069775444572,0.126410423107159,4.34062093318726e-17,8.78434585442004e-16,"ENSG00000090447.14","TFAP4","7023","transcription factor AP-4"
17.9045669250301,-2.18653160048097,0.389798688829032,1.01158881273596e-09,9.76202195319223e-09,"ENSG00000262712.1",NA,NA,NA
1355.46717177652,-1.1490554053469,0.112715805114624,4.10186331420393e-25,1.58533418968268e-23,"ENSG00000103415.14","HMOX2","3163","heme oxygenase 2"
460.400021345996,-1.12865666714254,0.216185266904743,1.9824943209921e-08,1.59146511837684e-07,"ENSG00000089486.19","CDIP1","29965","cell death inducing p53 target 1"
290.433444322207,-1.08782912033327,0.169638624655126,2.07882614647963e-11,2.42309735486488e-10,"ENSG00000153443.15","UBALD1","124402","UBA like domain containing 1"
340.060873706149,-1.53959936598556,0.280388874203303,1.51438429549106e-09,1.42572162519949e-08,"ENSG00000168101.17","NUDT16L1","84309","nudix hydrolase 16 like 1"
214.293763226744,-1.08721026010386,0.137809581673937,5.53762670012998e-16,1.01904225945948e-14,"ENSG00000103174.15","NAGPA","51172","N-acetylglucosamine-1-phosphodiester alpha-N-acetylglucosaminidase"
633.508645507866,-1.27209584679854,0.0706014075563569,1.68462131322872e-73,6.49463631782504e-71,"ENSG00000033011.16","ALG1","56052","ALG1 chitobiosyldiphosphodolichol beta-mannosyltransferase"
193.896612182649,-1.51997189673694,0.18277365256838,6.16837904404495e-18,1.34164419235849e-16,"ENSG00000118894.17","EEF2KMT","196483","eukaryotic elongation factor 2 lysine methyltransferase"
692.643942002591,-1.05407350391048,0.237397079247026,1.03045310877984e-06,6.17591037329727e-06,"ENSG00000140650.15","PMM2","5373","phosphomannomutase 2"
100.217465655923,-1.39781890134466,0.225821683245963,5.165692675544e-11,5.75995276569516e-10,"ENSG00000185338.9","SOCS1","8651","suppressor of cytokine signaling 1"
22.3293095281637,-2.41964003947932,0.394703982384255,1.12547859225978e-10,1.21116576212409e-09,"ENSG00000103316.14","CRYM","1428","crystallin mu"
19.0202208021963,-1.32491326466461,0.312308331616463,3.03999146722055e-06,1.67487346966803e-05,"ENSG00000260136.7","LOC124903667","124903667","uncharacterized LOC124903667"
3874.3995809143,-1.2237350865499,0.19566732668378,3.03309575296411e-11,3.48016142905205e-10,"ENSG00000166851.17","PLK1","5347","polo like kinase 1"
67.0870008933016,-1.39241379558485,0.257303776806262,6.04616610015635e-09,5.24776829696637e-08,"ENSG00000155666.14","KDM8","79831","lysine demethylase 8"
1788.2511294243,-1.05047651489786,0.0522064836733057,1.11701255992091e-90,1.01326180509061e-87,"ENSG00000077238.16","IL4R","3566","interleukin 4 receptor"
262.149586417077,-1.21335166961575,0.0887216692933365,2.52397275073698e-43,2.78015598493678e-41,"ENSG00000176476.11","SGF29","112869","SAGA complex associated factor 29"
5714.84408271717,-1.31728214611097,0.225157935915254,2.87228521719439e-10,2.96079614534456e-09,"ENSG00000178952.13","TUFM","7284","Tu translation elongation factor, mitochondrial"
17.8878932546431,-1.74397060719018,0.284655737509091,1.11029003906929e-10,1.19565521595584e-09,"ENSG00000260442.8","ATP2A1-AS1","100289092","ATP2A1 antisense RNA 1"
314.431636530953,-1.26296032662094,0.142742465628366,1.03718080997167e-19,2.61773572349806e-18,"ENSG00000177548.15","RABEP2","79874","rabaptin, RAB GTPase binding effector protein 2"
2768.40617658362,-1.04165512748543,0.244513713254901,2.21827792290444e-06,1.25212532390591e-05,"ENSG00000079616.16","KIF22","3835","kinesin family member 22"
133.565794971713,-1.12058878913569,0.265725088994913,2.76865642867237e-06,1.5319501538054e-05,"ENSG00000174939.13","ASPHD1","253982","aspartate beta-hydroxylase domain containing 1"
520.19288003716,-1.04453742830886,0.0752501383093988,1.83666398450645e-44,2.12956355677248e-42,"ENSG00000149929.18","HIRIP3","8479","HIRA interacting protein 3"
1303.74176313053,-1.09373185053458,0.124393274912546,2.09290224282139e-19,5.13110421089804e-18,"ENSG00000169217.11","CD2BP2","10421","CD2 cytoplasmic tail binding protein 2"
263.159218814767,-1.0287062746181,0.177058808306227,9.86896098396854e-10,9.53248192904177e-09,"ENSG00000180035.14","ZNF48","197407","zinc finger protein 48"
829.749536283078,-1.38077826589035,0.108313606086936,3.35193712379425e-38,2.70629436576079e-36,"ENSG00000179958.11","DCTPP1","79077","dCTP pyrophosphatase 1"
2548.87828336107,-1.08202432577064,0.137463479013767,3.68209510179951e-16,6.94151449448046e-15,"ENSG00000103549.24","RNF40","9810","ring finger protein 40"
469.797946119376,-1.05657561101104,0.229995371094869,5.34507980445857e-07,3.37398590522127e-06,"ENSG00000099385.14","BCL7C","9274","BAF chromatin remodeling complex subunit BCL7C"
216.915220482086,-1.18576606395548,0.222670845998344,1.03492742620715e-08,8.68786926485597e-08,"ENSG00000167394.15","ZNF668","79759","zinc finger protein 668"
25.0202755349574,-1.09422805680275,0.243867078595542,1.4279183050494e-06,8.3598816181347e-06,"ENSG00000178226.13","PRSS36","146547","serine protease 36"
244.59817699613,-1.6890857347536,0.10063604326946,3.13467211824917e-64,8.05662978925341e-62,"ENSG00000140691.19","ARMC5","79798","armadillo repeat containing 5"
427.229993853692,-1.42291505780538,0.554032626416992,0.000181205375586669,0.00068022592427508,"ENSG00000140682.21","TGFB1I1","7041","transforming growth factor beta 1 induced transcript 1"
14.1769683076102,-1.07898921729715,0.359576076828601,0.000465727370802698,0.00156846075238008,"ENSG00000260781.2","ARHGAP23P1","102577425","Rho GTPase activating protein 23 pseudogene 1"
38.196390892603,-1.29448517401724,0.314699284285458,3.79352021389484e-06,2.0605803176637e-05,"ENSG00000261461.1",NA,NA,NA
9695.47198119299,-1.78738128454019,0.132730371270971,1.85475040961511e-42,1.91960443400501e-40,"ENSG00000125148.9","MT2A","4502","metallothionein 2A"
90.099116730778,-2.56871607683055,0.285845203392584,3.36753386340088e-20,8.81676395713158e-19,"ENSG00000205362.13","MT1A","4489","metallothionein 1A"
146.739241904429,-1.14788058841125,0.156363121031042,3.23247288602326e-14,4.99478600955558e-13,"ENSG00000187193.11","MT1X","4501","metallothionein 1X"
1586.36755095972,-1.05550371634996,0.0673314144792571,4.17541580967752e-56,7.75772134952253e-54,"ENSG00000102900.15","NUP93","9688","nucleoporin 93"
591.003092556383,-1.30594437105316,0.168289588774978,6.83518401155929e-16,1.25294655968204e-14,"ENSG00000140854.15","KATNB1","10300","katanin regulatory subunit B1"
1862.4752238103,-1.20791589154995,0.109769823213816,4.10740365321011e-29,2.06994352078932e-27,"ENSG00000140859.18","KIFC3","3801","kinesin family member C3"
478.901526701005,-1.01325550053874,0.232330891854349,1.55478635136545e-06,9.006897191738e-06,"ENSG00000181938.16","GINS3","64785","GINS complex subunit 3"
3533.31275077856,-1.23056120098246,0.0727293168184011,1.64949174340251e-65,4.31132409745935e-63,"ENSG00000125166.15","GOT2","2806","glutamic-oxaloacetic transaminase 2"
673.192102239221,-1.2485774998982,0.176853528744666,1.84158455734311e-13,2.65660200737026e-12,"ENSG00000140931.22","CMTM3","123920","CKLF like MARVEL transmembrane domain containing 3"
673.843043928328,-1.05778884717441,0.279346909433328,1.57694553613828e-05,7.54985318621185e-05,"ENSG00000166595.13","CIAO2B","51647","cytosolic iron-sulfur assembly component 2B"
2148.77269938399,-1.05971090236656,0.0916240829108514,1.13169745259185e-31,6.48769755257207e-30,"ENSG00000205250.11","E2F4","1874","E2F transcription factor 4"
385.153868790762,-1.20346637524912,0.135478154690056,9.81712154235022e-20,2.48180051318988e-18,"ENSG00000168701.20","TMEM208","29100","transmembrane protein 208"
60.6609209627175,-1.14209964383099,0.147715047866497,1.96230758495022e-15,3.43872105312698e-14,"ENSG00000176387.9","HSD11B2","3291","hydroxysteroid 11-beta dehydrogenase 2"
1538.23974420659,-1.4404054042605,0.134893953888152,9.01185477011349e-28,4.14841231074388e-26,"ENSG00000159720.15","ATP6V0D1","9114","ATPase H+ transporting V0 subunit d1"
1056.49977265522,-1.11868951992348,0.206503552156839,6.28007240485095e-09,5.43462382464683e-08,"ENSG00000039523.22","RIPOR1","79567","RHO family interacting cell polarization regulator 1"
14.4173023988758,-1.01790735455142,0.533943624660523,0.00577574283846363,0.0137726504270833,"ENSG00000159753.16","CARMIL2","146206","capping protein regulator and myosin 1 linker 2"
611.302403174634,-1.12412151683848,0.220699136734927,3.52506478005557e-08,2.70717250862734e-07,"ENSG00000102977.20","ACD","65057","ACD shelterin complex subunit and telomerase recruitment factor"
791.349042122806,-1.07687493556501,0.261278801129532,3.66275409151634e-06,1.99306036856999e-05,"ENSG00000159792.11","PSKH1","5681","protein serine kinase H1"
302.398512986307,-1.07420072655817,0.112194024907208,1.95441263246698e-22,6.08868630409563e-21,"ENSG00000167264.20","DUS2","54920","dihydrouridine synthase 2"
292.192123909705,-1.37180360864008,0.0887355076563073,8.26046568912127e-55,1.51648382609451e-52,"ENSG00000182810.7","DDX28","55794","DEAD-box helicase 28"
403.534691691173,-1.04987573801746,0.20077572721889,2.09778917423004e-08,1.67616615833168e-07,"ENSG00000103066.15","PLA2G15","23659","phospholipase A2 group XV"
624.326122857078,-1.14273217562266,0.11644327585304,1.42599358131997e-23,4.85435916501884e-22,"ENSG00000132600.20","PRMT7","54496","protein arginine methyltransferase 7"
11.0552376343006,-1.38578490517089,0.335546860386136,5.14893532739295e-06,2.72951982412261e-05,"ENSG00000260290.2",NA,NA,NA
1290.28729137807,-1.27027622967805,0.113282225410989,3.50234956795486e-30,1.89507833990989e-28,"ENSG00000103043.17","VAC14","55697","VAC14 component of PIKFYVE complex"
200.837969996277,-1.85527699978397,0.273174417705656,9.28627380351179e-13,1.24633270952093e-11,"ENSG00000172137.21","CALB2","794","calbindin 2"
269.473113769641,-1.00469224295704,0.111452009938332,4.63808050409282e-20,1.20208133535488e-18,"ENSG00000102967.14","DHODH","1723","dihydroorotate dehydrogenase (quinone)"
456.239728408637,-1.41886131849217,0.148112427774574,1.04963385525216e-22,3.30334769017215e-21,"ENSG00000103089.11","FA2H","79152","fatty acid 2-hydroxylase"
2614.82234327837,-1.46545816560703,0.189472301518656,5.23949942773831e-16,9.68804804258423e-15,"ENSG00000050820.19","BCAR1","9564","BCAR1 scaffold protein, Cas family member"
101.736098395987,-1.03306454852412,0.223403787756332,5.33761670802648e-07,3.37065467872548e-06,"ENSG00000186153.20","WWOX","51741","WW domain containing oxidoreductase"
247.451963970936,-1.2934894357041,0.167493722648509,1.63182948872248e-15,2.88583056715474e-14,"ENSG00000140961.16","OSGIN1","29948","oxidative stress induced growth inhibitor 1"
514.90041299915,-1.00286644435431,0.0952367988293194,1.3076255760082e-26,5.5858432154079e-25,"ENSG00000064270.16","ATP2C2","9914","ATPase secretory pathway Ca2+ transporting 2"
13713.4959488918,-1.43680883768245,0.124249306096434,4.80077939155487e-32,2.8149360835425e-30,"ENSG00000103187.9","COTL1","23406","coactosin like F-actin binding protein 1"
377.096841310628,-1.29156053349747,0.0899535274143075,1.46073722306645e-47,1.9934538687529e-45,"ENSG00000154102.12","CLMB","404550","calcimembrin"
471.875656383964,-1.04883416163094,0.0907566946737018,1.45620667894724e-31,8.25594235148726e-30,"ENSG00000131148.11","EMC8","10328","ER membrane protein complex subunit 8"
228.132215794878,-1.8052810422602,0.185144402652975,1.8410938351775e-23,6.17206696353745e-22,"ENSG00000176692.8","FOXC2","2303","forkhead box C2"
422.083390467826,-1.27312383505024,0.172088541526554,1.27471204284012e-14,2.05405793235501e-13,"ENSG00000176678.7","FOXL1","2300","forkhead box L1"
473.567152476058,-1.12769703541777,0.0953394270400783,5.18492011661376e-33,3.26353686197146e-31,"ENSG00000103264.20","FBXO31","79791","F-box protein 31"
105.514828495157,-1.52544514997523,0.225774008081278,1.00526638251999e-12,1.34218293375245e-11,"ENSG00000179588.10","ZFPM1","161882","zinc finger protein, FOG family member 1"
5229.71531163048,-1.33290229049582,0.315952120507016,1.05568919972281e-06,6.31488873115804e-06,"ENSG00000051523.14","CYBA","1535","cytochrome b-245 alpha chain"
1141.6728348385,-1.03988157694697,0.391415502394073,0.000568645242688606,0.00186894251651769,"ENSG00000167508.14","MVD","4597","mevalonate diphosphate decarboxylase"
412.808689349305,-1.67360175805444,0.239361359641904,9.19572423543537e-14,1.36615860727022e-12,"ENSG00000174177.15","CTU2","348180","cytosolic thiouridylase subunit 2"
1912.18243692874,-1.58310269586471,0.230367487258037,2.20619066543648e-13,3.14814346253289e-12,"ENSG00000167513.11","CDT1","81620","chromatin licensing and DNA replication factor 1"
2004.63429524096,-1.44428665644221,0.257657450755074,8.21349424225024e-10,8.03172445844902e-09,"ENSG00000198931.13","APRT","353","adenine phosphoribosyltransferase"
582.782723707041,-1.07134506219979,0.071921721767061,5.8027574187028e-51,9.22518785090885e-49,"ENSG00000141012.15","GALNS","2588","galactosamine (N-acetyl)-6-sulfatase"
8.52570686034699,-2.33724030034366,0.561458038964079,1.44255870271448e-06,8.4327891412282e-06,"ENSG00000261253.3","LOC100287036","100287036","uncharacterized LOC100287036"
2333.61260453476,-1.07125442609957,0.246617111717197,1.50136444211229e-06,8.73156566146591e-06,"ENSG00000131165.18","CHMP1A","5119","charged multivesicular body protein 1A"
203.147475839114,-3.04698913259416,1.88440886398124,4.0398474679502e-06,2.17674660388749e-05,"ENSG00000261373.1","VPS9D1-AS1","100128881","VPS9D1 antisense RNA 1"
772.518052814835,-1.08985458918405,0.167513020759977,1.08014423441595e-11,1.29524916321371e-10,"ENSG00000140995.19","DEF8","54849","differentially expressed in FDCP 8 homolog"
403.681980800409,-1.03768693108303,0.201369191822145,3.46425638530429e-08,2.6644537515101e-07,"ENSG00000167716.20","WDR81","124997","WD repeat domain 81"
282.947883633883,-1.02176097530255,0.167730594265019,1.77668034310472e-10,1.87530373518261e-09,"ENSG00000108963.20","DPH1","1801","diphthamide biosynthesis 1"
2866.34887678354,-1.24247533096965,0.198845253256033,2.79695514644185e-11,3.22843153542513e-10,"ENSG00000132361.20","CLUH","23277","CLUH binding protein of NUMT mRNA"
40.3165976135973,-1.0823913122322,0.33389165937801,0.000158812889118787,0.000602621447613391,"ENSG00000083454.25","P2RX5","5026","purinergic receptor P2X 5"
36.5316209290891,-1.38258653085671,0.266226097266753,2.71144226978069e-08,2.1246519940187e-07,"ENSG00000182557.9","SPNS3","201305","SPNS lysolipid transporter 3, sphingosine-1-phosphate (putative)"
1388.06946028345,-1.02781033434084,0.121275893387324,4.12772998039937e-18,9.10639828723013e-17,"ENSG00000132382.17","MYBBP1A","10514","MYB binding protein 1a"
1443.73930649716,-1.0089210642115,0.194002741604764,2.66413244853855e-08,2.09076776025002e-07,"ENSG00000142507.12","PSMB6","5694","proteasome 20S subunit beta 6"
24.5040000232783,-1.02168884348011,0.32916014646617,0.000331458226563082,0.00116168575268848,"ENSG00000234327.11","ZNF232-AS1","101928000","ZNF232 antisense RNA 1"
120.677011506356,-3.43776932298062,0.263563403570523,4.35745798526721e-41,4.36339997342894e-39,"ENSG00000179314.19","WSCD1","23302","WSC domain containing 1"
43.0913046745869,-1.11052814666172,0.294440978179128,2.07878390565872e-05,9.69659002092051e-05,"ENSG00000233223.6","MPDU1-AS1","100996842","MPDU1 antisense RNA 1"
1078.54589883713,-1.38168402016442,0.161826244874003,1.05701692588747e-18,2.47348376541891e-17,"ENSG00000129255.18","MPDU1","9526","mannose-P-dolichol utilization defect 1"
352.692658674945,-1.16535728433989,0.20319538229096,1.02872879435731e-09,9.92121747203509e-09,"ENSG00000141499.20","WRAP53","55135","WD repeat containing antisense to TP53"
32.2251332827048,-1.86141232185462,0.264167794176863,2.02404589251541e-13,2.90892932977448e-12,"ENSG00000179148.11","ALOXE3","59344","arachidonate epidermal lipoxygenase 3"
914.205044835198,-1.21792991030186,0.0691941040322521,4.35642933276854e-70,1.4293722710771e-67,"ENSG00000178921.16","PFAS","5198","phosphoribosylformylglycinamidine synthase"
486.74402976053,-1.623585891536,0.390770725146423,2.68175232055599e-06,1.48867179752678e-05,"ENSG00000187688.16","TRPV2","51393","transient receptor potential cation channel subfamily V member 2"
310.155975728414,-1.07302851066143,0.406820550723263,0.000576692845500013,0.00189001132474389,"ENSG00000133027.20","PEMT","10400","phosphatidylethanolamine N-methyltransferase"
18.5503474055181,-1.58449556119812,0.385929471916823,4.00214107866576e-06,2.15869246499142e-05,"ENSG00000171916.19","LGALS9C","654346","galectin 9C"
31.6382593488312,-1.38951355326601,0.329715002542452,2.08032474393273e-06,1.17867118607836e-05,"ENSG00000224126.2",NA,NA,NA
1497.7194872769,-1.97699543854798,0.409294008651131,1.41876005751836e-08,1.16437992799311e-07,"ENSG00000108602.20","ALDH3A1","218","aldehyde dehydrogenase 3 family member A1"
64.8916739972495,-1.01425114421538,0.222864629298946,1.19948453613952e-06,7.10885896687455e-06,"ENSG00000170298.18","LGALS9B","284194","galectin 9B"
1849.43872717824,-1.19130628695029,0.347352557539047,3.62521158835531e-05,0.000160506425219716,"ENSG00000034152.22","MAP2K3","5606","mitogen-activated protein kinase kinase 3"
1391.43296952324,-1.23486694437283,0.429569997985128,0.000340944845718584,0.00118925819177252,"ENSG00000109113.22","RAB34","83871","RAB34, member RAS oncogene family"
14.5435371530397,-1.49453784557202,0.440480205168263,7.33103156809829e-05,0.000301150340467884,"ENSG00000264577.1",NA,NA,NA
584.074632117054,-1.06491581495924,0.263240137750865,5.70974057131817e-06,2.99591389419182e-05,"ENSG00000073536.20","NLE1","54475","notchless homolog 1"
20.4524639386247,-1.64494377441689,0.316263435878356,2.24935187239217e-08,1.78616144305662e-07,"ENSG00000271503.8","CCL5","6352","C-C motif chemokine ligand 5"
167.678855771393,-1.67500099718436,0.168781675808116,2.08380621485923e-24,7.72460952868851e-23,"ENSG00000278619.7","MRM1","79922","mitochondrial rRNA methyltransferase 1"
799.436020076033,-1.01466395006323,0.179668779231323,3.65534222178103e-09,3.28108454028435e-08,"ENSG00000275410.8","HNF1B","6928","HNF1 homeobox B"
5640.17929458238,-1.20709857525779,0.123785340734896,2.05994890776271e-23,6.84622243676912e-22,"ENSG00000275832.6","ARHGAP23","57636","Rho GTPase activating protein 23"
1202.70039020813,-1.17756870154081,0.332103904275443,2.50829784565169e-05,0.000114949364272793,"ENSG00000277972.4","CISD3","284106","CDGSH iron sulfur domain 3"
45.0357628254926,-1.56995428921123,0.38182266809934,2.30383290429634e-06,1.29647370557036e-05,"ENSG00000299210.1",NA,NA,NA
422.735170419613,-1.2980105681547,0.823232129327135,0.00109786851902287,0.00329189780903201,"ENSG00000279806.1",NA,NA,NA
9003.17733435713,-1.55755012545413,0.129855703142049,2.04387247144389e-34,1.38848270405887e-32,"ENSG00000131746.15","TNS4","84951","tensin 4"
24.2230958485435,-2.17346453220008,0.502823217650505,1.28878376245483e-06,7.62345009620866e-06,"ENSG00000171431.6","KRT20","54474","keratin 20"
965.238869341992,-1.55404779603979,0.87171835444283,0.000370835815363563,0.00128020127797661,"ENSG00000171401.17","KRT13","3860","keratin 13"
34.9582390265154,-1.07591411199876,0.377979391689751,0.00056165757496719,0.00184794569310199,"ENSG00000186832.10","KRT16","3868","keratin 16"
9689.56237070265,-2.09114483185339,0.500213778276484,1.74439345478571e-07,1.19477908337891e-06,"ENSG00000128422.20","KRT17","3872","keratin 17"
55.6880147529446,-1.68706588303443,0.375920508430976,6.4352443758788e-07,4.00152836775915e-06,"ENSG00000108830.13","RND2","8153","Rho family GTPase 2"
2036.23793034224,-1.15204065442668,0.277670575663097,2.56394769839886e-06,1.42839016271844e-05,"ENSG00000141349.12","G6PC3","92579","glucose-6-phosphatase catalytic subunit 3"
225.866093677141,-1.77519562523358,0.283046335870141,8.90048196465862e-12,1.08074277462205e-10,"ENSG00000184922.17","FMNL1","752","formin like 1"
27.2357724328079,-1.23607555996252,0.34664205385491,5.08339110040261e-05,0.000217269884033561,"ENSG00000141294.11","LRRC46","90506","leucine rich repeat containing 46"
3364.21555797931,-1.20440569351163,0.112290615737477,1.40267602513671e-27,6.39960561645951e-26,"ENSG00000170689.11","HOXB9","3219","homeobox B9"
262.940956083004,-1.05559055597716,0.13402577567065,6.86374670389746e-16,1.25558526596445e-14,"ENSG00000272763.2","LINC03057","127379715","long intergenic non-protein coding RNA 3057"
1214.71234272725,-1.34666497177077,0.204007775371853,2.34906401551791e-12,3.02378265303019e-11,"ENSG00000159199.16","ATP5MC1","516","ATP synthase membrane subunit c locus 1"
33.817817572676,-1.15144395856977,0.243806496884943,3.76255399181935e-07,2.43746731752928e-06,"ENSG00000276851.1",NA,NA,NA
300.47195658259,-1.71774456052423,0.11600190593195,1.08549662309024e-50,1.67394434246746e-48,"ENSG00000167105.10","TMEM92","162461","transmembrane protein 92"
1573.67279685614,-1.04133237972728,0.110547278033183,8.61203071347774e-22,2.56382481916101e-20,"ENSG00000239672.10","NME1","4830","NME/NM23 nucleoside diphosphate kinase 1"
86.566795138372,-1.36756935178076,0.301357034250944,5.79215647663454e-07,3.63573976831128e-06,"ENSG00000011028.15","MRC2","9902","mannose receptor C-type 2"
151.440517414255,-1.02868643368555,0.205871550816889,1.10617578643962e-07,7.8321105613799e-07,"ENSG00000136463.11","TACO1","51204","translational activator of cytochrome c oxidase I"
2518.29730470726,-1.20997281911455,0.163449717234741,1.2260480253252e-14,1.98095394495062e-13,"ENSG00000108604.20","SMARCD2","6603","SWI/SNF related BAF chromatin remodeling complex subunit D2"
12.933879174291,-1.75357331258774,0.447537307437682,7.68846305679798e-06,3.94292613232064e-05,"ENSG00000007312.16","CD79B","974","CD79b molecule"
24.8829166698353,-1.31590954382831,0.340963595527219,1.47280952810497e-05,7.08427814501145e-05,"ENSG00000007314.12","SCN4A","6329","sodium voltage-gated channel alpha subunit 4"
458.427303133179,-1.61951992210533,0.169501061570383,6.73240518529519e-23,2.1612172866541e-21,"ENSG00000108622.13","ICAM2","3384","intercellular adhesion molecule 2"
82.9182479026062,-1.72284112291409,0.715055069313982,0.000135984974292013,0.00052491221240479,"ENSG00000141540.13","TTYH2","94015","tweety family member 2"
502.46103594346,-1.162022652009,0.168414290077644,6.30681786884486e-13,8.57649368213903e-12,"ENSG00000109066.16","SLC38A12","54868","solute carrier family 38 member 12"
1012.50501429185,-1.09010811481083,0.330065380000109,7.51071015497549e-05,0.000307957089337615,"ENSG00000125458.9","NT5C","30833","5', 3'-nucleotidase, cytosolic"
3931.61739794108,-1.03080145243675,0.0991709780457318,4.6634899912786e-26,1.92287912180501e-24,"ENSG00000189159.18","JPT1","51155","Jupiter microtubule associated homolog 1"
372.986333896752,-1.32815941415026,0.124214781920058,1.7611430835491e-27,7.94110745362883e-26,"ENSG00000125454.14","SLC25A19","60386","solute carrier family 25 member 19"
481.690541693961,-1.01173097846853,0.188325964803618,1.14933933274418e-08,9.59088844710392e-08,"ENSG00000182173.16","TSEN54","283989","tRNA splicing endonuclease subunit 54"
23.7573803279776,-1.50461051456326,0.452300754195854,8.68011052286622e-05,0.000351235855085594,"ENSG00000259120.5","ERLN","100130933","endoregulin"
392.739367077068,-1.08840620269494,0.468432595995334,0.00109272437103683,0.00327944377070533,"ENSG00000108479.15","GALK1","2584","galactokinase 1"
5543.86047069986,-1.30448221926146,0.207206852446346,1.87098447725614e-11,2.19410278507733e-10,"ENSG00000092929.15","UNC13D","201294","unc-13 homolog D"
1161.34412444745,-1.42175211147248,0.219282316842953,3.7423339977778e-12,4.71491279246172e-11,"ENSG00000132481.9","TRIM47","91107","tripartite motif containing 47"
38.2286974001458,-2.48396885421192,0.318817476009793,4.97076185677695e-16,9.25774379146827e-15,"ENSG00000182687.5","GALR2","8811","galanin receptor 2"
127.178819875061,-1.8913756353052,0.157781498976226,4.06930336699565e-34,2.68174047959145e-32,"ENSG00000176170.16","SPHK1","8877","sphingosine kinase 1"
1034.1861211101,-1.11905400676659,0.165323618430867,1.42142899296878e-12,1.86234974516326e-11,"ENSG00000129667.15","RHBDF2","79651","rhomboid 5 homolog 2"
3048.64844723358,-1.00489802668039,0.220502933566964,6.8728759905249e-07,4.25820090999938e-06,"ENSG00000167900.15","TK1","7083","thymidine kinase 1"
2178.43886261704,-1.05350282637618,0.0745726210274738,7.75809334069428e-46,9.80635716449562e-44,"ENSG00000089685.17","BIRC5","332","baculoviral IAP repeat containing 5"
968.072638343755,-1.14218141079446,0.147689388263008,1.22014674085807e-15,2.18281704069283e-14,"ENSG00000055483.22","USP36","57602","ubiquitin specific peptidase 36"
17.5310748197987,-1.95748787083342,0.410097312453362,1.5956880477602e-07,1.10098905523535e-06,"ENSG00000173918.17","C1QTNF1","114897","C1q and TNF related 1"
1151.57991648828,-1.60393545519708,0.123156522467413,4.76617905448189e-40,4.40115252689612e-38,"ENSG00000141564.16","RPTOR","57521","regulatory associated protein of MTOR complex 1"
1831.53031219416,-1.29625480117746,0.177708724747167,2.08814278089399e-14,3.28919814342863e-13,"ENSG00000175866.18","BAIAP2","10458","BAR/IMD domain containing adaptor protein 2"
241.051194617215,-1.0057369547716,0.089373797419933,5.23805349525288e-30,2.7853801017343e-28,"ENSG00000167302.13","TEPSIN","146705","TEPSIN adaptor related protein complex 4 accessory protein"
16.0181843009365,-1.23881082993291,0.890276906188112,0.00390111052118959,0.00983633507967048,"ENSG00000287431.2","RENO1","119545628","regulator of early neurogenesis 1"
258.656258651478,-2.00440313059176,0.967605821176383,4.78672687978238e-05,0.00020580746372612,"ENSG00000266074.12","BAHCC1","57597","BAH domain and coiled-coil containing 1"
2055.43673073973,-1.0354120218619,0.153853166596893,2.45329245963983e-12,3.14482319369126e-11,"ENSG00000185359.16","HGS","9146","hepatocyte growth factor-regulated tyrosine kinase substrate"
120.142929784352,-1.49293003372124,0.179036956940287,7.75491219389284e-18,1.66790098942847e-16,"ENSG00000262814.10","MRPL12","6182","mitochondrial ribosomal protein L12"
7458.53626286542,-1.36476223383419,0.312752990263602,5.00987495564489e-07,3.18718158791253e-06,"ENSG00000141522.15","ARHGDIA","396","Rho GDP dissociation inhibitor alpha"
1732.36577134624,-1.07221433478755,0.139748510946302,2.51670505790463e-15,4.37050773625533e-14,"ENSG00000183684.10","ALYREF","10189","Aly/REF export factor"
544.461709472743,-1.05807770473466,0.321493113449372,8.80057533062407e-05,0.000355457496525809,"ENSG00000169696.18","ASPSCR1","79058","ASPSCR1 tether for SLC2A4, UBX domain containing"
1234.92456145522,-1.07898801407829,0.286410150853846,1.57803055611265e-05,7.55270304339329e-05,"ENSG00000169689.17","CENPX","201254","centromere protein X"
2288.38258729801,-1.17255137532884,0.316086541359943,1.33009552632234e-05,6.46231982086226e-05,"ENSG00000169727.16","GPS1","2873","G protein pathway suppressor 1"
42.2646596104268,-1.34291662534031,0.269597000101553,8.87845315368202e-08,6.37405149361873e-07,"ENSG00000132205.13","EMILIN2","84034","elastin microfibril interfacer 2"
670.192562112427,-1.59991276726105,0.398463418474936,1.09933528727027e-06,6.56324021099298e-06,"ENSG00000176014.15","TUBB6","84617","tubulin beta 6 class V"
15.0507524734069,-1.59905794558114,0.433467985344033,2.05890165981363e-05,9.61257114622646e-05,"ENSG00000260302.4",NA,NA,NA
19.8667442300674,-1.06078504024627,0.261212784601304,1.01161593569478e-05,5.04695223045913e-05,"ENSG00000197046.13","SIGLEC15","284266","sialic acid binding Ig like lectin 15"
88.9971524158955,-1.55562719865155,0.295798096979133,8.20014561805439e-09,6.98233831538622e-08,"ENSG00000141933.10","TPGS1","91978","tubulin polyglutamylase complex subunit 1"
763.131737718247,-1.21499339859986,0.389184000710547,8.45978765332551e-05,0.000343582790102535,"ENSG00000099821.16","POLRMT","5442","RNA polymerase mitochondrial"
367.353513625648,-1.62160129382539,0.286891163360213,5.12495644990499e-10,5.14196183565289e-09,"ENSG00000070404.12","FSTL3","10272","follistatin like 3"
1409.48666752013,-1.13501343296674,0.440703207611112,0.000491023323774576,0.0016439523124158,"ENSG00000099812.11","MISP","126353","mitotic spindle positioning"
810.926512664877,-1.10168597911835,0.384736759726644,0.000275170231822918,0.00098523337472515,"ENSG00000065268.13","WDR18","57418","WD repeat domain 18"
1418.69367300357,-1.20941375970867,0.513588030121857,0.000592411919549981,0.0019354310288085,"ENSG00000099624.10","ATP5F1D","513","ATP synthase F1 subunit delta"
72.5436963212103,-1.01025196056708,0.46305113579691,0.00263472041485323,0.00703865385325921,"ENSG00000310576.2","FAM174C","55009","family with sequence similarity 174 member C"
1132.77954669714,-1.11731135681294,0.492226126505747,0.00103864275739364,0.0031405705807387,"ENSG00000115286.23","NDUFS7","374291","NADH:ubiquinone oxidoreductase core subunit S7"
325.972465905228,-1.0291412625106,0.517955569205181,0.00366894725715044,0.00933182181304914,"ENSG00000130005.15","GAMT","2593","guanidinoacetate N-methyltransferase"
567.200104882062,-1.29241044665103,0.336283077035226,5.5133051073261e-06,2.90172962662375e-05,"ENSG00000129911.10","KLF16","83855","KLF transcription factor 16"
985.740729199666,-1.01054941747168,0.338587692565714,0.00026135331247,0.0009416657550467,"ENSG00000104897.12","SF3A2","8175","splicing factor 3a subunit 2"
652.112825820041,-1.03119282287706,0.257889423061571,7.48671915590581e-06,3.84074172000078e-05,"ENSG00000099800.10","TIMM13","26517","translocase of inner mitochondrial membrane 13"
237.977084706757,-1.20978987348572,0.353588243700794,3.7993939341057e-05,0.000166971940318735,"ENSG00000141873.13","SLC39A3","29985","solute carrier family 39 member 3"
2825.84157798242,-1.18228472952566,0.270268329082772,8.48373053235699e-07,5.16351901263059e-06,"ENSG00000104969.13","SGTA","6449","small glutamine rich tetratricopeptide repeat co-chaperone alpha"
1328.70427838335,-1.10184295517359,0.227988258062909,1.14205508354623e-07,8.06762777982886e-07,"ENSG00000172009.17","THOP1","7064","thimet oligopeptidase 1"
2300.35159468819,-1.46279737848801,0.243850610716132,8.02039696040293e-11,8.75452501704845e-10,"ENSG00000125912.13","NCLN","56926","nicalin"
300.461229149465,-1.45545110967223,0.247769941684331,2.23111611995366e-10,2.32159525545246e-09,"ENSG00000129932.12","DOHH","83475","deoxyhypusine hydroxylase"
337.825501835328,-1.19873209889052,0.304791023618967,6.13879345753531e-06,3.20794083052023e-05,"ENSG00000183617.7","MRPL54","116541","mitochondrial ribosomal protein L54"
164.513031261849,-2.43695339846736,0.275371536953834,1.0237458713984e-20,2.76968159347978e-19,"ENSG00000167680.20","SEMA6B","10501","semaphorin 6B"
2532.05965259716,-1.02981391472283,0.205626913591898,6.83085758238459e-08,4.97819729574446e-07,"ENSG00000142002.21","DPP9","91039","dipeptidyl peptidase 9"
949.35401754109,-1.40252052398287,0.110288522846511,5.49157600393741e-38,4.38785458843103e-36,"ENSG00000105426.22","PTPRS","5802","protein tyrosine phosphatase receptor type S"
434.408222978365,-1.31061201119437,0.266085225175619,5.10765865349406e-08,3.80508232345565e-07,"ENSG00000141994.18","DUS3L","56931","dihydrouridine synthase 3 like"
23.5057694142277,-2.08894773218084,0.525485006639664,3.07458406934139e-06,1.69151483886242e-05,"ENSG00000205744.12","DENND1C","79958","DENN domain containing 1C"
166.180099086034,-1.06298893746695,0.25295639871961,3.28293627133246e-06,1.79780398580319e-05,"ENSG00000090674.18","MCOLN1","57192","mucolipin TRP cation channel 1"
1163.50087758,-1.10833958382582,0.348819528382847,9.95448211753021e-05,0.000396764199365297,"ENSG00000076924.14","XAB2","56949","XPA binding protein 2"
92.4593819412053,-1.45450015182912,0.288464908112476,5.35955749476631e-08,3.97163556591981e-07,"ENSG00000090661.15","CERS4","79603","ceramide synthase 4"
760.882582815418,-1.19094882239273,0.379541908267498,9.16359868806815e-05,0.000368960457881721,"ENSG00000167775.13","CD320","51293","CD320 molecule"
23.8818226268473,-1.43800370397293,0.260748775525645,4.70501345844863e-09,4.15555627392533e-08,"ENSG00000244165.3","P2RY11","5032","purinergic receptor P2Y11"
2043.1220702822,-1.11026867933977,0.240929473367655,3.72651121598885e-07,2.42066257210464e-06,"ENSG00000130811.14","EIF3G","8666","eukaryotic translation initiation factor 3 subunit G"
1302.39646731254,-1.20792893931597,0.261769047734903,2.70353672580028e-07,1.79471544763522e-06,"ENSG00000105364.16","MRPL4","51073","mitochondrial ribosomal protein L4"
773.173249053169,-1.01963639106047,0.369979366668948,0.000489389627951029,0.00163920014175343,"ENSG00000161847.17","RAVER1","125950","ribonucleoprotein, PTB binding 1"
325.739118767122,-1.13182569938399,0.151006842385134,7.80678329367859e-15,1.28895508749269e-13,"ENSG00000213339.11","QTRT1","81890","queuine tRNA-ribosyltransferase catalytic subunit 1"
641.923098778478,-1.21225829562436,0.418285181655851,0.000166259296261629,0.000628865491206914,"ENSG00000130159.17","ECSIT","51295","ECSIT signaling integrator"
18.6675276802993,-1.16658665912876,0.491763143682409,0.00153141246237424,0.00440481360407057,"ENSG00000102575.16","ACP5","54","acid phosphatase 5, tartrate resistant"
1994.81083781623,-1.2821314307201,0.250213594659887,1.77836986041509e-08,1.43808293746518e-07,"ENSG00000179115.13","FARSA","2193","phenylalanyl-tRNA synthetase subunit alpha"
1060.1038665697,-1.22290250391205,0.308929878713851,4.50008446318618e-06,2.40623448359203e-05,"ENSG00000179271.5","GADD45GIP1","90480","GADD45G interacting protein 1"
285.15516728016,-1.03947526867271,0.118837295540905,5.12738437936831e-19,1.22588208549207e-17,"ENSG00000008441.20","NFIX","4784","nuclear factor I X"
466.169797467625,-1.29920735195866,0.0809184249409734,9.86804610896762e-59,2.02900185395186e-56,"ENSG00000104907.15","TRMT1","55621","tRNA methyltransferase 1"
434.208494331941,-1.22760371785701,0.281750500265713,1.9681666781435e-06,1.11955360913504e-05,"ENSG00000072071.19","ADGRL1","22859","adhesion G protein-coupled receptor L1"
1449.19401479631,-1.0505981919889,0.206377410652889,4.5408162536812e-08,3.4234042263159e-07,"ENSG00000123136.17","DDX39A","10212","DExD-box helicase 39A"
47.9627951139511,-1.41778435956507,0.209979885624034,2.08437333357957e-12,2.69657056855122e-11,"ENSG00000105137.15","SYDE1","85360","synapse defective Rho GTPase activating protein 1"
1249.73693811559,-1.04235475926433,0.211185333511286,9.50888570624915e-08,6.79187246299528e-07,"ENSG00000011451.23","WIZ","58525","WIZ zinc finger"
1485.820374903,-1.12194207255441,0.315546630379512,2.78526431744821e-05,0.000126514170955431,"ENSG00000007080.13","CCDC124","115098","coiled-coil domain containing 124"
122.816117410412,-1.73996891052203,0.55335922302499,7.77010478466231e-05,0.000318085441689083,"ENSG00000105642.18","KCNN1","3780","potassium calcium-activated channel subfamily N member 1"
273.362346504499,-1.24843369544037,0.122594774237454,3.61996876121998e-25,1.40260146398928e-23,"ENSG00000254858.12","MPV17L2","84769","MPV17 mitochondrial inner membrane protein like 2"
533.257837421737,-1.1103743300983,0.371934702484995,0.000192166659444975,0.000715797597898784,"ENSG00000006015.20","REX1BD","55049","required for excision 1-B domain containing"
781.3227737781,-1.31408736762973,0.189523287360437,3.3802863048191e-13,4.74316606975571e-12,"ENSG00000105671.14","DDX49","54555","DEAD-box helicase 49"
894.237286745236,-1.58587471689369,0.204234190053129,3.06899003366375e-16,5.81411490284136e-15,"ENSG00000105676.16","ARMC6","93436","armadillo repeat containing 6"
181.977151723791,-1.25404398043776,0.158739892699322,3.29729697942654e-16,6.2236984969078e-15,"ENSG00000184162.17","NR2C2AP","126382","nuclear receptor 2C2 associated protein"
17.230117606488,-1.87712081737895,0.409588653072879,3.70637351960983e-07,2.4096115533686e-06,"ENSG00000291130.2","ZNF826P","664701","zinc finger protein 826, pseudogene"
40.132806000005,-1.18344903573003,0.700241851655797,0.00367713767073952,0.00934648755900347,"ENSG00000267475.4",NA,NA,NA
613.044977115896,-1.33010543954963,0.145470823464484,8.43136597325592e-21,2.29717481755441e-19,"ENSG00000124299.18","PEPD","5184","peptidase D"
212.332648137549,-1.74291520939679,0.164765746346655,2.66732109854678e-27,1.18538209396801e-25,"ENSG00000153885.17","KCTD15","79047","potassium channel tetramerization domain containing 15"
10236.9938187755,-1.05418581122629,0.214123953667546,9.3536213605724e-08,6.69026878485098e-07,"ENSG00000105220.18","GPI","2821","glucose-6-phosphate isomerase"
137.36244191005,-1.27729116890693,0.158934483395918,1.12049466717765e-16,2.2152754182752e-15,"ENSG00000126249.9","PDCD2L","84306","programmed cell death 2 like"
12.3251597040741,-1.27602776958686,0.442492172202238,0.000417497543002208,0.00142212908290333,"ENSG00000274104.3",NA,NA,NA
2916.32580005036,-2.07780189224315,0.0709372397971925,7.90607967305822e-190,6.09598273191154e-186,"ENSG00000089327.18","FXYD5","53827","FXYD domain containing ion transport regulator 5"
3234.30860186563,-1.17573607642653,0.28577896209233,2.59655695101638e-06,1.4444987280528e-05,"ENSG00000105699.19","LSR","51599","lipolysis stimulated lipoprotein receptor"
1798.30486529957,-1.0401404162445,0.215771242303061,1.63186095435071e-07,1.12443823847374e-06,"ENSG00000105698.18","USF2","7392","upstream transcription factor 2, c-fos interacting"
988.857856358096,-1.39600743166865,0.294926153402623,8.91204362443988e-08,6.39518961063226e-07,"ENSG00000105677.14","TMEM147","10430","transmembrane protein 147"
683.009061785981,-1.03291408923017,0.0983146146806508,1.42763919152496e-26,6.06491018526349e-25,"ENSG00000249115.11","HAUS5","23354","HAUS augmin like complex subunit 5"
1655.08686190041,-1.62654925465728,0.112229405070764,8.11021115666141e-49,1.16885575931659e-46,"ENSG00000126254.14","RBM42","79171","RNA binding motif protein 42"
1457.06823490307,-1.36815385924928,0.117473144265719,2.23169699443772e-32,1.34433591215719e-30,"ENSG00000126267.13","COX6B1","1340","cytochrome c oxidase subunit 6B1"
973.864293046418,-1.08971176275116,0.117467573904424,2.83988500618453e-21,8.03557186795809e-20,"ENSG00000272333.9","KMT2B","9757","lysine methyltransferase 2B"
113.214098859425,-1.05095200403047,0.205283397293753,5.46656402335003e-08,4.04509999059889e-07,"ENSG00000205155.10","PSENEN","55851","presenilin enhancer, gamma-secretase subunit"
578.751863275117,-1.05746116265471,0.10773804230862,2.09030413961835e-23,6.9321677714096e-22,"ENSG00000167595.18","PROSER3","148137","proline and serine rich 3"
123.283453529568,-1.31043921797245,0.108494362083541,2.19934317460027e-34,1.48105113954195e-32,"ENSG00000167604.17","NFKBID","84807","NFKB inhibitor delta"
184.382418390716,-1.36557406824203,0.259193995477008,8.37447188378303e-09,7.11530197905334e-08,"ENSG00000205138.4","SDHAF1","644096","succinate dehydrogenase complex assembly factor 1"
746.777208571795,-1.73082570785483,0.0798350807581502,2.68349123911621e-105,3.76201076349191e-102,"ENSG00000075702.20","WDR62","284403","WD repeat domain 62"
478.664186559598,-1.46660099202105,0.202186126134679,2.07898527065995e-14,3.27812186695778e-13,"ENSG00000105258.10","POLR2I","5438","RNA polymerase II subunit I"
853.188255584412,-1.16809585093999,0.202357746324731,7.55276058601825e-10,7.41854273866162e-09,"ENSG00000105254.14","TBCB","1155","tubulin folding cofactor B"
8988.35847279405,-1.18863170838514,0.163447883461015,3.27958509718275e-14,5.06251068905457e-13,"ENSG00000126247.13","CAPNS1","826","calpain small subunit 1"
49.3407924261691,-1.26498353956226,0.214797470724324,5.52952442442399e-10,5.52988301874464e-09,"ENSG00000011332.24","DPF1","8193","double PHD fingers 1"
656.991831579117,-1.33097679661177,0.263933008485997,2.46588727048996e-08,1.94111524238007e-07,"ENSG00000167645.19","YIF1B","90522","Yip1 interacting factor homolog B, membrane trafficking protein"
3843.59303429044,-1.37198203183191,0.0743757052864557,7.67664236695426e-77,3.94605006469339e-74,"ENSG00000099341.14","PSMD8","5714","proteasome 26S subunit, non-ATPase 8"
2962.18926271244,-1.33955182073773,0.0946712352207543,2.0140179143781e-46,2.70071045718475e-44,"ENSG00000178982.12","EIF3K","27335","eukaryotic translation initiation factor 3 subunit K"
28943.9625848144,-1.14794977861049,0.118488981311381,3.05427347854812e-23,9.99998966299161e-22,"ENSG00000130402.16","ACTN4","81","actinin alpha 4"
14.2641533624313,-2.23955252435308,0.535418537792716,2.37035338409016e-06,1.33162912699651e-05,"ENSG00000298338.1",NA,NA,NA
1139.62362351177,-1.14552745170742,0.289436593310555,5.87141145717871e-06,3.07655576218664e-05,"ENSG00000104823.11","ECH1","1891","enoyl-CoA hydratase 1"
623.969877581774,-1.0860600906051,0.189017398139471,1.20345194102034e-09,1.14984091589062e-08,"ENSG00000068903.23","SIRT2","22933","sirtuin 2"
449.751811862638,-1.49234204085978,0.0945642686420482,4.89420483500842e-57,9.31772009390924e-55,"ENSG00000104825.19","NFKBIB","4793","NFKB inhibitor beta"
72.0841047251469,-1.48783134006565,0.24094371796342,5.37163980633457e-11,5.96801566667762e-10,"ENSG00000104835.17","SARS2","54938","seryl-tRNA synthetase 2, mitochondrial"
969.783063043148,-2.05065534623412,0.140630064146912,1.07585512104932e-49,1.58007255444777e-47,"ENSG00000128626.14","MRPS12","6183","mitochondrial ribosomal protein S12"
208.820808255011,-1.94664964923944,0.432472895015476,7.96955262279584e-08,5.75636866492434e-07,"ENSG00000161243.12","FBXO27","126433","F-box protein 27"
102.614254607541,-1.52183948109636,0.192524579890447,3.24193147030133e-16,6.12669426513686e-15,"ENSG00000128011.7","LRFN1","57622","leucine rich repeat and fibronectin type III domain containing 1"
8259.88482611,-1.06680027552023,0.251674570758401,2.37195435396587e-06,1.33204326629671e-05,"ENSG00000105193.11","RPS16","6217","ribosomal protein S16"
2321.97344722788,-1.08111931619826,0.04689705844662,2.54769002300537e-118,4.91099098059572e-115,"ENSG00000196235.16","SUPT5H","6829","SPT5 homolog, DSIF elongation factor subunit"
1462.03439283998,-1.71955815206586,0.0794192832970294,7.33692501909927e-105,9.42856005996082e-102,"ENSG00000105197.13","TIMM50","92609","translocase of inner mitochondrial membrane 50"
23.7177226328231,-2.08194497927321,0.381776796283886,6.41284641688996e-09,5.5401963358465e-08,"ENSG00000090932.13","DLL3","10683","delta like canonical Notch ligand 3"
5448.26912072715,-1.2688029354457,0.0918218635082625,2.43299261928716e-44,2.79993874492741e-42,"ENSG00000105202.11","FBL","2091","fibrillarin rRNA 2'-O-methyltransferase"
45.9336390482986,-1.23068581757385,0.243198115447322,6.16857249907727e-08,4.52978840515574e-07,"ENSG00000187534.6",NA,NA,NA
3679.7501879253,-1.40902931322745,0.0765277312293978,1.45133790411189e-76,6.99408806853423e-74,"ENSG00000013275.10","PSMC4","5704","proteasome 26S subunit, ATPase 4"
3242.31252697002,-1.13576099262842,0.152905555903799,1.2897365854888e-14,2.07393408600864e-13,"ENSG00000105221.20","AKT2","208","AKT serine/threonine kinase 2"
344.891770159874,-1.39804540366705,0.0980425588616977,6.18776395534936e-47,8.37030771538969e-45,"ENSG00000160392.16","C19orf47","126526","chromosome 19 open reading frame 47"
307.356529085838,-1.58204131143323,0.19954693467156,1.1462455466035e-16,2.26039035475353e-15,"ENSG00000197019.7","SERTAD1","29950","SERTA domain containing 1"
1032.02590838646,-1.09539146675884,0.15592215604161,3.42558739048742e-13,4.79522362449727e-12,"ENSG00000090013.13","BLVRB","645","biliverdin reductase B"
35.0209929948451,-1.55454851160144,0.262973071243572,3.96760575304988e-10,4.03591347742627e-09,"ENSG00000160460.18","SPTBN4","57731","spectrin beta, non-erythrocytic 4"
1897.59854856796,-1.32341665782265,0.236592981245935,1.45579209245247e-09,1.37475626807774e-08,"ENSG00000160410.17","SHKBP1","92799","SH3KBP1 binding protein 1"
1248.78215618494,-1.48334751448966,0.188359609251881,1.79799282230382e-16,3.44861284984417e-15,"ENSG00000090006.20","LTBP4","8425","latent transforming growth factor beta binding protein 4"
545.120388124035,-1.09856181979619,0.165496431511514,3.97972369878024e-12,4.99766442661971e-11,"ENSG00000086544.5","ITPKC","80271","inositol-trisphosphate 3-kinase C"
18.7391006499437,-2.31762327480636,0.465864706364414,3.85309874589302e-08,2.94151662180278e-07,"ENSG00000197408.12","CYP2B6","1555","cytochrome P450 family 2 subfamily B member 6"
1004.60534072501,-2.26208016747886,0.119332544389331,6.85625002141023e-82,3.77607969929168e-79,"ENSG00000167600.16","CYP2S1","29785","cytochrome P450 family 2 subfamily S member 1"
5714.62022694127,-1.12009051902974,0.0611165623001349,4.86548020497559e-76,2.20678147767437e-73,"ENSG00000167601.14","AXL","558","AXL receptor tyrosine kinase"
2399.05005776059,-1.34773251811948,0.380525452748063,1.3526767239534e-05,6.55566883331814e-05,"ENSG00000105329.13","TGFB1","7040","transforming growth factor beta 1"
57.7484283984092,-1.11574178634342,0.196636553363258,2.78020439043592e-09,2.545934198629e-08,"ENSG00000123810.11","B9D2","80776","B9 domain containing 2"
502.801916945661,-1.62881799949211,0.116453337744521,2.00238789396917e-45,2.47030589703189e-43,"ENSG00000077348.12","EXOSC5","56915","exosome component 5"
1186.13556437451,-1.08754414520339,0.118464568818553,7.2105400523154e-21,1.97502199194948e-19,"ENSG00000105341.20","DMAC2","55101","distal membrane arm assembly component 2"
1126.38068686225,-1.18330598408311,0.40484513480387,0.000159315265092738,0.0006042303745684,"ENSG00000105388.19","CEACAM5","1048","CEA cell adhesion molecule 5"
6846.58154580377,-2.07922671050036,0.250050421117193,8.89718046823076e-19,2.10112434916672e-17,"ENSG00000086548.11","CEACAM6","4680","CEA cell adhesion molecule 6"
2027.05116966646,-1.49909612064331,0.216271288187251,1.6243586640607e-13,2.35646612967827e-12,"ENSG00000076928.22","ARHGEF1","9138","Rho guanine nucleotide exchange factor 1"
20.9350847665156,-1.02520687656073,0.30131937158115,0.000129879687665384,0.000503614448953453,"ENSG00000105404.13","RABAC1","10567","Rab acceptor 1"
651.019074182811,-1.5787325062269,0.113735770696391,6.86585202638462e-45,8.14448493068286e-43,"ENSG00000105732.15","ZNF574","64763","zinc finger protein 574"
456.79970657622,-1.34195261317509,0.342365440021353,3.54615669292909e-06,1.9343927259165e-05,"ENSG00000028277.24","POU2F2","5452","POU class 2 homeobox 2"
31.9221028817125,-1.99731893115526,0.274637452203537,3.20048466549281e-14,4.95031835772965e-13,"ENSG00000254887.3","LNROP","100505622","long non-coding regulator of POU2F2"
715.557629356362,-1.12260730732306,0.170050702993716,4.51043060428973e-12,5.62290625293064e-11,"ENSG00000160570.16","DEDD2","162989","death effector domain containing 2"
718.050365691837,-1.25307305689037,0.146548003102773,1.17621446333089e-18,2.74824291500389e-17,"ENSG00000105723.13","GSK3A","2931","glycogen synthase kinase 3 alpha"
1141.34835323888,-1.56987257019554,0.0586666796816536,9.81353538897039e-159,3.78336323083281e-155,"ENSG00000105722.13","ERF","2077","ETS2 repressor factor"
2012.21301373127,-1.11191498434546,0.145719552252676,3.165508159864e-15,5.44206257895906e-14,"ENSG00000079432.11","CIC","23152","capicua transcriptional repressor"
951.903342733669,-1.24031024428145,0.352881027872353,2.17713414648721e-05,0.000101094807807827,"ENSG00000079462.10","PAFAH1B3","5050","platelet activating factor acetylhydrolase 1b catalytic subunit 3"
31.7348228914102,-1.20652285335811,0.279780880474761,2.10975852901552e-06,1.19436807180427e-05,"ENSG00000188368.13","PRR19","284338","proline rich 19"
28.3511236515634,-1.15566821330534,0.24958357535842,6.89553490997923e-07,4.27052384926867e-06,"ENSG00000167619.14","TMEM145","284339","transmembrane protein 145"
1890.14836701521,-1.01080899757811,0.206650188817492,1.32436618708459e-07,9.25795601588005e-07,"ENSG00000105429.14","MEGF8","1954","multiple EGF like domains 8"
23.7765926701612,-1.24606539231845,0.41080561705704,0.00018766405891255,0.000702082522954395,"ENSG00000213904.12","LIPE-AS1","100996307","LIPE antisense RNA 1"
142.657142021315,-1.8731207828124,0.190842752952755,4.90802430716598e-24,1.74795941895627e-22,"ENSG00000079435.11","LIPE","3991","lipase E, hormone sensitive type"
877.456090533325,-1.56181573844471,0.520254039616537,3.81404562108379e-05,0.000167472658094343,"ENSG00000079385.25","CEACAM1","634","CEA cell adhesion molecule 1"
298.720062396599,-1.12518221620137,0.120306578670876,1.60826760943156e-21,4.69717704640985e-20,"ENSG00000124466.9","LYPD3","27076","LY6/PLAUR domain containing 3"
599.785870935151,-1.11639943082669,0.0919966368655067,6.10810140792312e-35,4.20504606301707e-33,"ENSG00000073050.14","XRCC1","7515","X-ray repair cross complementing 1"
143.601551592846,-1.07091275103126,0.106624572325713,2.36106414779191e-24,8.66546778340179e-23,"ENSG00000124444.18","ZNF576","79177","zinc finger protein 576"
302.048428492721,-1.21146181892583,0.156245773139177,9.19419631975893e-16,1.66217703923801e-14,"ENSG00000131116.14","ZNF428","126299","zinc finger protein 428"
1224.18634128957,-1.76481154227406,0.107666063871847,1.47220464495517e-61,3.43982845906874e-59,"ENSG00000011422.14","PLAUR","5329","plasminogen activator, urokinase receptor"
940.558406991046,-1.37237172211109,0.0635960304514269,5.08398131997772e-104,6.03077507195203e-101,"ENSG00000105771.16","SMG9","56006","SMG9 nonsense mediated mRNA decay factor"
863.685466029236,-1.11559212775172,0.196594647369116,1.53069732145205e-09,1.43932215817757e-08,"ENSG00000104783.17","KCNN4","3783","potassium calcium-activated channel subfamily N member 4"
1817.63373147755,-1.66567771413259,0.130367317104617,1.01746262240627e-38,8.62103906600386e-37,"ENSG00000130204.15","TOMM40","10452","translocase of outer mitochondrial membrane 40"
75.2357243245505,-1.12445476776446,0.246815697516206,9.51277633582497e-07,5.73930062107812e-06,"ENSG00000130203.12","APOE","348","apolipoprotein E"
29.9358461514997,-1.22628866547666,0.565431090305228,0.00285746669605348,0.00754925371249626,"ENSG00000130208.12","APOC1","341","apolipoprotein C1"
2977.74787089719,-1.31477460726957,0.0731654748392678,3.40897577493977e-73,1.28219062013039e-70,"ENSG00000104853.18","CLPTM1","1209","CLPTM1 regulator of GABA type A receptor forward trafficking"
303.040718034642,-1.11998507966036,0.364302100857465,0.000151651679464028,0.000578580046762686,"ENSG00000104856.16","RELB","5971","RELB proto-oncogene, NF-kB subunit"
117.967840741551,-2.05277708332218,0.183853069755739,4.35897702033208e-30,2.34215277458331e-28,"ENSG00000170684.11","ZNF296","162979","zinc finger protein 296"
205.462544616711,-1.32794338336242,0.134185520909709,6.0384544753784e-24,2.13575702900941e-22,"ENSG00000142252.13","GEMIN7","79760","gem nuclear organelle associated protein 7"
890.173953963139,-1.20510132179585,0.243291842660586,5.55821634843915e-08,4.11094744888633e-07,"ENSG00000104866.13","PPP1R37","284352","protein phosphatase 1 regulatory subunit 37"
244.820591908672,-1.24189767478955,0.12626058189631,1.11610874598563e-23,3.86775572400998e-22,"ENSG00000189114.10","BLOC1S3","388552","biogenesis of lysosomal organelles complex 1 subunit 3"
124.771708927818,-1.47479492694731,0.283962323365685,1.80412292057572e-08,1.45585450330707e-07,"ENSG00000007255.12","TRAPPC6A","79090","trafficking protein particle complex subunit 6A"
1114.20659809966,-1.30046348615907,0.157389135352508,1.26599195298303e-17,2.66705763756166e-16,"ENSG00000104884.19","ERCC2","2068","ERCC excision repair 2, TFIIH core complex helicase subunit"
1510.77922894725,-1.11280177607495,0.15437242349034,6.76169347905749e-14,1.01927737185284e-12,"ENSG00000104881.18","PPP1R13L","10848","protein phosphatase 1 regulatory subunit 13 like"
665.285879894786,-1.63825478623037,0.306415136580408,2.19250694557785e-09,2.0318900004661e-08,"ENSG00000117877.12","POLR1G","10849","RNA polymerase I subunit G"
1725.25711756141,-1.31823562917169,0.216456493536643,7.06422716915474e-11,7.74804033965401e-10,"ENSG00000012061.19","ERCC1","2067","ERCC excision repair 1, endonuclease non-catalytic subunit"
75.3077281638117,-1.4720357737421,0.170135192483316,6.51217958305103e-19,1.54975804552824e-17,"ENSG00000125740.16","FOSB","2354","FosB proto-oncogene, AP-1 transcription factor subunit"
2339.2297933924,-1.1051296916815,0.211723790694859,1.89268578906814e-08,1.52174700486026e-07,"ENSG00000125753.17","VASP","7408","vasodilator stimulated phosphoprotein"
884.450311010167,-1.23478179346425,0.097907592489582,2.2952833188758e-37,1.7786715608233e-35,"ENSG00000125741.7","OPA3","80207","outer mitochondrial membrane lipid metabolism regulator OPA3"
46.6242837565001,-1.06223213188523,0.188088854718991,3.50438381239225e-09,3.15476373443671e-08,"ENSG00000267757.5","EML2-AS1","100287177","EML2 antisense RNA 1"
2178.91825841066,-1.05232117107238,0.0570308313979197,9.71930618268061e-77,4.83488453687477e-74,"ENSG00000125743.12","SNRPD2","6633","small nuclear ribonucleoprotein D2 polypeptide"
351.803314497369,-1.12902537026213,0.125241161759972,3.22049459754869e-20,8.44613047428542e-19,"ENSG00000185800.14","DMWD","1762","DM1 locus, WD repeat containing"
2438.90819368963,-1.04124207308804,0.140231707705439,1.5603746652297e-14,2.48836998061088e-13,"ENSG00000125755.22","SYMPK","8189","symplekin scaffold protein"
91.0087536165877,-2.16150270731641,0.257117854102483,5.61605191153439e-18,1.22496657040696e-16,"ENSG00000170608.5","FOXA3","3171","forkhead box A3"
535.085626932463,-1.28763819357217,0.308246486462269,1.57199210661305e-06,9.09631905293805e-06,"ENSG00000170604.5","IRF2BP1","26145","interferon regulatory factor 2 binding protein 1"
142.914740307686,-1.15847114816684,0.322500143424761,2.71149731428525e-05,0.000123600354961847,"ENSG00000104983.10","CCDC61","729440","coiled-coil domain containing 61"
17.3046856068289,-1.31938894443947,0.735900733952029,0.00422878587625741,0.0105452954394834,"ENSG00000268460.2","LOC93429","93429","uncharacterized LOC93429"
2081.73186704706,-1.18652001994402,0.0647142936322715,5.53694623656139e-76,2.43957851182895e-73,"ENSG00000011485.17","PPP5C","5536","protein phosphatase 5 catalytic subunit"
2591.72377846177,-1.07207161464339,0.217358135169886,8.70870786830964e-08,6.25801416762362e-07,"ENSG00000090372.16","STRN4","29888","striatin 4"
4120.52732144605,-1.01592113075951,0.184468365059561,4.57953145975772e-09,4.05634432170728e-08,"ENSG00000105281.15","SLC1A5","6510","solute carrier family 1 member 5"
950.822000577502,-1.74168468189525,0.212752563777577,9.38431028414493e-18,2.00993679016388e-16,"ENSG00000042753.14","AP2S1","1175","adaptor related protein complex 2 subunit sigma 1"
155.419144912742,-1.61913009109218,0.428788610196256,3.67564061661439e-06,1.99936698232136e-05,"ENSG00000130748.8","TMEM160","54958","transmembrane protein 160"
3807.94788270122,-1.07841505148921,0.113933793972597,7.01396206559864e-22,2.10023900997275e-20,"ENSG00000142230.15","SAE1","10055","SUMO1 activating enzyme subunit 1"
328.286239467037,-1.00319199690908,0.214724174391909,4.33597666397371e-07,2.78140998898247e-06,"ENSG00000105321.16","CCDC9","26093","coiled-coil domain containing 9"
697.529496153378,-1.48475936886672,0.0713829358266087,6.45625918796561e-97,6.63746486250784e-94,"ENSG00000134815.22","DHX34","9704","DExH-box helicase 34"
344.994839748587,-1.55144238629529,0.176206006043692,8.59574665091316e-20,2.1909918860121e-18,"ENSG00000118162.16","KPTN","11133","kaptin, actin binding protein"
1122.7729490007,-1.42247904385627,0.0825156537856175,1.64438946050226e-67,4.44879471410621e-65,"ENSG00000105402.9","NAPA","8775","NSF attachment protein alpha"
4172.74496533066,-1.42483410726306,0.236394742766921,7.21310352105971e-11,7.90009015612654e-10,"ENSG00000024422.14","EHD2","30846","EH domain containing 2"
1855.03089203665,-1.6794863122899,0.178674287131988,2.11489785885834e-22,6.54896383161737e-21,"ENSG00000178980.17","SELENOW","6415","selenoprotein W"
1437.49470200147,-1.33924869268709,0.0599161219264402,1.29971176136282e-111,2.22698389688622e-108,"ENSG00000105486.17","LIG1","3978","DNA ligase 1"
728.875725611258,-2.18721836340028,0.22843920542758,1.12930323460545e-23,3.90470519750015e-22,"ENSG00000142227.14","EMP3","2014","epithelial membrane protein 3 (MAM blood group)"
187.282229719816,-1.25690315517696,0.176680993309483,1.26102723273766e-13,1.85379418074809e-12,"ENSG00000161558.13","TMEM143","55260","transmembrane protein 143"
3326.12208948392,-1.07025269125517,0.202971289504668,1.54366009974889e-08,1.26151470048901e-07,"ENSG00000105438.11","KDELR1","10945","KDEL endoplasmic reticulum protein retention receptor 1"
1738.89989472495,-2.06118010734877,0.106665243316696,1.22084782490106e-84,8.18551926426054e-82,"ENSG00000105447.15","GRWD1","83743","glutamate rich WD repeat containing 1"
9497.67577218132,-1.18774320413405,0.243824620476223,8.84845334127436e-08,6.35547270497401e-07,"ENSG00000063177.15","RPL18","6141","ribosomal protein L18"
258.89335473742,-1.40357250527913,0.148989449840629,4.22939550969595e-22,1.28642027919174e-20,"ENSG00000063176.18","SPHK2","56848","sphingosine kinase 2"
16.9733592932744,-1.24222211177103,0.401245679198285,0.000269280974533788,0.000966840956527486,"ENSG00000105538.12","RASIP1","54922","Ras interacting protein 1"
241.140245229709,-1.05002918276831,0.11558257019993,2.41927887484257e-20,6.37738453486278e-19,"ENSG00000174951.13","FUT1","2523","fucosyltransferase 1 (H blood group)"
1072.21400954681,-1.46759780340083,0.154365794447286,9.21212368383295e-23,2.9230485458516e-21,"ENSG00000105552.17","BCAT2","587","branched chain amino acid transaminase 2"
1084.90685436057,-1.06472132863787,0.0958025670807284,1.80116150556495e-29,9.19725548917787e-28,"ENSG00000087074.11","PPP1R15A","23645","protein phosphatase 1 regulatory subunit 15A"
38.9323218376394,-1.18475347131562,0.396844871260835,0.000365395401869582,0.00126453377294229,"ENSG00000104808.9","DHDH","27294","dihydrodiol dehydrogenase"
29.5004493388824,-2.12927461717073,0.373409428029121,9.5796875882543e-10,9.28525218720739e-09,"ENSG00000305635.1",NA,NA,NA
593.895664985788,-1.1982553223675,0.212573281953991,1.49195572350125e-09,1.40546421576743e-08,"ENSG00000087088.23","BAX","581","BCL2 associated X, apoptosis regulator"
20580.067972937,-1.31546411299751,0.101088518255386,1.32727536670423e-39,1.21111913786662e-37,"ENSG00000087086.18","FTL","2512","ferritin light chain"
4349.38908522046,-1.71521441550487,0.147702966101704,1.3087876183058e-32,8.04096169796566e-31,"ENSG00000183207.17","RUVBL2","10856","RuvB like AAA ATPase 2"
4249.29108538261,-1.05325715326509,0.0981563049560825,1.86383872052394e-27,8.37966673737602e-26,"ENSG00000104852.17","SNRNP70","6625","small nuclear ribonucleoprotein U1 subunit 70"
697.995795373969,-1.07849775584347,0.263062476174233,3.98365996122113e-06,2.15022822058071e-05,"ENSG00000130529.18","TRPM4","54795","transient receptor potential cation channel subfamily M member 4"
697.274089212404,-1.51791109038949,0.221246304183415,2.89900031768022e-13,4.10142054118776e-12,"ENSG00000161618.12","ALDH16A1","126133","aldehyde dehydrogenase 16 family member A1"
202.38987538652,-1.89125404152718,0.242484846953213,5.22391617888572e-16,9.67555112867785e-15,"ENSG00000142552.10","RCN3","57333","reticulocalbin 3"
1622.28092483088,-1.96318587697197,0.109884661224688,1.07141103097639e-72,3.93386416873498e-70,"ENSG00000142546.16","NOSIP","51070","nitric oxide synthase interacting protein"
937.327362587636,-1.01865206788482,0.105562968388293,7.47597004343313e-23,2.3918451045598e-21,"ENSG00000126464.16","PRR12","57479","proline rich 12"
1107.51473940906,-1.50857357103057,0.293789813376143,8.43576897339021e-09,7.15949330427355e-08,"ENSG00000126458.6","RRAS","6237","RAS related"
2290.19530633759,-1.55308937006717,0.192008804520317,2.41554828128406e-17,4.96007590488435e-16,"ENSG00000126461.17","SCAF1","58506","SR-related CTD associated factor 1"
1091.49387018973,-1.46484914715959,0.0751904332790252,2.57809527216931e-85,1.80712759964195e-82,"ENSG00000126456.18","IRF3","3661","interferon regulatory factor 3"
568.435385490149,-1.44787492089162,0.0818186171439384,6.45441416493274e-71,2.21185601860951e-68,"ENSG00000126453.13","BCL2L12","83596","BCL2 like 12"
5745.44512263001,-1.4026204256028,0.137852090584911,1.92995036418576e-25,7.59228687910933e-24,"ENSG00000126457.24","PRMT1","3276","protein arginine methyltransferase 1"
114.388646081087,-2.2264774782866,0.278164310873086,1.57308488986825e-17,3.26934529469789e-16,"ENSG00000169169.17","CPT1C","126129","carnitine palmitoyltransferase 1C"
1599.2582586545,-1.56923492892521,0.146128140308313,3.56736262739974e-28,1.70316715409076e-26,"ENSG00000204673.13","AKT1S1","84335","AKT1 substrate 1"
629.017651487047,-1.34148362631954,0.153879391916106,4.38262498445733e-19,1.05435974860088e-17,"ENSG00000169136.15","ATF5","22809","activating transcription factor 5"
2173.88375787461,-1.06628532827078,0.353425218148113,0.000193033055697367,0.000718851183750082,"ENSG00000062822.18","POLD1","5424","DNA polymerase delta 1, catalytic subunit"
14.2871665988397,-1.11263481239988,0.509155521878353,0.0041646608855259,0.0104067334337364,"ENSG00000213023.13","SYT3","84258","synaptotagmin 3"
11.0884854934002,-1.18241436673356,0.498485196601214,0.00265941802742256,0.00709285461793208,"ENSG00000235034.8","C19orf81","342918","chromosome 19 open reading frame 81"
900.540779023929,-1.19436944564023,0.186157219274555,1.44817564671074e-11,1.712600969933e-10,"ENSG00000293495.2","C19orf48P","84798","multidrug resistance-related protein"
2984.14255886419,-1.05931056992161,0.112809293660073,1.23309040092571e-21,3.64281361545506e-20,"ENSG00000129451.14","KLK10","5655","kallikrein related peptidase 10"
109.513229032965,-1.21366848079688,0.31143337787265,7.38718849044033e-06,3.79473130283412e-05,"ENSG00000142544.9","CTU1","90353","cytosolic thiouridylase subunit 1"
347.485940349326,-1.15327659263866,0.177850020132661,1.28604419479277e-11,1.52437260014599e-10,"ENSG00000105379.12","ETFB","2109","electron transfer flavoprotein subunit beta"
189.458386150229,-1.31126821990995,0.266071678779251,1.09226353059417e-07,7.74427397944489e-07,"ENSG00000130433.10","CACNG6","59285","calcium voltage-gated channel auxiliary subunit gamma 6"
587.933331056803,-1.16626829706333,0.22662815603625,2.47856453334111e-08,1.9491047255815e-07,"ENSG00000170906.18","NDUFA3","4696","NADH:ubiquinone oxidoreductase subunit A3"
122.757158648897,-1.10617142125835,0.223902992287332,1.10278949627483e-07,7.81172109419119e-07,"ENSG00000105617.5","LENG1","79165","leukocyte receptor cluster member 1"
296.022846651154,-1.03213789639785,0.601430277338653,0.00340648360121882,0.00876399459699624,"ENSG00000167617.5","CDC42EP5","148170","CDC42 effector protein 5"
3508.92374256163,-1.0263588585896,0.207129915481968,8.54609903843609e-08,6.14976170190028e-07,"ENSG00000105063.21","PPP6R1","22870","protein phosphatase 6 regulatory subunit 1"
1082.37624364524,-1.47983730497396,0.251995317601904,1.69550657416372e-10,1.79453719150163e-09,"ENSG00000133265.13","HSPBP1","23640","HSPA (Hsp70) binding protein 1"
82.586450807758,-1.48673268946708,0.338595895442284,1.17068465696448e-06,6.95420958977242e-06,"ENSG00000160469.18","BRSK1","84446","BR serine/threonine kinase 1"
5540.14711712611,-1.01983001461713,0.367448960210194,0.000444838879127843,0.00150534570002863,"ENSG00000108106.16","UBE2S","27338","ubiquitin conjugating enzyme E2 S"
1218.27402651992,-1.24467739910445,0.24808476553214,3.56156486012104e-08,2.72840992091041e-07,"ENSG00000063241.10","ISOC2","79763","isochorismatase domain containing 2"
183.094858028453,-1.1661372158245,0.354691614530607,6.93248806102114e-05,0.000286534168826071,"ENSG00000197483.12","ZNF628","89887","zinc finger protein 628"
207.719910859531,-1.05533941555328,0.301026268470198,4.64926533067595e-05,0.000200157232452133,"ENSG00000179943.10","FIZ1","84922","FLT3 interacting zinc finger 1"
5173.25258494699,-1.21018535146046,0.137032202289771,9.81080634639137e-20,2.48180051318988e-18,"ENSG00000063244.16","U2AF2","11338","U2 small nuclear RNA auxiliary factor 2"
3313.66579186731,-1.11045566874397,0.35168055157608,0.000104854132999274,0.000415883638112603,"ENSG00000063245.17","EPN1","29924","epsin 1"
750.720410488914,-1.24125947999842,0.323349378995841,6.74261260299278e-06,3.49505307397485e-05,"ENSG00000142409.8","ZNF787","126208","zinc finger protein 787"
96.1462028926427,-1.01665345673902,0.316371726166798,0.000157391630503,0.000598406393980956,"ENSG00000283103.6","LOC105372480","105372480","uncharacterized LOC105372480"
28.649771117765,-1.14314549896652,0.413032178857738,0.000794898170583428,0.00249859859122851,"ENSG00000152475.9","ZNF837","116412","zinc finger protein 837"
11480.3206320299,-1.01250053724962,0.402898719286488,0.000865476319369801,0.0026913713089336,"ENSG00000083845.11","RPS5","6193","ribosomal protein S5"
126.589776138198,-1.13679043441657,0.135877701059401,1.11244990997134e-17,2.35646841506429e-16,"ENSG00000249471.10","ZNF324B","388569","zinc finger protein 324B"
10858.7774309491,-1.31384222015367,0.21856427545751,1.6748384428366e-10,1.77387936998511e-09,"ENSG00000130726.14","TRIM28","10155","tripartite motif containing 28"
2201.7460392076,-1.05095006614255,0.28087977200879,1.73825740079229e-05,8.21755590975411e-05,"ENSG00000130725.10","UBE2M","9040","ubiquitin conjugating enzyme E2 M"
308.786559537057,-1.6803498889472,0.243362306713963,3.15019734657366e-13,4.43240814612339e-12,"ENSG00000125775.17","SDCBP2","27111","syndecan binding protein 2"
2494.88012649834,-1.12139802202035,0.100958954237142,1.6507197631054e-29,8.45705962353768e-28,"ENSG00000101365.24","IDH3B","3420","isocitrate dehydrogenase (NAD(+)) 3 non-catalytic subunit beta"
115.356317843864,-4.29092472443054,0.436044753067205,1.86327391674071e-23,6.23287355098884e-22,"ENSG00000088882.10","CPXM1","56265","carboxypeptidase X, M14 family member 1"
904.055945261562,-1.17455249149163,0.359670285824091,6.62029579576782e-05,0.000274883094955669,"ENSG00000101220.20","ADISSP","54976","adipose secreted signaling protein"
3092.40079799496,-1.21339365359455,0.268263848543879,3.93255232345374e-07,2.53740122928787e-06,"ENSG00000125817.8","CENPB","1059","centromere protein B"
450.772779575956,-1.24582292967149,0.132978411638261,8.47613231952638e-22,2.52824828818987e-20,"ENSG00000125843.14","AP5S1","55317","adaptor related protein complex 5 subunit sigma 1"
9.68184879557504,-1.22792630883895,0.449147912819797,0.000868463813520647,0.00269848488178559,"ENSG00000226608.3",NA,NA,NA
1121.87248644156,-1.06948982147488,0.354722508268125,0.000200952579387388,0.000745821835555455,"ENSG00000088826.20","SMOX","54498","spermine oxidase"
20.3267165739575,-1.32160137430431,0.258367650914702,4.46234549187668e-08,3.36827360891974e-07,"ENSG00000235698.1",NA,NA,NA
31.2297514736388,-1.122039609999,0.398418160405608,0.000500807059650482,0.0016734443481842,"ENSG00000227063.5",NA,NA,NA
475.726862703951,-1.13157070763292,0.127147841086997,9.11448662714556e-20,2.3155601034137e-18,"ENSG00000132661.6","NXT1","29107","nuclear transport factor 2 like export factor 1"
84.2807390278328,-1.46402328086475,0.263664422240167,3.37928986909192e-09,3.0510555662334e-08,"ENSG00000170373.10","CST1","1469","cystatin SN"
21.500265032432,-1.37080976651791,0.431746660586622,0.000105670943794417,0.000418692606437233,"ENSG00000175730.8",NA,NA,NA
4820.93927284676,-1.0875540107159,0.268035400922189,4.64511451332105e-06,2.48034317555138e-05,"ENSG00000125970.14","RALY","22913","RALY heterogeneous nuclear ribonucleoprotein"
6232.44822144303,-1.02919032695186,0.261516486073484,9.29839999349358e-06,4.68290745590021e-05,"ENSG00000101444.14","AHCY","191","adenosylhomocysteinase"
542.787049250652,-1.73986261874684,0.356137383946891,1.80361608301667e-08,1.45585450330707e-07,"ENSG00000101000.8","PROCR","10544","protein C receptor"
2182.66581064403,-1.29714931806345,0.292989765484022,5.32023464746427e-07,3.36243190567814e-06,"ENSG00000242372.11","EIF6","3692","eukaryotic translation initiation factor 6"
1203.00306195777,-1.03500527025214,0.324397498083455,0.000129570480692277,0.000502668272391348,"ENSG00000125995.18","ROMO1","140823","reactive oxygen species modulator 1"
497.601583737526,-1.0076460216658,0.449419102724331,0.00170131456058541,0.00481393978693352,"ENSG00000171222.13","SCAND1","51282","SCAN domain containing 1"
826.660291783953,-1.18239344723838,0.116558063541472,4.67625414815375e-25,1.79831708774761e-23,"ENSG00000131043.15","AAR2","25980","AAR2 splicing factor"
43.8437723105286,-1.10506231594045,0.258736485216956,3.82432253929596e-06,2.07365955972163e-05,"ENSG00000101342.12","TLDC2","140711","TBC/LysM-associated domain containing 2"
1648.95902901717,-1.091933821945,0.244426182960147,7.86630673870617e-07,4.82139571612034e-06,"ENSG00000101363.15","MANBAL","63905","mannosidase beta like"
45.643071479544,-2.75212464665369,0.275447297324705,1.23112646475061e-24,4.61927036810684e-23,"ENSG00000293724.1",NA,NA,NA
123.153824051444,-1.14423382954988,0.222804812272843,4.89225234693275e-08,3.65874992444471e-07,"ENSG00000124191.20","TOX2","84969","TOX high mobility group box family member 2"
113.642284352105,-1.20508650009155,0.162930893338477,2.32902540287434e-14,3.65370302520093e-13,"ENSG00000101076.22","HNF4A","3172","hepatocyte nuclear factor 4 alpha"
286.41591200156,-1.02598254712358,0.132997860988205,2.48717754534815e-15,4.32409976626989e-14,"ENSG00000168734.16","PKIG","11142","cAMP-dependent protein kinase inhibitor gamma"
265.384320307999,-1.55055760394862,0.144112120502464,5.87109891221582e-28,2.76031147333171e-26,"ENSG00000196839.16","ADA","100","adenosine deaminase"
566.406992638278,-2.11383989721246,0.577004102502958,7.0476545841174e-07,4.35598722812322e-06,"ENSG00000124102.7","PI3","5266","peptidase inhibitor 3"
1804.64261067649,-1.04927510221718,0.280768965152904,1.79975891447548e-05,8.47452892217601e-05,"ENSG00000124107.6","SLPI","6590","secretory leukocyte peptidase inhibitor"
2481.73986339523,-1.68785536729404,0.233644989295686,1.26439539067955e-14,2.0395649915972e-13,"ENSG00000100979.17","PLTP","5360","phospholipid transfer protein"
1524.58892215692,-2.55317731941532,0.438760163263559,7.31585202260819e-12,8.92545522473425e-11,"ENSG00000196562.18","SULF2","55959","sulfatase 2"
446.949035194511,-1.13854467872198,0.180497860751711,5.80062382512912e-11,6.40310808928534e-10,"ENSG00000124126.16","PREX1","57580","phosphatidylinositol-3,4,5-trisphosphate dependent Rac exchange factor 1"
111.755735567301,-1.08390333111423,0.216686830956316,1.13262107717165e-07,8.00465152661048e-07,"ENSG00000124216.5","SNAI1","6615","snail family transcriptional repressor 1"
4871.41364288043,-1.05065906538642,0.0989128846797561,3.71640127068575e-27,1.64213822335945e-25,"ENSG00000124225.17","PMEPA1","56937","prostate transmembrane protein, androgen induced 1"
133.068457705,-1.31178100272686,0.245032744383924,7.4792521263202e-09,6.41476902335839e-08,"ENSG00000228340.9","LINC02910","284756","long intergenic non-protein coding RNA 2910"
3577.89813255097,-1.53131369846339,0.12362672785313,1.59652192465095e-36,1.18937027053345e-34,"ENSG00000130706.15","ADRM1","11047","ADRM1 26S proteasome ubiquitin receptor"
48.0581581529417,-1.69154598030817,0.301346223776465,1.99711674314288e-09,1.86312990296469e-08,"ENSG00000273812.3",NA,NA,NA
2640.23706593415,-2.00305204448,0.207158201692559,1.14412984116912e-23,3.94711997330404e-22,"ENSG00000101187.18","SLCO4A1","28231","solute carrier organic anion transporter family member 4A1"
210.760434039049,-2.79054019240661,0.198334508209925,3.81321585218501e-46,4.98335607258857e-44,"ENSG00000101188.6","NTSR1","4923","neurotensin receptor 1"
35.5985197249338,-1.25384540956116,0.381696172720842,0.000112317127328634,0.000440835434088794,"ENSG00000228705.5","LINC00659","100652730","long intergenic non-protein coding RNA 659"
1529.04828433253,-1.02180134851419,0.117613961613464,6.03548312198896e-19,1.44076138117944e-17,"ENSG00000101199.15","ARFGAP1","55738","ARF GTPase activating protein 1"
300.777301860298,-1.07737615969159,0.201588808408198,1.26696312370079e-08,1.0498569763885e-07,"ENSG00000268858.3",NA,NA,NA
3419.07634429985,-1.02516287596845,0.112124219647475,7.34503244413903e-21,2.00829335675652e-19,"ENSG00000101161.10","PRPF6","24148","pre-mRNA processing factor 6"
369.325516603323,-1.30261719081543,0.1341164274909,2.78818761759415e-23,9.18731650660671e-22,"ENSG00000154734.18","ADAMTS1","9510","ADAM metallopeptidase with thrombospondin type 1 motif 1"
24.2129921343289,-1.51521565361097,0.484687740533926,0.000188515915346153,0.000704410935438096,"ENSG00000237594.2","TIAM1-AS1","150051","TIAM1 antisense RNA 1"
54.4862259016962,-1.36502306107081,0.206164638296391,4.3011936535551e-12,5.38819718371025e-11,"ENSG00000159231.8","CBR3","874","carbonyl reductase 3"
41.9571837823902,-1.09956493713261,0.2394124045662,8.13074405149532e-07,4.96571105022215e-06,"ENSG00000230479.2","CLDN14-AS1","105369301","CLDN14 antisense RNA 1"
128.74015269754,-1.25319844570761,0.190405661052626,6.87002612644631e-12,8.40814864253401e-11,"ENSG00000157551.21","KCNJ15","3772","potassium inwardly rectifying channel subfamily J member 15"
770.416480159972,-1.20045495040757,0.272817803671755,1.64665879523972e-06,9.50697314915455e-06,"ENSG00000183421.13","RIPK4","54101","receptor interacting serine/threonine kinase 4"
13.2563207337654,-2.44231921635682,0.553944382086428,7.39671887807228e-07,4.55166806938359e-06,"ENSG00000160182.4","TFF1","7031","trefoil factor 1"
104.848470875355,-1.47703877786904,0.304540149691051,1.44007217918387e-07,1.00300505569896e-06,"ENSG00000160191.20","PDE9A","5152","phosphodiesterase 9A"
639.700089011089,-1.21838832252032,0.160079600948038,3.47514859799333e-15,5.96109750051782e-14,"ENSG00000160193.14","WDR4","10785","WDR4 tRNA N7-guanosine methyltransferase non-catalytic subunit"
263.034606730275,-1.18840248116548,0.547204602356899,0.00351541123458903,0.0089972571995596,"ENSG00000160201.14","U2AF1","7307","U2 small nuclear RNA auxiliary factor 1"
416.403807714731,-1.2430790394926,0.259607031556153,1.21916891079309e-07,8.55748920042794e-07,"ENSG00000160256.16","SLX9","85395","SLX9 ribosome biogenesis factor"
40.9147944164679,-1.24508106902463,0.224516291769616,4.50130673005794e-09,3.99564486512445e-08,"ENSG00000276529.1",NA,NA,NA
882.242119610918,-1.42752404438504,0.279614635751173,1.56916736492475e-08,1.28032433515898e-07,"ENSG00000173638.21","SLC19A1","6573","solute carrier family 19 member 1"
42.828099415546,-1.68531934146926,0.387770320135836,1.41063600513481e-06,8.26497638114891e-06,"ENSG00000183570.19","PCBP3","54039","poly(rC) binding protein 3"
626.1177852812,-2.23219974372184,0.245027083200816,6.76791435777784e-21,1.86371441627307e-19,"ENSG00000142173.19","COL6A2","1292","collagen type VI alpha 2 chain"
207.506306134788,-2.10590698060341,0.282548767144418,5.70368236061701e-15,9.53974898948752e-14,"ENSG00000160284.17","SPATC1L","84221","spermatogenesis and centriole associated 1 like"
13.8349597319153,-1.05697315207385,0.395532951327938,0.00133395371770336,0.00391156118667114,"ENSG00000273032.4","DGCR5","26220","DiGeorge syndrome critical region gene 5"
98.736116954318,-1.19363568565943,0.350410849315198,4.8460440051463e-05,0.000207990104657281,"ENSG00000185838.16","GNB1L","54584","G protein subunit beta 1 like"
149.105734879987,-1.2168839863809,0.284634111670043,1.63319808053552e-06,9.43278936327277e-06,"ENSG00000040608.15","RTN4R","65078","reticulon 4 receptor"
605.623610794575,-1.27682028523553,0.373760932924007,2.77006246019995e-05,0.000125934944571767,"ENSG00000128185.12","DGCR6L","85359","DiGeorge syndrome critical region gene 6 like"
648.359345069759,-1.20420863606283,0.366241007131375,5.54092734339798e-05,0.000234743518028957,"ENSG00000161179.16","YDJC","150223","YdjC chitooligosaccharide deacetylase homolog"
375.242662273827,-1.1956181640588,0.278046030788747,1.2473029932053e-06,7.38658197320233e-06,"ENSG00000128228.7","SDF2L1","23753","stromal cell derived factor 2 like 1"
320.565818010162,-1.16086801356135,0.355765906956673,7.04594615519959e-05,0.000290911742059793,"ENSG00000250479.11","CHCHD10","400916","coiled-coil-helix-coiled-coil-helix domain containing 10"
17.7445783396267,-2.1586073099714,0.417684976981088,1.6866276856064e-08,1.37180830905782e-07,"ENSG00000218537.1",NA,NA,NA
22.8515191985041,-1.11227526497304,0.305528590658959,4.56401321467028e-05,0.000196926826478541,"ENSG00000128203.9","ASPHD2","57168","aspartate beta-hydroxylase domain containing 2"
116.864317770982,-2.68741965603647,0.673591983766814,4.86849981024284e-08,3.64275281774648e-07,"ENSG00000169184.7","MN1","4330","MN1 proto-oncogene, transcriptional regulator"
62.0564613666909,-1.00673402649262,0.2007516006664,1.12041858156799e-07,7.92567658089907e-07,"ENSG00000100154.16","TTC28","23331","tetratricopeptide repeat domain 28"
337.038108516519,-1.10761818972593,0.271133706762381,4.14543122681403e-06,2.23051971209697e-05,"ENSG00000185340.18","GAS2L1","10634","growth arrest specific 2 like 1"
67.385242929415,-1.12491717409399,0.397740379502703,0.000433311930310467,0.00147053329166323,"ENSG00000242114.8","MTFP1","51537","mitochondrial fission process 1"
205.834651783463,-2.29575791559844,0.583311565266233,1.50159601415003e-06,8.73156566146591e-06,"ENSG00000128242.15","GAL3ST1","9514","galactose-3-O-sulfotransferase 1"
1320.20828010033,-1.14038026664421,0.0905083599324033,3.5336531349191e-37,2.71106791012873e-35,"ENSG00000100029.20","PES1","23481","pescadillo ribosomal biogenesis factor 1"
83.8539266954372,-1.40114016652595,0.225012586282636,5.64486153677123e-11,6.24906028417438e-10,"ENSG00000100036.14","SLC35E4","339665","solute carrier family 35 member E4"
130.940315563044,-1.58182800925396,0.19440342151098,3.20833738719835e-17,6.52714654986619e-16,"ENSG00000184792.18","OSBP2","23762","oxysterol binding protein 2"
1061.59804899737,-2.00356323118753,0.0667789282207293,5.04668383133036e-199,7.78249113629454e-195,"ENSG00000183963.21","SMTN","6525","smoothelin"
74.5216100151139,-1.42396654881672,0.649814095012001,0.00101589520625016,0.00308266823604559,"ENSG00000133424.24","LARGE1","9215","LARGE xylosyl- and glucuronyltransferase 1"
2659.08717169322,-1.03447175521715,0.224894389335107,5.07128500567152e-07,3.22093435224302e-06,"ENSG00000100297.18","MCM5","4174","minichromosome maintenance complex component 5"
127.257830136097,-1.4996144756886,0.270328391563182,2.22129628102181e-09,2.05733393090915e-08,"ENSG00000100360.17","IFT27","11020","intraflagellar transport 27"
405.683236364651,-1.07918466243511,0.294101779586355,2.41520953832731e-05,0.000111311853827093,"ENSG00000128311.16","TST","7263","thiosulfate sulfurtransferase"
205.533530054326,-1.81532904070456,0.140721148001872,4.57491487606379e-39,3.9858622770497e-37,"ENSG00000100379.20","KCTD17","79734","potassium channel tetramerization domain containing 17"
624.516219189973,-1.80992008662376,0.0706061810035339,5.9193569551709e-146,1.52137339342817e-142,"ENSG00000133466.16","C1QTNF6","114904","C1q and TNF related 6"
2681.2144265315,-1.28434949548578,0.209894887325452,5.27250888222682e-11,5.8663318522958e-10,"ENSG00000128340.18","RAC2","5880","Rac family small GTPase 2"
39.8069100707671,-1.35979338914629,0.2986541236638,7.06614101511244e-07,4.36391512190825e-06,"ENSG00000100055.23","CYTH4","27128","cytohesin 4"
618.598769198313,-1.31018902226832,0.139079540577903,4.60529275635386e-22,1.3979964487349e-20,"ENSG00000100065.17","CARD10","29775","caspase recruitment domain family member 10"
2324.95232927517,-1.41505100452422,0.276236954803457,1.19889417190178e-08,9.98280076938298e-08,"ENSG00000128283.9","CDC42EP1","11135","CDC42 effector protein 1"
85.254526779392,-1.04064604442051,0.578396657424534,0.00356809559920514,0.0091053453972104,"ENSG00000241360.3","PDXP","57026","pyridoxal phosphatase"
947.369567753425,-1.15916587858272,0.299949692141141,8.27842856261216e-06,4.21743134668127e-05,"ENSG00000187051.11","RPS19BP1","91582","ribosomal protein S19 binding protein 1"
40.2243127513954,-1.31165082202776,0.308894173712778,1.86766569030739e-06,1.06592422687751e-05,"ENSG00000226085.3",NA,NA,NA
4060.82359667527,-1.0521725136509,0.278677208883236,1.69237843561981e-05,8.04010100298616e-05,"ENSG00000100401.23","RANGAP1","5905","Ran GTPase activating protein 1"
1836.26842076602,-1.16517023348899,0.249205111936195,2.34380519749916e-07,1.57420818600324e-06,"ENSG00000189306.14","RRP7A","27341","ribosomal RNA processing 7 homolog A"
1551.69518393716,-1.15272458650631,0.49912656091065,0.000818539582746312,0.00256506785318652,"ENSG00000100300.20","TSPO","706","translocator protein"
2942.15901984299,-1.05219553153744,0.33825810670236,0.000154844459889811,0.000589739791543782,"ENSG00000100304.14","TTLL12","23170","tubulin tyrosine ligase like 12"
29.1416493483189,-1.17770789457239,0.583281176116122,0.00582566137798812,0.0138809524273725,"ENSG00000159307.22","SCUBE1","80274","signal peptide, CUB domain and EGF like domain containing 1"
329.431257514529,-1.42901236701258,0.170278261929879,4.31493052295376e-18,9.50579194206714e-17,"ENSG00000188677.16","PARVB","29780","parvin beta"
378.520332676623,-1.08874368495326,0.142761709142996,4.78946377343343e-15,8.07194763389257e-14,"ENSG00000077942.21","FBLN1","2192","fibulin 1"
540.062180292548,-1.00198195125538,0.399145800252058,0.00098181063525985,0.00299396911337594,"ENSG00000073169.16","SELENOO","83642","selenoprotein O"
323.91318008044,-1.03410722011366,0.280072921655538,2.42246072857927e-05,0.000111512737001256,"ENSG00000284194.5","SCO2","9997","synthesis of cytochrome C oxidase 2"
1066.50661861191,-1.10842534795838,0.35112604479301,0.000112001851344917,0.000439821886832177,"ENSG00000178605.17","GTPBP6","8225","GTP binding protein 6"
17.1240460812745,-1.80046305696842,0.383842665845069,3.69106549548471e-07,2.40067148907084e-06,"ENSG00000205755.13","CRLF2","64109","cytokine receptor like factor 2"
164.617292013341,-1.16900105966817,0.529546050928283,0.00108878610184083,0.00327092806313754,"ENSG00000197582.5",NA,NA,NA
1371.11795379277,-1.00405006418216,0.0904111176686285,2.44395450305824e-29,1.23567942267741e-27,"ENSG00000123131.15","PRDX4","10549","peroxiredoxin 4"
53.5062932822893,-1.08428885585102,0.588998833126654,0.00532259812054166,0.012841017774855,"ENSG00000101955.17","SRPX","8406","sushi repeat containing protein X-linked"
2349.91301769136,-1.01110754274645,0.349654161539027,0.000339009074084289,0.00118464965589255,"ENSG00000102265.14","TIMP1","7076","TIMP metallopeptidase inhibitor 1"
703.837121503312,-1.57285915318423,0.156303473670875,1.09168855775384e-24,4.11611962081222e-23,"ENSG00000017483.18","SLC38A5","92745","solute carrier family 38 member 5"
701.469027379818,-1.02827225363593,0.224652551816406,6.1904708521995e-07,3.86804096482044e-06,"ENSG00000101945.19","SUV39H1","6839","SUV39H1 histone lysine methyltransferase"
124.574030995293,-2.75502242693896,0.327585548352717,4.49460868750037e-18,9.87341318660159e-17,"ENSG00000102109.11","PCSK1N","27344","proprotein convertase subtilisin/kexin type 1 inhibitor"
76.5370412438067,-1.01580432970152,0.237294647631682,3.99541313253508e-06,2.15581756182027e-05,"ENSG00000102057.13","KCND1","3750","potassium voltage-gated channel subfamily D member 1"
918.285913064802,-1.12077942163114,0.22477380737595,6.63093681097886e-08,4.84394488688323e-07,"ENSG00000072506.16","HSD17B10","3028","hydroxysteroid 17-beta dehydrogenase 10"
55.1167805571628,-1.11912766750458,0.362861369200914,0.000223188745523247,0.000818694967819695,"ENSG00000187601.5","MAGEH1","28986","MAGE family member H1"
13.3316813747683,-1.18697235273251,0.47054779964166,0.00125283428232699,0.00369618470781798,"ENSG00000102043.17","MTMR8","55613","myotubularin related protein 8"
75.4548070919621,-1.53541526811802,0.165776592066878,2.4138874621886e-21,6.89343676933525e-20,"ENSG00000126970.18","ZC4H2","55906","zinc finger C4H2-type containing"
1629.70282257599,-1.09312685141831,0.0672329087863214,3.83745711007831e-60,8.3348487457067e-58,"ENSG00000001497.20","LAS1L","81887","LAS1 like ribosome biogenesis factor"
11867.4036142764,-1.3573541086416,0.0609805485544171,8.36298892156614e-111,1.28965652159471e-107,"ENSG00000147065.20","MSN","4478","moesin"
85.2577564780228,-1.63171768443759,0.233722115425616,2.98570669456806e-13,4.21635374880348e-12,"ENSG00000130052.15","STARD8","9754","StAR related lipid transfer domain containing 8"
1884.39078725526,-1.72398312300172,0.126178952612475,8.01941139173572e-44,8.96140167188091e-42,"ENSG00000090776.8","EFNB1","1947","ephrin B1"
36.8047468812295,-1.24298441604639,0.301811156806169,4.71208053212898e-06,2.51522997182281e-05,"ENSG00000130054.6","NALF2","27112","NALCN channel auxiliary factor 2"
25.0815008946978,-1.85842280777417,0.334869737491612,2.99847216467601e-09,2.73768142400644e-08,"ENSG00000147168.15","IL2RG","3561","interleukin 2 receptor subunit gamma"
25.8726838767211,-1.98416755436111,0.357788912582657,2.18190762158294e-09,2.02450044719798e-08,"ENSG00000169562.15","GJB1","2705","gap junction protein beta 1"
14.2888248160934,-1.05509131888608,0.385627708164581,0.000994330864511817,0.00302556753386676,"ENSG00000281566.5",NA,NA,NA
85.0713086683902,-1.96530508176474,0.274038522282842,7.99473288953147e-14,1.19348282564826e-12,"ENSG00000165376.14","CLDN2","9075","claudin 2"
102.355981034865,-1.95500519736736,0.64002939136895,1.13022076985249e-05,5.57732303740646e-05,"ENSG00000101842.15","VSIG1","340547","V-set and immunoglobulin domain containing 1"
41.7223772147826,-2.32381553511618,0.50338844286576,5.44977789658287e-08,4.03461473563152e-07,"ENSG00000147257.18","GPC3","2719","glypican 3"
23.3428783757193,-1.78698161719286,0.258414775971449,4.76188312648336e-13,6.56824684199463e-12,"ENSG00000170965.12","PLAC1","10761","placenta enriched 1"
14.3325059712041,-1.67930586339039,0.361260929033064,3.34255317470838e-07,2.18505775782865e-06,"ENSG00000046774.10","MAGEC2","51438","MAGE family member C2"
1139.92688431411,-1.1215296199387,0.0905126470451628,4.61609893479511e-36,3.3109237987663e-34,"ENSG00000102181.24","CD99L2","83692","CD99 molecule like 2"
22.0350760412911,-1.04195350519292,0.302255293030356,0.000108744451804328,0.000429161536598415,"ENSG00000183479.15","TREX2","11219","three prime repair exonuclease 2"
423.649005030532,-1.07843607486383,0.207341488137034,2.47036509459923e-08,1.94364796550075e-07,"ENSG00000262919.10","CCNQ","92002","cyclin Q"
5129.66776929295,-1.00158073623789,0.156344245691136,2.48679367429608e-11,2.88120550348007e-10,"ENSG00000172534.16","HCFC1","3054","host cell factor C1"
7738.369810266,-1.06820816173371,0.329013270682634,9.61112012553226e-05,0.000384469736591007,"ENSG00000184216.17","IRAK1","3654","interleukin 1 receptor associated kinase 1"
31.8732369302212,-1.06969000708703,0.295714622888504,5.33755479513697e-05,0.000227188607496018,"ENSG00000197180.5","ATP6AP1-DT","158960","ATP6AP1 divergent transcript"
703.599841294408,-1.01557672066139,0.177394051519826,1.48090885209504e-09,1.39761905802678e-08,"ENSG00000126903.18","SLC10A3","8273","solute carrier family 10 member 3"
18.2944880887634,-1.05095144154899,0.398500110785171,0.00111725217969468,0.00334416651068936,"ENSG00000306316.1",NA,NA,NA
81.0969170057451,-1.40954130100412,0.238562650118169,2.83718436871481e-10,2.92656990969572e-09,"ENSG00000277150.2","F8A3","474384","coagulation factor VIII associated 3"
204.115681539924,-1.05900133481541,0.298186013349762,7.03105737770163e-05,0.000290374761171764,"ENSG00000295056.1",NA,NA,NA
