"baseMean","log2FoldChange","lfcSE","pvalue","padj","gene_id","SYMBOL","ENTREZID","GENENAME"
14.9274656338472,1.29647894368248,0.366962405348674,5.67444292838955e-05,0.000239610033950425,"ENSG00000292994.2","LOC127239154","127239154","uncharacterized LOC127239154"
21.3598291924323,1.29626217809198,0.322887964820333,8.34209598284881e-06,4.24565881688157e-05,"ENSG00000290385.2",NA,NA,NA
42.698086802031,1.12766490891153,0.218577265554999,4.54288216768456e-08,3.4234042263159e-07,"ENSG00000272141.1",NA,NA,NA
59.7508796795908,2.48455355847363,0.25624321672474,1.47333723708827e-23,5.00447875179255e-22,"ENSG00000235098.11","ANKRD65","441869","ankyrin repeat domain 65"
24.9894074781629,1.65269068789626,0.31516317453725,1.58765359894083e-08,1.29472269430283e-07,"ENSG00000228526.9","MIR34AHG","106614088","MIR34A host gene"
21.4789610842007,1.1183290424628,0.34384587739323,0.00017619041810996,0.000662852509800852,"ENSG00000234546.6","LNCTAM34A","102724571","long non coding transcriptional activator of miR34a"
24.7467472907322,2.23148956807817,0.340977432856288,4.42061218226461e-12,5.52881268959469e-11,"ENSG00000290842.2","CROCCP3","114819","CROCC pseudogene 3"
14.6611265199721,1.20810030891754,0.3527891300079,0.000109636093507914,0.000431785567952994,"ENSG00000226029.1","LINC01772","107984921","long intergenic non-protein coding RNA 1772"
497.602904882025,1.1982511801306,0.114399172239451,1.67278793274748e-26,7.02889992122585e-25,"ENSG00000117602.15","RCAN3","11123","RCAN family member 3"
2590.81246782223,2.0740477660595,0.216515716051872,1.2572827407531e-23,4.29901488806067e-22,"ENSG00000169504.17","CLIC4","25932","chloride intracellular channel 4"
537.91808004755,1.2216265027669,0.218692959265978,2.08159864748921e-09,1.93842589027361e-08,"ENSG00000117616.20","RSRP1","57035","arginine and serine rich protein 1"
162.96681130206,1.47796853085586,0.378308224845782,3.86857832228447e-06,2.09471019339708e-05,"ENSG00000175087.12","PDIK1L","149420","PDLIM1 interacting kinase 1 like"
18.6328112119237,1.97074430811499,0.357728234799587,3.0308271425184e-09,2.765584932827e-08,"ENSG00000270605.2",NA,NA,NA
52.0488383029395,1.52065915868247,0.633280131443265,0.000388760014077478,0.00133579950469893,"ENSG00000188060.9","RAB42","115273","RAB42, member RAS oncogene family"
66.9394354565878,1.1388995214979,0.19034473636261,4.10678617297490e-10,4.16649668246354e-09,"ENSG00000225828.2","FAM229A","100128071","family with sequence similarity 229 member A"
118.919487383202,1.20084777389234,0.277921909222196,1.35373028322136e-06,7.9770251041485e-06,"ENSG00000163867.19","ZMYM6","9204","zinc finger MYM-type containing 6"
495.33185502507,1.37035924149249,0.21461213954915,1.12894612731784e-11,1.35061894719693e-10,"ENSG00000197056.14","ZMYM1","79830","zinc finger MYM-type containing 1"
1345.20850369307,1.60132677231191,0.128056709254031,3.33150797205884e-37,2.56875922185597e-35,"ENSG00000146463.14","ZMYM4","9202","zinc finger MYM-type containing 4"
321.632876785824,2.2626088611732,0.307277772310276,1.8395118648655e-15,3.24195571063896e-14,"ENSG00000134698.13","AGO4","192670","argonaute RISC component 4"
627.472368173921,1.46102983421116,0.235508434269831,2.60605908978259e-11,3.01711991167697e-10,"ENSG00000126070.22","AGO3","192669","argonaute RISC catalytic component 3"
262.006161146411,1.2917625702921,0.292614000004038,6.0392459665958e-07,3.77814247670888e-06,"ENSG00000214193.13","SH3D21","79729","SH3 domain containing 21"
8669.50924064335,1.09143328002193,0.0770552907350449,3.46173645837293e-46,4.56268700209991e-44,"ENSG00000127603.33","MACF1","23499","microtubule actin crosslinking factor 1"
748.630126581103,1.42730808792848,0.439559422932863,2.9898635665126e-05,0.00013493323400407,"ENSG00000117000.10","RLF","6018","RLF zinc finger"
32.4885979826781,1.23710113943756,0.360284064465275,6.12047134972919e-05,0.000256199209240429,"ENSG00000272145.3",NA,NA,NA
118.306598512046,1.92628231182557,1.06738644542373,0.000123727284491694,0.000481939493343372,"ENSG00000177181.17","RIMKLA","284716","ribosomal modification protein rimK like family member A"
16.1033420259075,1.21480805283988,0.38849543299129,0.000282345347597246,0.00100811475001091,"ENSG00000186409.20","CCDC30","728621","coiled-coil domain containing 30"
31.1608173521456,1.12059271825477,0.645844489719465,0.00412463137381635,0.0103155920232926,"ENSG00000227533.8","SLC2A1-DT","440584","SLC2A1 divergent transcript"
97.1553751359818,1.1072944208191,0.522932880055412,0.00171407573328841,0.00484293915042883,"ENSG00000070759.19","TESK2","10420","testis associated actin remodelling kinase 2"
401.379375281654,1.03688253582037,0.0823732487932579,6.0759891691648e-37,4.57062580378977e-35,"ENSG00000117461.17","PIK3R3","8503","phosphoinositide-3-kinase regulatory subunit 3"
16.8054836044295,1.58344345181578,0.34431451384703,5.95788106132689e-07,3.73178244706426e-06,"ENSG00000132122.14","SPATA6","54558","spermatogenesis associated 6"
116.524910040242,1.49401000552042,0.559541975723973,0.000251663980263752,0.000911580215080609,"ENSG00000169213.9","RAB3B","5865","RAB3B, member RAS oncogene family"
704.88414939704,1.53630383482439,0.221202203226541,1.60103195550938e-13,2.32700412685299e-12,"ENSG00000134744.16","TUT4","23318","terminal uridylyl transferase 4"
601.707167402486,1.42385856166136,0.278280262891673,1.41111056788183e-08,1.15871864043161e-07,"ENSG00000162378.15","ZYG11B","79699","zyg-11 family member B, cell cycle regulator"
348.414613719424,1.36396835922519,0.370456283170796,1.08215336122375e-05,5.36070895709331e-05,"ENSG00000121310.19","ECHDC2","55268","enoyl-CoA hydratase domain containing 2"
385.456656330777,1.2955760842051,0.16999412645736,3.05863106695604e-15,5.27007259033844e-14,"ENSG00000162407.11","PLPP3","8613","phospholipid phosphatase 3"
177.956284458053,3.74958718463835,0.379445838428345,1.36534813355818e-25,5.42655504319606e-24,"ENSG00000162409.14","PRKAA2","5563","protein kinase AMP-activated catalytic subunit alpha 2"
616.274908156791,1.42355811042345,0.749548621790546,0.000598166356828158,0.00195223775421101,"ENSG00000162601.14","MYSM1","114803","Myb like, SWIRM and MPN domains 1"
678.952246807806,1.34606186209478,0.384137921177332,1.78220958893019e-05,8.40472601556346e-05,"ENSG00000134709.15","HOOK1","51361","hook microtubule tethering protein 1"
1175.11221801452,1.12711144882103,0.123602303388067,6.80968867672835e-21,1.87187538473846e-19,"ENSG00000132849.23","PATJ","10207","PATJ crumbs cell polarity complex component"
97.7140467223665,1.1963381874423,0.336788201833446,2.75569039206773e-05,0.000125429461440603,"ENSG00000203965.15","EFCAB7","84455","EF-hand calcium binding domain 7"
250.395976161005,1.26768791839482,0.128732106645402,1.04154436968761e-23,3.61749002814248e-22,"ENSG00000185483.14","ROR1","4919","receptor tyrosine kinase like orphan receptor 1"
132.61932312905,1.57034318907342,0.162866721952517,6.72148951441467e-23,2.1612172866541e-21,"ENSG00000116675.16","DNAJC6","9829","DnaJ heat shock protein family (Hsp40) member C6"
142.082760914409,1.04418347307841,0.449235718732308,0.00166757197055645,0.00472800650081835,"ENSG00000116678.21","LEPR","3953","leptin receptor"
37.122803069349,1.02545721568286,0.402811796768661,0.00165437399551775,0.00469663133005877,"ENSG00000152763.19","DNAI4","79819","dynein axonemal intermediate chain 4"
735.797960721312,1.15088731008748,0.40032531004469,0.000229438461088526,0.000838826578578986,"ENSG00000198160.16","MIER1","57708","MIER1 transcriptional regulator"
94.7912152989365,1.26560880744603,0.581755351750311,0.000973547629470113,0.00297427093928494,"ENSG00000254685.10","FPGT","8790","fucose-1-phosphate guanylyltransferase"
414.123336750765,1.4308441406592,0.508265407438069,0.000131919260749663,0.00051100902286374,"ENSG00000137968.17","SLC44A5","204962","solute carrier family 44 member 5"
43.692701010135,1.65561259695882,0.914455729496303,0.000450466396945702,0.00152005302129096,"ENSG00000117069.17","ST6GALNAC5","81849","ST6 N-acetylgalactosaminide alpha-2,6-sialyltransferase 5"
1207.2758391903,1.18999663492977,0.268946367671349,6.99344924512874e-07,4.32827073033648e-06,"ENSG00000077254.16","USP33","23032","ubiquitin specific peptidase 33"
13.8815919548379,1.18928641118975,0.499898237016974,0.00176995079928373,0.00497528459273685,"ENSG00000280099.1",NA,NA,NA
117.887142500079,1.31358963325805,0.503987736894141,0.000299683727721384,0.00106142001956625,"ENSG00000097096.12","SYDE2","84144","synapse defective Rho GTPase homolog 2"
772.186957178916,1.37889538684397,0.25043691735578,1.81472080458041e-09,1.69810737423753e-08,"ENSG00000153936.19","HS2ST1","9653","heparan sulfate 2-O-sulfotransferase 1"
2358.67872741323,1.10928700074536,0.363203548883268,0.000159585502008253,0.000604957725287429,"ENSG00000065243.22","PKN2","5586","protein kinase N2"
6.86116816381244,1.09715787475498,0.787242374322325,0.0121327082194637,0.0259246907928986,"ENSG00000241975.1",NA,NA,NA
76.3917332798092,1.71439026112634,0.408063463797924,6.82476372454919e-07,4.23179257725264e-06,"ENSG00000189195.17","BTBD8","284697","BTB domain containing 8"
93.2070727517619,1.30806832464377,0.324880789281011,3.80356177463643e-06,2.06530725798128e-05,"ENSG00000223745.9",NA,NA,NA
774.326178144407,1.28782681826144,0.239149537951016,5.14289572979261e-09,4.51386426005303e-08,"ENSG00000137942.20","FNBP1L","54874","formin binding protein 1 like"
144.889839560231,1.72562199979497,0.22970816445829,3.59763697202281e-15,6.15068289862126e-14,"ENSG00000152078.12","TLCD4","148534","TLC domain containing 4"
166.95736383648,1.00534794401176,0.285375231824025,5.48725626601342e-05,0.000232661476156703,"ENSG00000185946.18","RNPC3","55599","RNA binding region (RNP1, RRM) containing 3"
40.0083113593954,4.52120624987198,0.529921891769082,1.38144381232696e-18,3.21315912969743e-17,"ENSG00000240038.8","AMY2B","280","amylase alpha 2B"
1890.30655464943,1.9196204453269,0.476133176633054,3.53835639158073e-07,2.30718790336433e-06,"ENSG00000134243.14","SORT1","6272","sortilin 1"
70.5275472740822,1.03408928731663,0.403691577067063,0.00113502850552302,0.00339210747745552,"ENSG00000224699.13","LAMTOR5-AS1","101410535","LAMTOR5 and SLC16A4 antisense RNA 1"
376.63114639934,1.30498865727282,0.242192219298592,5.02332381319424e-09,4.41897755409403e-08,"ENSG00000081026.21","MAGI3","260425","membrane associated guanylate kinase, WW and PDZ domain containing 3"
335.77319197861,1.14183819548138,0.322651307588597,3.29283519351518e-05,0.00014734502566056,"ENSG00000081019.16","RSBN1","54665","round spermatid basic protein 1"
141.579421945278,2.30689211887741,0.455227400414924,3.0837044441662e-09,2.80711984398675e-08,"ENSG00000188761.14","BCL2L15","440603","BCL2 like 15"
128.159561303735,1.1327941806608,0.342629766531755,0.000132005238987803,0.000511213659073558,"ENSG00000175984.18","DENND2C","163259","DENN domain containing 2C"
92.7936227154706,3.33568701234118,0.267461121957607,4.21166120469258e-37,3.19941021859923e-35,"ENSG00000134258.20","VTCN1","79679","V-set domain containing T cell activation inhibitor 1"
1283.45804892409,1.08173693672283,0.407465293496691,0.000501417537532262,0.00167512128385724,"ENSG00000198162.13","MAN1A2","10905","mannosidase alpha class 1A member 2"
274.464104801406,1.31904802742596,0.142506648642443,2.43079045073503e-21,6.92887607038538e-20,"ENSG00000171943.14","SRGAP2C","653464","SLIT-ROBO Rho GTPase activating protein 2C"
36.8451978033377,1.05042154884546,0.348363216466353,0.000403887825018453,0.00138284950035736,"ENSG00000291141.2","EMBP1","647121","embigin pseudogene 1"
138.198510661585,1.16118942544307,0.169608392767478,1.29236619813287e-12,1.70338283259888e-11,"ENSG00000266338.9","NBPF15","284565","NBPF member 15"
74.2068241189988,1.28801378133487,0.295233581120591,1.51009026882551e-06,8.77103654823286e-06,"ENSG00000271425.10","NBPF10","100132406","NBPF member 10"
29.7597268681107,1.77362724593844,0.328842096993268,6.3168890342004e-09,5.46341816020215e-08,"ENSG00000264343.9","NOTCH2NLA","388677","notch 2 N-terminal like A"
50.3324862296573,1.62254387111384,0.668093194897727,0.000212343110704163,0.000783476014929494,"ENSG00000131778.22","CHD1L","9557","chromodomain helicase DNA binding protein 1 like"
137.605128901317,1.27632631509671,0.181119604678066,2.76762670466814e-13,3.92997895144451e-12,"ENSG00000270629.8","NBPF14","25832","NBPF member 14"
31.0156608971391,1.79879311006737,0.317806452795586,1.44820900064986e-09,1.36927228688054e-08,"ENSG00000286019.5","NOTCH2NLB","100996763","notch 2 N-terminal like B"
35.8917119383502,1.7467475090189,0.416530225267928,1.39562106625964e-06,8.18944918675416e-06,"ENSG00000286219.3","NOTCH2NLC","100996717","notch 2 N-terminal like C"
26.1349882964899,1.39283105164774,0.3058469196692,5.76619326792203e-07,3.62201492401734e-06,"ENSG00000143387.16","CTSK","1513","cathepsin K"
87.1265964326731,1.11158228417369,0.287444644786856,1.31590479717545e-05,6.39942222555743e-05,"ENSG00000143630.12","HCN3","57657","hyperpolarization activated cyclic nucleotide gated potassium channel 3"
251.718590611243,1.10878187628058,0.338121643738787,9.50817541550789e-05,0.00038124173968421,"ENSG00000196189.16","SEMA4A","64218","semaphorin 4A"
63.6411466906097,1.5390029095293,0.246436479526778,3.63765210068951e-11,4.13384178664208e-10,"ENSG00000160781.19","PAQR6","79957","progestin and adipoQ receptor family member 6"
36.9171081943801,1.02445191308207,0.347366416555913,0.000469270826412692,0.00157832615356818,"ENSG00000272668.3","LOC107985216","107985216","uncharacterized LOC107985216"
171.597797751785,1.22115385732816,0.236025278441145,2.57225721354688e-08,2.0196934058099e-07,"ENSG00000143217.11","NECTIN4","81607","nectin cell adhesion molecule 4"
1005.68381877385,1.12648044609634,0.166372907107366,1.33736592781673e-12,1.75668824300356e-11,"ENSG00000143164.18","DCAF6","55827","DDB1 and CUL4 associated factor 6"
1328.94800027926,1.0027456994909,0.285807929943796,5.27576580440765e-05,0.000224993319883215,"ENSG00000213064.12","SFT2D2","375035","SFT2 domain containing 2"
47.9420510006272,1.29167632790878,0.183989008468175,4.16272086569845e-13,5.78839661586437e-12,"ENSG00000197959.16","DNM3","26052","dynamin 3"
1054.20706680101,1.50213474674207,0.384018313516917,2.40787717960735e-06,1.34975914164758e-05,"ENSG00000094975.16","SUCO","51430","SUN domain containing ossification factor"
30.9480051960154,2.16331527526012,0.475933504031613,1.30582369994343e-07,9.13661854665501e-07,"ENSG00000120337.10","TNFSF18","8995","TNF superfamily member 18"
192.69265831198,1.78064421937328,0.557285228660934,1.42413544499602e-05,6.88019821343471e-05,"ENSG00000185278.18","ZBTB37","84614","zinc finger and BTB domain containing 37"
486.649552314887,1.39770304367027,0.182015219348312,1.14713693214608e-15,2.06417720310674e-14,"ENSG00000152061.25","RABGAP1L","9910","RAB GTPase activating protein 1 like"
611.39972337981,1.65091538257105,0.248313306446871,9.47141496565985e-13,1.26897211281877e-11,"ENSG00000116191.21","RALGPS2","55103","Ral GEF with PH domain and SH3 binding motif 2"
963.472902113911,1.23719672127009,0.784857423037597,0.00155575006236503,0.00446348310915927,"ENSG00000135837.20","CEP350","9857","centrosomal protein 350"
1312.44988335019,1.18078910648607,0.0888394727006575,4.8070078725816e-41,4.78250763890844e-39,"ENSG00000143324.16","XPR1","9213","xenotropic and polytropic retrovirus receptor 1"
214.165728563199,2.02746485688509,0.39504581551633,2.40320718359918e-09,2.22048280277309e-08,"ENSG00000143344.18","RGL1","23179","ral guanine nucleotide dissociation stimulator like 1"
866.324009660458,1.06576959986786,0.376995218527599,0.000361970104809851,0.00125549729785711,"ENSG00000116406.22","EDEM3","80267","ER degradation enhancing alpha-mannosidase like protein 3"
1367.03494669319,1.33899016389564,0.275115086693586,6.24138220975133e-08,4.57889415112156e-07,"ENSG00000135842.19","NIBAN1","116496","niban apoptosis regulator 1"
1570.49548423038,1.90993012669599,0.116035146995259,6.20387136153495e-62,1.47184461948047e-59,"ENSG00000073756.13","PTGS2","5743","prostaglandin-endoperoxide synthase 2"
411.56541729889,1.08947272337611,0.269150386265099,5.5843695877803e-06,2.93612558517422e-05,"ENSG00000116711.12","PLA2G4A","5321","phospholipase A2 group IVA"
221.362723804199,1.62831300573214,0.611095197153389,8.15648203374848e-05,0.000331963867623213,"ENSG00000177888.10","ZBTB41","360023","zinc finger and BTB domain containing 41"
116.209525459071,2.05649136938871,0.446549975876774,4.06069627521947e-08,3.0858012402894e-07,"ENSG00000213047.15","DENND1B","163486","DENN domain containing 1B"
89.5613422209704,1.17251128103029,0.305551727427698,1.22988054032428e-05,6.01712811305227e-05,"ENSG00000234678.3",NA,NA,NA
88.3907218086009,1.88714018043079,0.42152961657355,1.26483140920758e-07,8.86589325517734e-07,"ENSG00000143847.18","PPFIA4","8497","PPFI scaffold protein A4"
13.2880552889578,1.8461461819382,0.405853598079718,5.19773867045873e-07,3.29311125871586e-06,"ENSG00000257315.5","ZBED6","100381270","zinc finger BED-type containing 6"
382.430892571348,1.4418690336354,0.254428259369579,6.42393234396903e-10,6.36245733309868e-09,"ENSG00000198625.17","MDM4","4194","MDM4 regulator of p53"
37.7493919160153,1.74346274309094,0.918662642195896,0.000443422945227798,0.00150121300512796,"ENSG00000174514.15","SLC60A1","148808","solute carrier family 60 member 1"
1143.97718362468,1.05208074777458,0.453039286167628,0.0012911850887068,0.00379698040674058,"ENSG00000158711.16","ELK4","2005","ETS transcription factor ELK4"
2087.03836240336,1.31148128883084,0.824633971828627,0.00101541900829007,0.00308243632418135,"ENSG00000162896.8","PIGR","5284","polymeric immunoglobulin receptor"
17.9798527159515,1.43666297874654,0.371271311208013,1.15588524481588e-05,5.68486451863533e-05,"ENSG00000203709.15",NA,NA,NA
1546.6699860513,1.98974995833315,0.829795546403198,3.68618672693506e-05,0.00016287875506036,"ENSG00000230937.14","MIR205HG","642587","MIR205 host gene"
137.710814016035,1.66847433457253,0.148044720902268,2.59994907482949e-30,1.41674256830197e-28,"ENSG00000082497.14","SERTAD4","56256","SERTA domain containing 4"
1167.0006579807,1.18832113237577,0.224339957299972,9.91567425203564e-09,8.36028499948833e-08,"ENSG00000123684.15","LPGAT1","9926","lysophosphatidylglycerol acyltransferase 1"
323.480695893632,1.18553558623696,0.359216422548716,5.76861178363253e-05,0.000243186884405132,"ENSG00000136643.14","RPS6KC1","26750","ribosomal protein S6 kinase C1"
4294.05196734491,1.06626265505202,0.681059904562209,0.00329979996257711,0.00852612328407305,"ENSG00000117724.16","CENPF","1063","centromere protein F"
1051.26190647242,1.07868565508488,0.305370797876754,3.79758349361877e-05,0.000166939951696394,"ENSG00000136636.15","KCTD3","51133","potassium channel tetramerization domain containing 3"
39.8661579437669,2.0756149310145,0.287965533950094,4.79420781491104e-14,7.29827035673674e-13,"ENSG00000187554.17","TLR5","7100","toll like receptor 5"
38.4179840956279,2.58930740133882,0.384680889530776,1.23427180678851e-12,1.62959807641144e-11,"ENSG00000143502.18","SUSD4","55061","sushi domain containing 4"
1756.73436830665,1.08767285916158,0.220816984364753,8.65029849732868e-08,6.21893953973452e-07,"ENSG00000154380.21","ENAH","55740","ENAH actin regulator"
1546.29257818165,1.40135730104439,0.335991367307698,8.56117517036509e-07,5.20591018541798e-06,"ENSG00000143776.22","CDC42BPA","8476","CDC42 binding protein kinase alpha"
16.4663229103692,1.15967429614343,0.302562447687825,2.3361466785998e-05,0.000108023142220952,"ENSG00000231563.4",NA,NA,NA
172.370190015698,1.07915981027599,0.376415653499822,0.00032848192728405,0.00115282653633303,"ENSG00000154429.12","CCSAP","126731","centriole, cilia and spindle associated protein"
621.202024319947,1.23264764198071,0.53727621138393,0.000683367626118846,0.00219089649945504,"ENSG00000054267.24","ARID4B","51742","AT-rich interaction domain 4B"
11.8056034014445,1.21692810460218,0.794215103637901,0.00529085890477524,0.012766442680416,"ENSG00000284770.4","TBCE","6905","tubulin folding cofactor E"
198.281375611039,1.35328750534867,0.392715034106288,2.31192294205528e-05,0.000106935104047494,"ENSG00000143669.17","LYST","1130","lysosomal trafficking regulator"
53.6856824598997,2.07638596315659,0.293406426556508,1.60889271948736e-13,2.33622736602773e-12,"ENSG00000226919.5",NA,NA,NA
393.439528713482,1.29931912098106,0.151808296361461,1.36693120248512e-18,3.18420635551708e-17,"ENSG00000179456.14","ZBTB18","10472","zinc finger and BTB domain containing 18"
91.6313429300962,1.2918890902048,0.852722209778631,0.00159729527624622,0.00455977239077988,"ENSG00000290683.2",NA,NA,NA
291.832741318995,1.22741984345744,0.128416092436229,1.79061794174772e-22,5.60103839344656e-21,"ENSG00000143797.14","MBOAT2","129642","membrane bound glycerophospholipid O-acyltransferase 2"
158.191944329928,1.46794796857131,0.138917882402276,4.42631290451995e-27,1.9446772450314e-25,"ENSG00000134317.19","GRHL1","29841","grainyhead like transcription factor 1"
8.29914796623175,1.17360020322438,0.477326237090879,0.00210518671144129,0.00578270115374708,"ENSG00000119782.15","FKBP1B","2281","FKBP prolyl isomerase 1B"
337.997563310717,1.09832510043856,0.174643862111842,4.09354010596684e-11,4.61788456284672e-10,"ENSG00000084676.18","NCOA1","8648","nuclear receptor coactivator 1"
20.0923108309707,1.13889819905197,0.412783178409915,0.000736101042912188,0.00233760588606854,"ENSG00000176714.12","CCDC121","79635","coiled-coil domain containing 121"
147.08345429175,1.81578981825794,0.265440188583175,3.98418460948512e-13,5.55014551606776e-12,"ENSG00000213626.14","LBH","81606","LBH regulator of Wnt signaling pathway"
285.65816312824,1.05866522303425,0.204150722210632,2.81641489673629e-08,2.19822783916326e-07,"ENSG00000021574.17","SPAST","6683","spastin"
971.742871633184,1.08877253151699,0.428421080286197,0.000714639186491556,0.0022769526642327,"ENSG00000115808.15","STRN","6801","striatin"
831.225600091831,1.21608163287369,0.34491066436923,2.5243185613862e-05,0.000115546205209666,"ENSG00000115904.17","SOS1","6654","SOS Ras/Rac guanine nucleotide exchange factor 1"
2513.56187522707,1.08643859733248,0.117839860652618,4.48263574537674e-21,1.25456852685036e-19,"ENSG00000143924.21","EML4","27436","EMAP like 4"
291.676160384377,1.66086792898789,0.112460200892925,2.36194093154571e-50,3.57093050052611e-48,"ENSG00000152527.16","PLEKHH2","130271","pleckstrin homology, MyTH4 and FERM domain containing H2"
212.389423218087,1.00739756061234,0.186695337489231,1.22341298875896e-08,1.01650063036917e-07,"ENSG00000119729.14","RHOQ","23433","ras homolog family member Q"
26.2974728480403,1.12467786181139,0.42581068164352,0.00126548522442104,0.00372838978438903,"ENSG00000243244.9","STON1","11037","stonin 1"
27.167735573576,1.20596331950108,0.40451524901212,0.000312723174182953,0.00110304301671439,"ENSG00000162994.18","CLHC1","130162","clathrin heavy chain linker domain containing 1"
697.78608268197,1.12329617747489,0.534644523774802,0.00149094703295205,0.00430076584271484,"ENSG00000115355.20","CCDC88A","55704","coiled-coil and HOOK domain protein 88A"
268.243141487865,1.0281337980615,0.636377299149862,0.00442592866235628,0.0109677399810696,"ENSG00000162924.18","REL","5966","REL proto-oncogene, NF-kB subunit"
212.313826114221,1.83330763384417,0.572882374242544,1.4354836034819e-05,6.92634313181928e-05,"ENSG00000293434.2","AHSA2P","130872","activator of HSP90 ATPase homolog 2, pseudogene"
1716.85725104016,1.18556584524123,0.613686658193156,0.00145931421721563,0.00422453248426548,"ENSG00000115464.16","USP34","9736","ubiquitin specific peptidase 34"
84.3864116667746,1.07708740019703,0.31234514426262,6.35575304538741e-05,0.000265255934270417,"ENSG00000170264.15","FAM161A","84140","FAM161 centrosomal protein A"
427.80784635716,1.04968147273373,0.123565393062896,3.23097945413771e-18,7.22100495105184e-17,"ENSG00000197329.14","PELI1","57162","pellino E3 ubiquitin protein ligase 1"
11.853665711724,1.28352109332619,0.467367538737519,0.000833001908092398,0.00260351082786641,"ENSG00000225889.11",NA,NA,NA
299.270587808987,1.43781613725256,0.336737978709588,8.09867137477928e-07,4.95004404559934e-06,"ENSG00000143971.11","ETAA1","54465","ETAA1 activator of ATR kinase"
54.5828697700835,1.24085152190797,0.315206172809473,8.42594964365087e-06,4.28409394839235e-05,"ENSG00000204923.6","FBXO48","554251","F-box protein 48"
365.377151561848,1.12676441697263,0.103015422431285,1.14522556081119e-28,5.66042415809915e-27,"ENSG00000087338.7","GMCL1","64395","germ cell-less 1, spermatogenesis associated"
705.889756423077,1.11013922621331,0.446412058786963,0.000736517009795876,0.0023379068930899,"ENSG00000116001.19","TIA1","7072","TIA1 cytotoxic granule associated RNA binding protein"
1282.79966682652,1.09942512742491,0.517125541575477,0.00134938648426879,0.0039470578478583,"ENSG00000075292.22","ZNF638","27332","zinc finger protein 638"
9.85177068664562,1.04354132220757,1.00254899309814,0.0077926448843686,0.0177582941867664,"ENSG00000289463.1",NA,NA,NA
596.185561560095,1.02802485065503,0.511121738454184,0.00249929731164224,0.00671691597121559,"ENSG00000116127.21","ALMS1","7840","ALMS1 centrosome and basal body associated protein"
644.721394359333,1.10026598062898,0.167567119801994,7.02106351671147e-12,8.5811153758132e-11,"ENSG00000115548.19","KDM3A","55818","lysine demethylase 3A"
82.176045825726,1.46947708065009,0.268943380561879,3.06927459886308e-09,2.79735718611511e-08,"ENSG00000144026.16","ZNF514","84874","zinc finger protein 514"
1005.72341522989,3.96579080197748,0.273725747733339,4.57341654682121e-51,7.42385858616104e-49,"ENSG00000232931.7",NA,NA,NA
368.494243927308,4.17558815051026,0.228920311697292,1.13562557212197e-75,4.60854788097182e-73,"ENSG00000174501.16","ANKRD36C","400986","ankyrin repeat domain 36C"
153.35020395402,2.3476543963535,0.515988820777774,2.27579106881169e-08,1.80529702017207e-07,"ENSG00000135976.22","ANKRD36","375248","ankyrin repeat domain 36"
28.8050377029095,1.29562284278999,1.26944950995855,0.0018012373097083,0.00505585739952889,"ENSG00000230606.12",NA,NA,NA
113.144422208346,1.89460320722952,0.310761001661854,3.7420166825809e-11,4.24306171044706e-10,"ENSG00000196912.14","ANKRD36B","57730","ankyrin repeat domain 36B"
108.889209851441,2.73175205326765,0.295390963135992,1.2436346264392e-21,3.66693873313937e-20,"ENSG00000071073.15","MGAT4A","11320","alpha-1,3-mannosyl-glycoprotein 4-beta-N-acetylglucosaminyltransferase A"
56.7889664675134,1.03898588947229,0.209432470141993,1.66210508668904e-07,1.14323472532701e-06,"ENSG00000273045.9","C2orf15","150590","chromosome 2 open reading frame 15"
81.738159109009,1.00745734688027,0.373620215113801,0.000723429480792446,0.00230068179486498,"ENSG00000175874.11","CREG2","200407","cellular repressor of E1A stimulated genes 2"
333.22244206857,2.57310351988309,0.603574692140751,1.89728317091166e-08,1.52464845120525e-07,"ENSG00000115594.14","IL1R1","3554","interleukin 1 receptor type 1"
102.117604128731,1.41789243353381,0.229902090634449,5.18675173284952e-11,5.77508292218574e-10,"ENSG00000115616.5","SLC9A2","6549","solute carrier family 9 member A2"
28.0219269355429,1.248278136692,0.369597840832309,0.000146627245194888,0.000561225015117374,"ENSG00000144057.18","ST6GAL2","84620","ST6 beta-galactoside alpha-2,6-sialyltransferase 2"
526.945100195848,1.28001422941259,0.544853498123103,0.000573356098247543,0.0018828203558508,"ENSG00000135968.24","GCC2","9648","GRIP and coiled-coil domain containing 2"
108.07012477841,1.93507594773355,0.230185705030084,3.50112147042358e-18,7.77965334227694e-17,"ENSG00000135960.12","EDAR","10913","ectodysplasin A receptor"
15.280442656975,1.14821696544415,0.377045049685948,0.000363975340488313,0.00126088524312105,"ENSG00000183054.15","RGPD6","729540","RANBP2 like and GRIP domain containing 6"
48.5789745644066,2.52889510181204,0.7268804187808,1.06312692120644e-06,6.3569136300599e-06,"ENSG00000153093.23","ACOXL","55289","acyl-CoA oxidase like"
453.839800960988,1.0352519863029,0.152723709688168,2.09931155417698e-12,2.71361973821988e-11,"ENSG00000153094.27","BCL2L11","10018","BCL2 like 11"
174.010827717943,1.21897225613569,0.277971919440433,1.01295014528557e-06,6.07809501573884e-06,"ENSG00000153208.21","MERTK","10461","MER proto-oncogene, tyrosine kinase"
75.9570426025092,1.49369641988995,0.178886288581276,9.80497593434789e-18,2.09421792082519e-16,"ENSG00000188177.17","ZC3H6","376940","zinc finger CCCH-type containing 6"
20.9089555688178,1.36938515945504,0.491423029896449,0.000407197063420989,0.00139170787123561,"ENSG00000169629.13","RGPD8","727851","RANBP2 like and GRIP domain containing 8"
875.197245665035,1.16829343275521,0.306770918185161,1.03627626040626e-05,5.14501487821151e-05,"ENSG00000115084.17","SLC35F5","80255","solute carrier family 35 member F5"
33.5054126282313,1.13219993667641,0.743277980698187,0.00439627349688109,0.0109065208486814,"ENSG00000236255.3",NA,NA,NA
369.227813959798,1.18107503181297,0.167380466810524,2.39123994444218e-13,3.40492254692917e-12,"ENSG00000125629.18","INSIG2","51141","insulin induced gene 2"
283.748235525334,1.06915343479247,0.481589914407922,0.00154989674937135,0.00445083012515003,"ENSG00000088179.11","PTPN4","5775","protein tyrosine phosphatase non-receptor type 4"
350.438434827332,1.04514577433091,0.110280001727227,5.23810037880819e-22,1.58385776356081e-20,"ENSG00000115109.16","EPB41L5","57669","erythrocyte membrane protein band 4.1 like 5"
221.511731610681,2.91794124431959,0.23092439444178,7.52127669415976e-38,5.91763305615498e-36,"ENSG00000163083.7","INHBB","3625","inhibin subunit beta B"
908.000848031061,1.08991385239545,0.49438253316559,0.00139265916454523,0.00405593899460849,"ENSG00000169967.19","MAP3K2","10746","mitogen-activated protein kinase kinase kinase 2"
105.198657607227,1.09789764738533,0.130820937702929,1.1164220465567e-17,2.36163846089861e-16,"ENSG00000150540.16","HNMT","3176","histamine N-methyltransferase"
192.862393536819,1.14306886326823,0.194424473479397,5.07511054125379e-10,5.10190871295142e-09,"ENSG00000121964.17","QTMAN","79712","queuosine-tRNA mannosyltransferase"
190.623988182222,1.26867997165929,0.323828386027054,5.80948063733961e-06,3.04513939185636e-05,"ENSG00000187123.17","LYPD6","130574","LY6/PLAUR domain containing 6"
15.2010674037462,1.171194525152,0.600954996365755,0.00626643298120115,0.0147782020191318,"ENSG00000182389.21","CACNB4","785","calcium voltage-gated channel auxiliary subunit beta 4"
1432.8063157698,1.1410598370982,0.352554635673098,8.4476558604354e-05,0.000343180455805517,"ENSG00000115159.19","GPD2","2820","glycerol-3-phosphate dehydrogenase 2"
466.51645185786,1.45769209087726,0.519983751724712,0.000105178625758815,0.000416956192243364,"ENSG00000123636.22","BAZ2B","29994","bromodomain adjacent to zinc finger domain 2B"
137.698518832601,1.02253874404242,0.116792273142151,4.90050994893257e-19,1.1734590671194e-17,"ENSG00000241399.9","CD302","9936","CD302 molecule"
756.66573164818,1.10185768649167,0.164325381490332,2.78633915655066e-12,3.55108563084031e-11,"ENSG00000115221.15","ITGB6","3694","integrin subunit beta 6"
359.014160492659,1.03255599310166,0.296465635419509,5.71944507778257e-05,0.00024131207262513,"ENSG00000136560.16","TANK","10010","TRAF family member associated NFKB activator"
1684.55037379784,1.39857538251086,0.286295283847781,4.61984452875875e-08,3.47694594816929e-07,"ENSG00000172292.17","CERS6","253782","ceramide synthase 6"
47.6222503753671,1.03726312569882,0.326561498063339,0.000202048037249137,0.000749346508518264,"ENSG00000144362.14","PHOSPHO2","493911","phosphatase, orphan 2"
93.4772365727805,1.6450873364827,0.346836608952832,7.56373043406555e-08,5.47606981332041e-07,"ENSG00000071967.14","CYBRD1","79901","cytochrome b reductase 1"
542.697757427633,1.09890776697779,0.123297284829873,5.79114132404467e-20,1.49090468043561e-18,"ENSG00000152256.16","PDK1","5163","pyruvate dehydrogenase kinase 1"
1487.58622777678,1.01108102809714,0.388227477822742,0.000723825363691627,0.00230146617185332,"ENSG00000172845.19","SP3","6670","Sp3 transcription factor"
27.8785416203073,1.4306540047328,0.372538103692758,1.55999169149406e-05,7.47564694671533e-05,"ENSG00000163328.16","GPR155","151556","G protein-coupled receptor 155"
52.6599122730773,1.11439567121254,0.269425394297198,5.93352460629524e-06,3.10593628491782e-05,"ENSG00000213963.7","LOC100130691","100130691","Putative uncharacterized protein FLJ44553"
61.5565383778619,2.34820705469267,0.27805534250188,2.2499460542059e-18,5.11746579674177e-17,"ENSG00000237298.12","TTN-AS1","100506866","TTN antisense RNA 1"
563.332283416338,1.07259612562333,0.17542139846335,1.32105512465158e-10,1.41275943670264e-09,"ENSG00000187231.16","SESTD1","91404","SEC14 and spectrin domain containing 1"
17.6183652747287,1.24360634987618,0.441203415401455,0.00109135664512239,0.00327619443730434,"ENSG00000170396.9","ZNF804A","91752","zinc finger protein 804A"
3326.93561109617,1.50507385651432,0.2510586337637,8.48468144783657e-11,9.24680371781539e-10,"ENSG00000138448.15","ITGAV","3685","integrin subunit alpha V"
101.860053403111,1.03550567140703,0.87833676477651,0.00391447564356342,0.00986519511348121,"ENSG00000144369.16","FAM171B","165215","family with sequence similarity 171 member B"
17.6443246200138,1.95353949897392,0.422872265636629,3.75704169287021e-07,2.43536527724891e-06,"ENSG00000064989.15","CALCRL","10203","calcitonin receptor like receptor"
426.497494631145,1.18593896488623,0.20909514320991,1.31487904966005e-09,1.25097199383545e-08,"ENSG00000081320.14","STK17B","9262","serine/threonine kinase 17b"
255.562284426203,1.40424944480077,0.595093509928616,0.000364573531225536,0.00126225604513448,"ENSG00000197121.17","PGAP1","80055","post-GPI attachment to proteins inositol deacylase 1"
555.133958677364,1.11626879697273,0.517133829548424,0.00130546937034157,0.00383679114923525,"ENSG00000163535.20","SGO2","151246","shugoshin 2"
521.123678768275,1.16902221945655,0.331890990023892,3.29303054122063e-05,0.00014734502566056,"ENSG00000013441.19","CLK1","1195","CDC like kinase 1"
1571.78876863852,1.29687539393282,0.438282998547123,0.000111013592445693,0.000436385574587057,"ENSG00000204217.17","BMPR2","659","bone morphogenetic protein receptor type 2"
37.5449211195932,1.38331717178987,0.618088671815604,0.000715947832403914,0.00227970917272368,"ENSG00000138380.20","CARF","79800","calcium responsive transcription factor"
413.177023910205,2.10058108404285,0.616677727074027,2.37753808652038e-06,1.33420723552514e-05,"ENSG00000144426.20","NBEAL1","65065","neurobeachin like 1"
342.051224214225,1.20214617808468,0.848763428766322,0.00195763923071671,0.00543647660307623,"ENSG00000114933.18","INO80D","54891","INO80 complex subunit D"
172.649558897914,2.05575295829626,0.461490411341558,6.13276672728991e-08,4.50564057653824e-07,"ENSG00000204186.13","ZDBF2","57683","zinc finger DBF-type containing 2"
185.286553924535,1.0485193071223,0.172656130622811,2.44775448963426e-10,2.53845474005716e-09,"ENSG00000178385.17","PLEKHM3","389072","pleckstrin homology domain containing M3"
558.8598047716,1.00185683461658,0.495792260588633,0.00281556367769308,0.00746027619823111,"ENSG00000115020.19","PIKFYVE","200576","phosphoinositide kinase, FYVE-type zinc finger containing"
134.608759230204,1.04586141652097,0.173032989101209,2.88580996852452e-10,2.97275053604654e-09,"ENSG00000144445.19","KANSL1L","151050","KAT8 regulatory NSL complex subunit 1 like"
463.306276438512,1.87432744761944,0.551862179565624,5.31119981239405e-06,2.8087795715682e-05,"ENSG00000030419.19","IKZF2","22807","IKAROS family zinc finger 2"
58.2473949135754,2.72605835456963,0.432420277644602,2.04566657718151e-12,2.64871740442621e-11,"ENSG00000115457.12","IGFBP2","3485","insulin like growth factor binding protein 2"
23.3122395025413,2.34466489729681,0.315163138754675,1.03725061920503e-14,1.68728289016463e-13,"ENSG00000115461.7","IGFBP5","3488","insulin like growth factor binding protein 5"
449.006031619388,1.08398088137227,0.421210988853162,0.000633308007725367,0.00205130073243707,"ENSG00000135913.13","USP37","57695","ubiquitin specific peptidase 37"
1149.84241178711,1.10925526291232,0.781226912641349,0.00278869311111823,0.00739924921998524,"ENSG00000163082.12","SGPP2","130367","sphingosine-1-phosphate phosphatase 2"
64.5495672203981,1.24719832796117,0.68558032344951,0.00201723904168704,0.00557588156692164,"ENSG00000261379.1",NA,NA,NA
100.113986042265,2.08830605660183,0.355594263912092,3.1442157900162e-10,3.22815923421038e-09,"ENSG00000115009.14","CCL20","6364","C-C motif chemokine ligand 20"
16.9128027596658,2.62005197285963,0.603946645639636,4.1131856676086e-07,2.6473053497576e-06,"ENSG00000218416.5","GPC1-AS1","100130449","GPC1 antisense RNA 1"
43.3405779452715,2.02119297063568,0.598876811196231,7.27649229061981e-06,3.74410369081241e-05,"ENSG00000172478.20","MAB21L4","79919","mab-21 like 4"
43.6587752729613,1.94076117240632,0.224514531325174,7.35101818388467e-19,1.74132183431161e-17,"ENSG00000214021.20","TTLL3","26140","tubulin tyrosine ligase like 3"
40.1890533953146,1.8269657921287,0.817542301209715,0.000163125984515663,0.000617619888832811,"ENSG00000224660.2","SH3BP5-AS1","100505696","SH3BP5 antisense RNA 1"
148.459373646381,1.07292176159609,0.295360217777718,3.38693371643744e-05,0.000151040789014406,"ENSG00000114166.10","KAT2B","8850","lysine acetyltransferase 2B"
45.8596840413368,2.27656543165416,0.262037139609489,3.43622406193159e-19,8.34488366284205e-18,"ENSG00000077092.22","RARB","5915","retinoic acid receptor beta"
1948.18394735395,1.03824081266936,0.399320296706335,0.000701804901754509,0.00224208274082376,"ENSG00000077097.19","TOP2B","7155","DNA topoisomerase II beta"
1791.43491911421,1.10438004721904,0.0601379720203563,6.52784462620549e-76,2.79627477724208e-73,"ENSG00000091317.10","CMTM6","54918","CKLF like MARVEL transmembrane domain containing 6"
93.5886895770868,1.31300982270129,0.145801643295836,3.89035846814246e-20,1.01511367068062e-18,"ENSG00000153558.19","FBXL2","25827","F-box and leucine rich repeat protein 2"
1657.26266746346,1.13926593139999,0.769574898500724,0.00236984700008956,0.00641485177959998,"ENSG00000144674.21","GOLGA4","2803","golgin A4"
231.844470386694,1.78488878800218,0.156118573779447,3.58787554183626e-31,1.99742341987931e-29,"ENSG00000114739.16","ACVR2B","93","activin A receptor type 2B"
102.084589083027,1.22782386612484,0.509593975147915,0.000715554440068236,0.00227892710043211,"ENSG00000114812.15","VIPR1","7433","vasoactive intestinal peptide receptor 1"
753.536514502975,1.38140821040286,0.73990314444876,0.000702586515508505,0.00224336450721152,"ENSG00000114857.21","NKTR","4820","natural killer cell triggering receptor"
25.2926746122955,1.01740216672203,0.299052593391368,0.000139575172446203,0.000536755295334888,"ENSG00000173531.17","MST1","4485","macrophage stimulating 1"
75.0840340389673,1.0301418240344,0.236610741748516,2.97664865257986e-06,1.64056107474746e-05,"ENSG00000144730.21","IL17RD","54756","interleukin 17 receptor D"
557.723667423551,1.00040499268378,0.311857595426667,0.000175761095219993,0.000661398694335655,"ENSG00000157500.14","APPL1","26060","adaptor protein, phosphotyrosine interacting with PH domain and leucine zipper 1"
36.1868965112404,1.35417691861816,0.534775212284049,0.000468269305868429,0.00157564498490007,"ENSG00000241316.9","SUCLG2-DT","101927111","SUCLG2 divergent transcript"
344.696908043127,1.07510099470011,0.11535237848963,2.13859019478743e-21,6.15283570780167e-20,"ENSG00000114861.26","FOXP1","27086","forkhead box P1"
76.426419060998,1.0208545045142,0.237691667508035,3.16278925611462e-06,1.73818150814482e-05,"ENSG00000163412.15","EIF4E3","317649","eukaryotic translation initiation factor 4E family member 3"
621.865696408916,1.09727889619764,0.258321086683674,2.03913496854389e-06,1.15821364088086e-05,"ENSG00000163602.12","RYBP","23429","RING1 and YY1 binding protein"
45.7772259014853,1.70069609441816,0.2226384565298,2.47061531393663e-15,4.30015335848948e-14,"ENSG00000172986.14","GXYLT2","727936","glucoside xylosyltransferase 2"
10.403433539772,1.58952934925015,0.658719941373424,0.000664506322859048,0.00214066262895537,"ENSG00000255423.1","EBLN2","55096","endogenous Bornavirus like nucleoprotein 2"
1085.17705615736,1.28351210011141,0.564757603999886,0.000588512783301097,0.0019243968683813,"ENSG00000080200.11","CRYBG3","131544","crystallin beta-gamma domain containing 3"
331.327689334352,2.08634084353102,0.113605997358177,3.65739462154651e-76,1.70911158966269e-73,"ENSG00000168386.20","FILIP1L","11259","filamin A interacting protein 1 like"
136.789079579181,1.20239586216316,0.44582030852793,0.000336185233924902,0.00117638132342998,"ENSG00000138468.18","SENP7","57337","SUMO specific peptidase 7"
126.47104052519,1.74858258050393,0.381618510803107,1.05858252046156e-07,7.51930034455908e-07,"ENSG00000293268.2","LOC124906262","124906262","endogenous retrovirus group K member 5 Gag polyprotein"
1978.10836136034,1.07271475832548,0.522405858709068,0.00193767082385019,0.0053917036763973,"ENSG00000114439.21","BBX","56987","BBX high mobility group box domain containing"
37.9870959483931,1.68512043153738,1.17681064017067,0.000448560216055522,0.00151428351396502,"ENSG00000279277.3",NA,NA,NA
4895.53862931042,1.0361853370761,0.0763705022808407,1.16633695468623e-42,1.21527582285246e-40,"ENSG00000196776.19","CD47","961","CD47 molecule"
413.338129846581,1.72100888057501,0.20063665607427,4.61473138071019e-19,1.10846997853476e-17,"ENSG00000091986.18","CCDC80","151887","coiled-coil domain containing 80"
162.210323820694,1.94667562421202,0.819707953781231,5.88482849136216e-05,0.000247544844968074,"ENSG00000206530.12","CFAP44","55779","cilia and flagella associated protein 44"
713.233470145793,1.39085452882685,0.411824628137948,2.52762178248659e-05,0.000115663072723222,"ENSG00000176542.11","USF3","205717","upstream transcription factor family member 3"
39.5690250537256,1.65235853555492,0.370627741558851,6.19555959805418e-07,3.86874888953218e-06,"ENSG00000163617.13","CCDC191","57577","coiled-coil domain containing 191"
38.9062497184135,1.86134475479942,0.804993875043084,0.000182615751313815,0.000684686968395413,"ENSG00000181722.20","ZBTB20","26137","zinc finger and BTB domain containing 20"
2880.094277413,1.51571709788264,0.668458124287783,0.000241853412251513,0.00088045832632922,"ENSG00000173230.19","GOLGB1","2804","golgin B1"
33.0149553464106,1.05280509179194,0.273567890302098,2.52136402004432e-05,0.00011544523323368,"ENSG00000145088.11","EAF2","55840","ELL associated factor 2"
100.208382990728,1.04739410305566,0.245185234006638,3.20250978309504e-06,1.75813112727336e-05,"ENSG00000163406.13","SLC15A2","6565","solute carrier family 15 member 2"
17.0205545250658,1.07682589740221,0.487405509935019,0.00279187171869034,0.00740640870014172,"ENSG00000272758.8","WDR5B-DT","102723582","WDR5B divergent transcript"
1828.28486957945,1.03109954339606,0.422067904988981,0.000931442394144601,0.0028630203627873,"ENSG00000173193.17","PARP14","54625","poly(ADP-ribose) polymerase family member 14"
134.936603779302,1.11572610718993,0.42921087109743,0.000637713458029022,0.00206340311293864,"ENSG00000273033.3","LINC02035","100129550","long intergenic non-protein coding RNA 2035"
933.343693691706,1.12766475458727,0.587446076637374,0.00184148645960018,0.00515195259315937,"ENSG00000175455.18","CCDC14","64770","coiled-coil domain containing 14"
24.1497843477809,1.14918548710702,0.263389271409253,2.46985463341091e-06,1.37975453827388e-05,"ENSG00000160145.17","KALRN","8997","kalirin RhoGEF kinase"
837.895383759281,1.92220362162934,0.195794499530031,3.57129274188303e-24,1.28436461592215e-22,"ENSG00000173706.16","HEG1","57493","heart development protein with EGF like domains 1"
837.121236739478,1.22378745285794,0.599933749820785,0.00103773582768779,0.00313947054624072,"ENSG00000163848.23","ZNF148","7707","zinc finger protein 148"
20.0642541016893,1.43021166497565,0.455406141729728,0.000119089177967116,0.0004655194457366,"ENSG00000287110.4","ACAD9-DT","123706524","ACAD9 divergent transcript"
231.805708746635,1.16254906009073,0.316618571140908,1.80314593579852e-05,8.48536087281156e-05,"ENSG00000290993.2","RPL32P3","132241","ribosomal protein L32 pseudogene 3"
68.253624673567,1.11938212158924,0.323288612925616,6.87538824790994e-05,0.000284479104295732,"ENSG00000203644.3",NA,NA,NA
17.2010429640943,1.20757847538107,0.629979816989335,0.00307402250301112,0.00804199022921377,"ENSG00000250608.3","NUDT16-DT","339874","NUDT16 divergent transcript"
351.570896821932,1.36071025384342,0.390158639301855,1.7865839340746e-05,8.42277922573046e-05,"ENSG00000073711.13","PPP2R3A","5523","protein phosphatase 2 regulatory subunit B''alpha"
442.008285661935,1.01189771709224,0.34853061698939,0.000369068303233866,0.00127438475238904,"ENSG00000114107.11","CEP70","80321","centrosomal protein 70"
1164.92801661645,1.49973641973967,0.469780831956235,2.88243254194334e-05,0.000130543295827631,"ENSG00000114120.16","SLC25A36","55186","solute carrier family 25 member 36"
1100.22983242539,1.58235050250237,0.379609064551872,5.13039310543551e-07,3.2557939127128e-06,"ENSG00000177311.14","ZBTB38","253461","zinc finger and BTB domain containing 38"
404.587184858282,1.09706275747948,0.477794933749507,0.00114098765502423,0.00340661580409075,"ENSG00000155903.16","RASA2","5922","RAS p21 protein activator 2"
474.444627114618,1.24182796828309,0.46078400076962,0.000272233231237838,0.000976077344552127,"ENSG00000175066.17","GK5","256356","glycerol kinase 5"
829.47893730667,1.19841554459107,0.423345841114933,0.000228882598482306,0.000837389929109284,"ENSG00000114127.13","XRN1","54464","5'-3' exoribonuclease 1"
960.005869106424,1.34498820843438,0.1083591303521,3.1876743345267e-36,2.30784628698292e-34,"ENSG00000120756.15","PLS1","5357","plastin 1"
1424.09063655713,1.1853447877218,0.21631126387855,4.05972986122706e-09,3.62717811065947e-08,"ENSG00000152952.16","PLOD2","5352","procollagen-lysine,2-oxoglutarate 5-dioxygenase 2"
1955.47491618412,1.40815661512748,1.80209646511442,0.000104403192875188,0.000414628286718588,"ENSG00000047457.16","CP","1356","ceruloplasmin"
80.2742895994852,1.0771355417803,0.184192484806652,9.67865518796206e-10,9.37528527974642e-09,"ENSG00000152580.11","IGSF10","285313","immunoglobulin superfamily member 10"
11.4450733163731,1.33436336180772,0.499920652217442,0.000711204750898809,0.00226741543593354,"ENSG00000272990.1",NA,NA,NA
1282.01179458899,1.11166572710635,0.426859841043442,0.000535287843025657,0.0017725524016579,"ENSG00000163660.14","CCNL1","57018","cyclin L1"
189.82512737611,1.3334984225979,0.577289453633618,0.000473075367325465,0.0015893889410732,"ENSG00000068885.17","IFT80","57560","intraflagellar transport 80"
74.0294959867789,1.08900588535168,0.237920065186142,6.42240792753594e-07,3.99515742842e-06,"ENSG00000163590.15","PPM1L","151742","protein phosphatase, Mg2+/Mn2+ dependent 1L"
165.807973512604,1.54207592287129,0.536736051181209,7.15433762511927e-05,0.000294676924457704,"ENSG00000173890.19","GPR160","26996","G protein-coupled receptor 160"
1840.97353357422,1.07967677882555,0.35864103904342,0.000184287978570326,0.00069062087910887,"ENSG00000163558.15","PRKCI","5584","protein kinase C iota"
988.041134001751,1.19099304164316,0.454459975038034,0.000390934027930455,0.00134267119035981,"ENSG00000136603.17","SKIL","6498","SKI like proto-oncogene"
413.013207904155,1.31650508445206,0.145279204560434,1.67028791806611e-20,4.47178992786414e-19,"ENSG00000075651.19","PLD1","5337","phospholipase D1"
3278.26315441669,1.40653912328553,0.333064873840081,6.99439119382564e-07,4.32827073033648e-06,"ENSG00000177565.21","TBL1XR1","79718","TBL1X/Y related 1"
468.870972541886,1.18730244417045,0.36234615659963,6.33797471885918e-05,0.000264585566160063,"ENSG00000121879.8","PIK3CA","5290","phosphatidylinositol-4,5-bisphosphate 3-kinase catalytic subunit alpha"
65.0939887888507,1.25640067748365,0.679024056548531,0.00155091789316091,0.00445274023712262,"ENSG00000171121.18","KCNMB3","27094","potassium calcium-activated channel subfamily M regulatory beta subunit 3"
48.6308255661847,1.2529204562378,0.490410287280426,0.000623238995479115,0.00202421410052305,"ENSG00000240429.1",NA,NA,NA
564.612604046319,1.00491999774007,0.331512779035152,0.000246842450962582,0.000897138212654719,"ENSG00000171109.21","MFN1","55669","mitofusin 1"
1427.19852852389,1.22995554970078,0.411953328307669,0.000129758845042272,0.000503272421880503,"ENSG00000058063.19","ATP11B","23200","ATPase phospholipid transporting 11B (putative)"
969.444932765703,1.2881131552732,0.280613371785504,2.62822304046237e-07,1.7478794685387e-06,"ENSG00000176597.14","B3GNT5","84002","UDP-GlcNAc:betaGal beta-1,3-N-acetylglucosaminyltransferase 5"
268.077931137488,1.96867920693499,0.268426637697059,6.18174864275906e-15,1.02724941616366e-13,"ENSG00000114796.18","KLHL24","54800","kelch like family member 24"
1342.14989637266,1.45245170297965,0.410857924882285,1.01557917131248e-05,5.0634485615292e-05,"ENSG00000145012.17","LPP","4026","LIM domain containing preferred translocation partner in lipoma"
16.2705432833759,1.67490790558517,0.333447264278117,6.06063518273014e-08,4.45689342646073e-07,"ENSG00000113946.6","CLDN16","10686","claudin 16"
54.2374477626039,1.51276329620032,0.341574233880599,6.07648821140977e-07,3.79989962320154e-06,"ENSG00000224769.1",NA,NA,NA
447.349500991253,1.04684246744573,0.470146323870835,0.00165201319036945,0.00469079274695033,"ENSG00000242086.9","SDHAP2","727956","SDHA pseudogene 2"
137.366012619004,1.58386250716516,0.299024486124608,5.58315981211183e-09,4.8670382963582e-08,"ENSG00000176945.20","MUC20","200958","mucin 20, cell surface associated"
5479.40362191291,2.0272876510879,0.540491298749419,9.63857258622535e-07,5.81065003331435e-06,"ENSG00000145113.23","MUC4","4585","mucin 4, cell surface associated"
110.954006260886,1.02160298768189,0.316269305934734,0.000151007724906031,0.000576408446974235,"ENSG00000290763.2","SDHAP1","255812","SDHA pseudogene 1"
8.31934709529044,1.01597432790963,0.468866496549352,0.00495587648787937,0.0120744381307634,"ENSG00000213123.13","DYNLT2B","255758","dynein light chain Tctex-type 2B"
815.404624016967,1.27174558922042,0.244193419849652,1.29553405380586e-08,1.07180421908477e-07,"ENSG00000163960.15","UBXN7","26043","UBX domain protein 7"
1673.10740758595,1.17850711718945,0.359002310216271,5.47528802312955e-05,0.000232217867449617,"ENSG00000075711.23","DLG1","1739","discs large MAGUK scaffold protein 1"
8.26088600026553,1.04459561836431,0.627095196368597,0.00957411128789499,0.0212030711658718,"ENSG00000289396.1",NA,NA,NA
234.410366073858,1.00307782340687,0.324999570986718,0.000223493824806377,0.000819619089735823,"ENSG00000291091.2","SDHAP4","220729","SDHA pseudogene 4"
25.0844170645523,1.13408137958332,0.48605469937626,0.00163513415024304,0.00464971486831974,"ENSG00000286909.2",NA,NA,NA
129.727343018842,1.16698910856885,0.35666723514733,8.40368254438305e-05,0.000341484027712598,"ENSG00000272602.7","ZNF595","152687","zinc finger protein 595"
191.090776877222,1.08999303538119,0.533836802903688,0.00203009142368952,0.00560638249368126,"ENSG00000131127.16","ZNF141","7700","zinc finger protein 141"
20.9144979314097,1.36048351282824,0.36356202422793,2.40195797451379e-05,0.000110780744465347,"ENSG00000074211.15","PPP2R2C","5522","protein phosphatase 2 regulatory subunit Bgamma"
529.793471084184,1.11582127809472,0.309092070354531,2.44480755789112e-05,0.000112407207365054,"ENSG00000170871.13","KIAA0232","9778","KIAA0232"
119.916876648217,1.24232635200707,0.14482030828481,1.68845875744499e-18,3.89786264948491e-17,"ENSG00000287778.3",NA,NA,NA
14.2098294434135,1.3265835064635,0.395805096264981,0.000110567309621202,0.000434742091195451,"ENSG00000251152.1",NA,NA,NA
12.0721677728462,1.00996361845437,0.364674327061398,0.00127443585472565,0.0037527354049502,"ENSG00000263327.7","TAPT1-AS1","202020","TAPT1 antisense RNA 1"
104.681051950104,1.36533940803401,0.349927977860028,5.16215667666953e-06,2.73558825123439e-05,"ENSG00000109618.15","SEPSECS","51091","Sep (O-phosphoserine) tRNA:Sec (selenocysteine) tRNA synthase"
405.193977845113,1.37895694224563,0.633232079314217,0.000506123570365743,0.00168864811307013,"ENSG00000047365.15","ARAP2","116984","ArfGAP with RhoGAP domain, ankyrin repeat and PH domain 2"
426.551541415433,1.00608406083341,0.26852720137357,2.12812776594705e-05,9.90578275842725e-05,"ENSG00000154274.17","PGCKA1","55286","PDCD10 and GCKIII kinases associated 1"
1396.48848300491,1.12080955893999,0.131563153353729,2.29832527207723e-18,5.21980471586199e-17,"ENSG00000109790.20","KLHL5","51088","kelch like family member 5"
212.270966621556,1.35874524973804,0.431206884342871,5.21320703945957e-05,0.000222448438725805,"ENSG00000157796.20","WDR19","57728","WD repeat domain 19"
266.149120520664,1.64049814987525,0.172022161864256,9.80302361631879e-23,3.10415661575466e-21,"ENSG00000163683.14","SMIM14","201895","small integral membrane protein 14"
646.558395977285,1.74269838095454,0.10663683215408,6.03656975608684e-61,1.34912959722631e-58,"ENSG00000064042.20","LIMCH1","22998","LIM and calponin homology domains 1"
1535.51739442997,1.24480189458091,0.278527321182442,5.33541109322871e-07,3.37064213308807e-06,"ENSG00000075539.17","FRYL","285527","FRY like transcription coactivator"
913.937977683194,1.07081696909321,0.543203660419134,0.00228041000223035,0.00620543544104362,"ENSG00000134852.17","CLOCK","9575","clock circadian regulator"
191.021408513654,1.24298977636962,0.199703311987446,5.3842382208311e-11,5.97770609096014e-10,"ENSG00000157426.16","AASDH","132949","aminoadipate-semialdehyde dehydrogenase"
335.065194090555,1.08523168377089,0.336575188191942,0.000109772728204984,0.000432058509864487,"ENSG00000173542.10","MOB1B","92597","MOB kinase activator 1B"
49.2855453823336,1.79421880632514,0.262629760072297,9.16326412823764e-13,1.23089456551875e-11,"ENSG00000156140.12","ADAMTS3","9508","ADAM metallopeptidase with thrombospondin type 1 motif 3"
2099.13121632636,1.54966990631388,0.369022356725843,6.15229531017732e-07,3.84574568213395e-06,"ENSG00000169429.14","CXCL8","3576","C-X-C motif chemokine ligand 8"
81.2502700928687,1.11233982406656,0.510218437206268,0.00159918665923099,0.0045643267577274,"ENSG00000169116.13","PARM1","25849","prostate androgen-regulated mucin-like protein 1"
101.155746016257,1.16027282883546,0.333238373446668,4.52248884216411e-05,0.000195349020249286,"ENSG00000186212.4","SOWAHB","345079","sosondowah ankyrin repeat domain family member B"
2141.14143146151,1.05196207215847,0.294592820151674,3.40158768129106e-05,0.00015151901684919,"ENSG00000138758.14","SEPTIN11","55752","septin 11"
681.015773772023,1.08959439092353,0.192207629760538,1.96376147734448e-09,1.83312141296182e-08,"ENSG00000138764.17","CCNG2","901","cyclin G2"
482.489998940301,1.16571907846052,0.311902777525583,1.45244605194657e-05,6.99942830220876e-05,"ENSG00000138767.16","CNOT6L","246175","CCR4-NOT transcription complex subunit 6 like"
144.770411188366,1.53532440775162,0.186491423336681,1.52056610675862e-17,3.17302434808182e-16,"ENSG00000163322.16","ABRAXAS1","84142","abraxas 1, BRCA1 A complex subunit"
560.058450396558,1.02547583539515,0.294639299701581,5.45090212990993e-05,0.000231374516227198,"ENSG00000163624.8","CDS1","1040","CDP-diacylglycerol synthase 1"
884.671783426267,1.2101416973398,0.241409227569775,4.43417736423043e-08,3.3519337810685e-07,"ENSG00000163625.18","WDFY3","23001","WD repeat and FYVE domain containing 3"
54.9729368793111,1.19764400386238,0.216032646952737,5.40371280960104e-09,4.73200767954898e-08,"ENSG00000109339.26","MAPK10","5602","mitogen-activated protein kinase 10"
776.648516634702,1.6827873309246,0.286873792789596,1.457063336839e-10,1.54854401911745e-09,"ENSG00000163629.15","PTPN13","5783","protein tyrosine phosphatase non-receptor type 13"
1192.53185113113,1.07376227016224,0.19741117845501,6.11113360908913e-09,5.29734633984055e-08,"ENSG00000172493.25","AFF1","4299","ALF transcription elongation factor 1"
91.0994142623563,2.01347477055902,0.195781206201133,7.97211908391519e-26,3.22672043026394e-24,"ENSG00000118777.14","ABCG2","9429","ATP binding cassette subfamily G member 2 (JR blood group)"
22.6781005775728,1.84047802218306,0.728148431453318,0.000189569326186391,0.00070731879485128,"ENSG00000248019.4",NA,NA,NA
165.720755303905,1.10181919768088,0.128167577880615,1.76734879560126e-18,4.06174154649285e-17,"ENSG00000138696.13","BMPR1B","658","bone morphogenetic protein receptor type 1B"
110.845362488687,1.57920760370399,0.236673968244372,3.41507152281308e-12,4.32024757615263e-11,"ENSG00000145358.8","DDIT4L","115265","DNA damage inducible transcript 4 like"
1177.43591085552,1.06440410054703,0.939651420663979,0.00263248273554533,0.00703439893689907,"ENSG00000138778.16","CENPE","1062","centromere protein E"
517.418965832732,1.28691028728808,0.572029200757305,0.000653421287939145,0.00210803549818191,"ENSG00000168769.16","TET2","54790","tet methylcytosine dioxygenase 2"
32.3376321093253,1.91494076669962,0.427643360468762,5.76202748960019e-07,3.62087310175732e-06,"ENSG00000236699.10","ARHGEF38","54848","Rho guanine nucleotide exchange factor 38"
795.965152350624,1.16210361825718,0.276118599027183,2.21976765616362e-06,1.25250775798387e-05,"ENSG00000164023.17","SGMS2","166929","sphingomyelin synthase 2"
35.8438883568452,1.19580601005846,0.524619488947165,0.0025588751201713,0.0068602943720726,"ENSG00000138798.15","EGF","1950","epidermal growth factor"
75.4223592411798,1.54763006049495,0.214649524135758,6.22634535419396e-14,9.42261743935476e-13,"ENSG00000138792.12","ENPEP","2028","glutamyl aminopeptidase"
223.604670952123,1.13159787283087,0.184584202812459,1.20863313218363e-10,1.29883843424416e-09,"ENSG00000073331.20","ALPK1","80216","alpha kinase 1"
689.187127222507,1.47782079834919,0.542664031849764,0.000107256538568352,0.000424352139353572,"ENSG00000145390.14","USP53","54532","ubiquitin specific peptidase 53"
88.977322307044,2.69193193682554,0.179411595677077,6.76641939551334e-52,1.13418427715447e-49,"ENSG00000138735.18","PDE5A","8654","phosphodiesterase 5A"
674.6738971546,1.64160969689504,0.650912834417774,9.67646322697795e-05,0.000386682403273457,"ENSG00000138688.18","BLTP1","84162","bridge-like lipid transfer protein family member 1"
1512.84087417104,1.23240355364908,0.17432567377073,1.35170544748935e-13,1.9814305803929e-12,"ENSG00000109452.15","INPP4B","8821","inositol polyphosphate-4-phosphatase type II B"
199.425081700932,1.25483749396266,0.227894528296685,3.53533682026235e-09,3.18077182644491e-08,"ENSG00000109458.12","GAB1","2549","GRB2 associated binding protein 1"
76.6671802476246,1.39720563200796,0.149705062880585,1.65242874195595e-21,4.81703282225005e-20,"ENSG00000151611.19","MMAA","166785","metabolism of cobalamin associated A"
94.4921589225785,1.05374092601331,0.3146909847206,9.27368617738767e-05,0.000373003428642398,"ENSG00000164169.15","PRMT9","90826","protein arginine methyltransferase 9"
1416.43844594647,1.12943659419172,0.221326788791047,3.16612161948485e-08,2.4510422436785e-07,"ENSG00000198589.17","LRBA","987","LPS responsive beige-like anchor protein"
388.031318341859,1.04521440240143,0.10645551989034,1.88225962057788e-23,6.28275446080767e-22,"ENSG00000164142.18","FHIP1A","729830","FHF complex subunit HOOK interacting protein 1A"
307.990693962131,1.69520303311298,0.275096566876816,1.97258460753579e-11,2.3027424097509e-10,"ENSG00000109654.18","TRIM2","23321","tripartite motif containing 2"
17.6416526929627,1.42602839710247,0.392817027564243,4.09986302509678e-05,0.000178750318659931,"ENSG00000197410.15","DCHS2","54798","dachsous cadherin-related 2"
318.589253022135,1.27627764695323,0.166807854646339,2.16313837785271e-15,3.78205860826152e-14,"ENSG00000145431.13","PDGFC","56034","platelet derived growth factor C"
449.001953742145,1.00201704166153,0.221995914747021,9.23794412555226e-07,5.5866014258879e-06,"ENSG00000109756.12","RAPGEF2","9693","Rap guanine nucleotide exchange factor 2"
18.1510846407624,1.7076455464243,0.429393324948229,6.4302546546296e-06,3.35003233206227e-05,"ENSG00000183439.12","TRIM61","391712","tripartite motif containing 61"
19.7403460674228,1.49664767478784,0.853612314746513,0.00126549952016365,0.00372838978438903,"ENSG00000196104.13","SPOCK3","50859","SPARC (osteonectin), cwcv and kazal like domains proteoglycan 3"
825.934516942012,1.23342653639687,0.523630482740357,0.000614451672028585,0.00199946386038253,"ENSG00000137628.20","DDX60","55601","DExD/H-box helicase 60"
1380.20658348988,1.16197816333195,0.107794581034895,7.58612878458088e-28,3.51308384345411e-26,"ENSG00000129116.22","PALLD","23022","palladin, cytoskeletal associated protein"
15.6193030429298,1.05039357635601,0.37745267090221,0.000984188993448875,0.00299944238497532,"ENSG00000294732.1",NA,NA,NA
21.8809559321165,1.29852219784301,0.357931487233958,3.01296526571494e-05,0.000135878235921759,"ENSG00000248774.2",NA,NA,NA
170.311535852975,1.10758353232662,0.285576579902715,1.06432476321701e-05,5.275780190797e-05,"ENSG00000164118.15","CEP44","80817","centrosomal protein 44"
339.389349132728,1.25849059897965,0.198294052612125,1.92674690295843e-11,2.2526432138379e-10,"ENSG00000151726.18","ACSL1","2180","acyl-CoA synthetase long chain family member 1"
348.206090354744,1.61648524896679,0.159498000069824,2.36658527454748e-25,9.26271865959306e-24,"ENSG00000154556.22","SORBS2","8470","sorbin and SH3 domain containing 2"
338.885376212806,2.36822323562479,0.492380900705878,6.89973679161414e-08,5.02127612380753e-07,"ENSG00000153404.17","PLEKHG4B","153478","pleckstrin homology and RhoGEF domain containing G4B"
266.621350757096,1.65548490726303,0.314676991694471,4.08431289420031e-09,3.64281024531307e-08,"ENSG00000291079.2","SDHAP3","728609","SDHA pseudogene 3"
58.5583840300134,1.05979685802109,0.547578569241965,0.00300417534633668,0.00788417086723245,"ENSG00000145536.17","ADAMTS16","170690","ADAM metallopeptidase with thrombospondin type 1 motif 16"
237.807668091448,1.56833603075821,0.1264194766681,1.90122967009378e-36,1.40281639916345e-34,"ENSG00000039139.11","DNAH5","1767","dynein axonemal heavy chain 5"
331.284429970601,1.13359283873929,0.813643047429109,0.0025562127706447,0.0068543483109219,"ENSG00000145569.8","OTULINL","54491","OTU deubiquitinase with linear linkage specificity like"
52.8129568701825,1.97258304734476,0.330328378215719,1.03494907850494e-10,1.11842675120005e-09,"ENSG00000290548.2",NA,NA,NA
317.017281519769,1.45581704093088,0.528955069785994,0.000112794834013836,0.000442597744358107,"ENSG00000164187.9","LMBRD2","92255","LMBR1 domain containing 2"
2107.4326252394,1.34928318129726,0.5930839318224,0.000436604715749041,0.00148007942879005,"ENSG00000164190.20","NIPBL","25836","NIPBL cohesin loading factor"
264.103623196821,1.87193423066276,0.439967676260346,2.48449816961468e-07,1.66146774820589e-06,"ENSG00000197603.18","CPLANE1","65250","ciliogenesis and planar polarity effector complex subunit 1"
752.168678244273,1.07843115137035,0.287782450905186,1.75776086012728e-05,8.30212258009885e-05,"ENSG00000113594.12","LIFR","3977","LIF receptor subunit alpha"
31.8172053252136,1.08061628935076,0.254512191264358,3.98282730799908e-06,2.15022822058071e-05,"ENSG00000249740.5","LINC01265","101926904","long intergenic non-protein coding RNA 1265"
1160.79466024909,1.39706314288281,0.618763329583675,0.000383884464888668,0.00132140230648396,"ENSG00000164327.16","RICTOR","253260","RPTOR independent companion of MTOR complex 2"
146.985537962222,1.08077416250916,0.199002381978366,9.6382428881541e-09,8.13972308752598e-08,"ENSG00000113638.16","TTC33","23548","tetratricopeptide repeat domain 33"
31.1848311481916,3.20117136106859,0.303623470036796,1.03710145761626e-26,4.47987159044827e-25,"ENSG00000250722.7","SELENOP","6414","selenoprotein P"
326.916163261531,1.27481844348273,0.171047063419401,8.88799775762761e-15,1.46121336269057e-13,"ENSG00000151883.22","PARP8","79668","poly(ADP-ribose) polymerase family member 8"
44.9377023536023,2.37216495021639,0.367307190743383,4.96392063610145e-12,6.1583765188512e-11,"ENSG00000248727.7",NA,NA,NA
376.494580384781,1.16768378912839,0.523279730074883,0.000949510601152399,0.00290985750802288,"ENSG00000155545.22","MIER3","166968","MIER family member 3"
38.6890613722807,1.11985009675106,0.401077859925387,0.000534434573439716,0.00177122621040487,"ENSG00000169067.4","ACTBL2","345651","actin beta like 2"
179.187818709226,1.50931522579212,0.160617924386387,6.79834755764183e-22,2.03963653086371e-20,"ENSG00000113448.21","PDE4D","5144","phosphodiesterase 4D"
12.9637053010775,1.55752143051445,0.433089032582809,3.79008511077106e-05,0.000166657834311949,"ENSG00000049192.16","ADAMTS6","11174","ADAM metallopeptidase with thrombospondin type 1 motif 6"
91.2000107504228,1.03811602270047,0.627230762681479,0.00428002402471686,0.0106602722031096,"ENSG00000113595.16","TRIM23","373","tripartite motif containing 23"
115.032263377567,1.44060306823813,0.187284682470173,1.64793527069854e-15,2.91097477771389e-14,"ENSG00000197860.12","SGTB","54557","small glutamine rich tetratricopeptide repeat co-chaperone beta"
1551.06960242424,1.38613911015128,0.43215224952245,3.78326553164782e-05,0.000166452889482286,"ENSG00000112851.18","ERBIN","55914","erbb2 interacting protein"
309.13670299341,1.47924401972438,0.201596223818372,1.3705633570535e-14,2.19703300718525e-13,"ENSG00000197822.14","OCLN","100506658","occludin"
46.4679807085843,1.17630473325349,0.772888479831964,0.0114145075895271,0.0245945398264772,"ENSG00000205572.12","SERF1A","8293","small EDRK-rich factor 1A"
20.4222314139456,1.40222442386746,0.585801573461039,0.00114761858733019,0.00342376208845403,"ENSG00000297805.1","GUSBP16","653080","GUSB pseudogene 16"
934.257456063754,1.00016529090039,0.885031284248682,0.00385590040722082,0.00973666942520915,"ENSG00000145734.21","BDP1","55814","BDP1 general transcription factor IIIB subunit"
1134.42582500239,1.10461374985389,0.386407057256712,0.000274266817559933,0.000982683223418151,"ENSG00000131711.16","MAP1B","4131","microtubule associated protein 1B"
146.623644039136,1.06296111128612,0.120999417391014,3.64147234515566e-19,8.81556436964607e-18,"ENSG00000164331.12","ANKRA2","57763","ankyrin repeat family A member 2"
168.679065292585,1.16687921102661,0.278225046973599,2.67566895541905e-06,1.48621615897609e-05,"ENSG00000198780.15","FAM169A","26049","family with sequence similarity 169 member A"
580.665608302947,1.06129282339717,0.334365106010316,0.000136987150740762,0.000528119712893323,"ENSG00000113163.20","CERT1","10087","ceramide transporter 1"
548.738433656377,1.09647589326489,0.325632861672626,6.12511321429481e-05,0.000256323937252755,"ENSG00000085365.20","SCAMP1","9522","secretory carrier membrane protein 1"
357.907198033226,2.50095922148631,0.214864459396055,5.41314000993857e-33,3.39333463793751e-31,"ENSG00000152409.12","JMY","133746","junction mediating and regulatory protein, p53 cofactor"
302.488421255437,1.10563579291625,0.214462230128773,3.01156987995173e-08,2.33608748082171e-07,"ENSG00000152413.17","HOMER1","9456","homer scaffold protein 1"
405.338680969358,1.14793606737819,0.168166921668598,1.05303187557678e-12,1.40474087831051e-11,"ENSG00000164329.17","TENT2","167153","terminal nucleotidyltransferase 2"
378.66222059633,1.49919962065446,0.299037400191256,2.01905577042072e-08,1.61744722263158e-07,"ENSG00000177034.19","MTX3","345778","metaxin 3"
504.322960808897,1.75003871308925,0.344854988457468,8.21176517373737e-09,6.98475624623298e-08,"ENSG00000039319.19","ZFYVE16","9765","zinc finger FYVE-type containing 16"
10.7420629802647,1.23422179134949,0.412686325090426,0.000439266585837574,0.0014874681642954,"ENSG00000152380.12","FAM151B","167555","family with sequence similarity 151 member B"
333.263412930874,1.18679173357368,0.14242523383001,1.00581375426788e-17,2.1453186589993e-16,"ENSG00000113318.13","MSH3","4437","mutS homolog 3"
98.9176194965659,1.11369240622528,0.659447902718248,0.00287025662419661,0.00757785095047695,"ENSG00000145687.19","SSBP2","23635","single stranded DNA binding protein 2"
13.3356988520654,1.89382414984449,0.446112888562214,2.16719458100738e-06,1.22463567730725e-05,"ENSG00000164176.15","EDIL3","10085","EGF like and discoidin domains 3"
1306.81811703013,1.48251263808927,0.193632737528559,9.4041237597179e-16,1.69813808546381e-14,"ENSG00000145715.17","RASA1","5921","RAS p21 protein activator 1"
16.5928891677884,1.1894247513305,0.296757730282332,1.17543760361893e-05,5.76540180833573e-05,"ENSG00000287862.2",NA,NA,NA
434.052221972236,1.13034503616386,0.287745289346621,7.70149008024497e-06,3.94698167256423e-05,"ENSG00000164180.17","TMEM161B","153396","transmembrane protein 161B"
402.610919800966,1.63984361351181,0.335457897923654,2.34335886627601e-08,1.855040398648e-07,"ENSG00000176018.15","LYSMD3","116068","LysM domain containing 3"
60.9434657165474,1.23813148105602,0.175050620440182,2.68523042084122e-13,3.81649201104078e-12,"ENSG00000164199.19","ADGRV1","84059","adhesion G protein-coupled receptor V1"
132.298556170271,1.41401441984652,0.268417462774255,9.01824709404219e-09,7.63284239501782e-08,"ENSG00000248323.9","LUCAT1","100505994","lung cancer associated transcript 1"
1882.13910436622,1.98297484219447,0.174994477882051,2.36799237983813e-31,1.3376121058419e-29,"ENSG00000113369.10","ARRDC3","57561","arrestin domain containing 3"
355.498943332295,1.20944639128662,0.0813488514323863,1.11518518429177e-50,1.70270007197657e-48,"ENSG00000113391.21","ARB2A","83989","ARB2 cotranscriptional regulator A"
18.620069182085,1.95272431860909,0.313672271095817,6.48034587152998e-11,7.13810097749027e-10,"ENSG00000185261.17","KIAA0825","285600","KIAA0825"
270.003916884884,1.27318802947818,0.320764987806528,4.16327018234709e-06,2.23855611861836e-05,"ENSG00000133302.15","SLF1","84250","SMC5/6 complex localization factor 1"
145.789401761154,1.21721017259625,0.105990431665868,3.40833437030068e-31,1.90434508421764e-29,"ENSG00000175471.20","MCTP1","79772","multiple C2 and transmembrane domain containing 1"
1489.97487817213,1.39809116117243,0.453164152117119,5.3281643063374e-05,0.000226857011442773,"ENSG00000198677.15","SKIC3","9652","SKI3 subunit of superkiller complex"
4049.42506799336,1.42933561533807,0.085415570661621,7.37176585184305e-64,1.86360657707003e-61,"ENSG00000164292.15","RHOBTB3","22836","Rho related BTB domain containing 3"
1301.85811623745,1.21701956779244,0.148688098768796,2.93417518901812e-17,5.97830577791153e-16,"ENSG00000118985.18","ELL2","22936","elongation factor for RNA polymerase II 2"
6725.38070349352,1.29794491940915,0.181598659714219,5.64004553963603e-14,8.55212804982569e-13,"ENSG00000310517.3","CAST","831","calpastatin"
1508.88447989944,1.24882675731021,0.420734011332259,0.000136930541807482,0.000528033479673213,"ENSG00000113441.18","LNPEP","4012","leucyl and cystinyl aminopeptidase"
1140.3063654984,1.09917869084497,0.539061955683462,0.00177426646734001,0.00498559824942606,"ENSG00000153922.14","CHD1","1105","chromodomain helicase DNA binding protein 1"
9.34482698084494,1.51138105062685,0.406498749097328,2.79962683189372e-05,0.000127129108877011,"ENSG00000248489.5","LOC100289230","100289230","uncharacterized LOC100289230"
1539.75830354226,1.09899303886548,0.292383601751525,1.65013385187528e-05,7.87050042346368e-05,"ENSG00000198961.13","PJA2","9867","praja ring finger ubiquitin ligase 2"
612.960589615863,1.05994183276459,0.280250057257067,1.67328363318557e-05,7.96656588680294e-05,"ENSG00000164211.15","STARD4","134429","StAR related lipid transfer domain containing 4"
658.633743522943,1.13840486919923,0.402321253937113,0.000273406673064292,0.000979829027498127,"ENSG00000172795.18","DCP2","167227","decapping mRNA 2"
46.0076295870411,1.5183470109667,0.190783648698712,2.52715643579073e-16,4.81721624182061e-15,"ENSG00000152503.12","TRIM36","55521","tripartite motif containing 36"
524.26914077676,1.57776912085777,0.449555877673569,8.26210989722614e-06,4.21180368208819e-05,"ENSG00000172869.17","DMXL1","1657","Dmx like 1"
380.564964567099,1.16168407188723,0.0764434379137703,7.4518822253839e-53,1.32086753790397e-50,"ENSG00000145779.9","TNFAIP8","25816","TNF alpha induced protein 8"
157.172832894519,1.77306594342151,0.14034353268184,1.84337614390028e-37,1.44297987386225e-35,"ENSG00000113083.17","LOX","4015","lysyl oxidase"
524.855348700632,1.04845434188933,0.326200473756728,0.000122546489373769,0.000477581352699745,"ENSG00000151292.21","CSNK1G3","1456","casein kinase 1 gamma 3"
74.3235814957359,1.13981021547505,0.92478298539232,0.00304220893247027,0.00796880974259157,"ENSG00000168916.18","ZNF608","57507","zinc finger protein 608"
288.631439977544,1.4970857201407,0.102643004495405,4.53894721219719e-49,6.60331178861254e-47,"ENSG00000155324.12","GRAMD2B","65983","GRAM domain containing 2B"
3646.0499778949,1.58447426127095,0.181689338843178,1.37278894605562e-19,3.43108238851276e-18,"ENSG00000064651.16","SLC12A2","6558","solute carrier family 12 member 2"
95.9786811884401,1.05461671705613,0.677429987196798,0.00423272078927166,0.0105534013405591,"ENSG00000158987.24","RAPGEF6","51735","Rap guanine nucleotide exchange factor 6"
36.5633501972247,1.25285438478246,0.385385462319651,9.79704019746264e-05,0.000391196677589517,"ENSG00000233006.9","MIR3936HG","553103","MIR3936 host gene"
41.3490460483675,1.68243255882125,0.647892588742796,0.0001277223948985,0.000496122683055357,"ENSG00000182700.5","IGIP","492311","IgA inducing protein"
28.4096177310757,1.09898693513622,0.467471240937258,0.00156268822236663,0.0044792221332929,"ENSG00000131503.23","ANKHD1","54882","ankyrin repeat and KH domain containing 1"
29.3452433045744,1.34384831336476,0.279441772522727,2.13512317697362e-07,1.44095118214924e-06,"ENSG00000254996.5","ANKHD1-EIF4EBP3","404734","ANKHD1-EIF4EBP3 readthrough"
30.8351343144359,1.5474304092942,0.311308426523611,7.19977494307582e-08,5.22975644828885e-07,"ENSG00000248383.6","PCDHAC1","56135","protocadherin alpha subfamily C, 1"
17.5385293178234,1.13926997882334,0.424237800740043,0.0012043972626628,0.00356967330146511,"ENSG00000197479.7","PCDHB11","56125","protocadherin beta 11"
63.9194137524912,1.23108941580367,0.205431089136964,3.72308382477641e-10,3.79218465402094e-09,"ENSG00000187372.11","PCDHB13","56123","protocadherin beta 13"
19.2365059824784,1.14961348821901,0.312079212601299,4.23280288133373e-05,0.000183818792545895,"ENSG00000253731.4","PCDHGA6","56109","protocadherin gamma subfamily A, 6"
1288.62458343771,1.18681142063466,0.363498371850686,6.22824299786981e-05,0.000260286545447562,"ENSG00000113580.17","NR3C1","2908","nuclear receptor subfamily 3 group C member 1"
169.016572573813,1.62634484413409,0.959601908240531,0.000332899383540137,0.00116620658645444,"ENSG00000230551.4",NA,NA,NA
171.717948936522,1.05357209312095,0.927401843394308,0.00355812113110442,0.00908289785842763,"ENSG00000145908.15","ZNF300","91975","zinc finger protein 300"
60.3064693240547,1.83043907608117,0.351919668847546,4.03176772315606e-08,3.06880010161844e-07,"ENSG00000113249.16","HAVCR1","26762","hepatitis A virus cellular receptor 1"
53.4759404821381,1.01366608625462,0.282986808038811,5.12011597169474e-05,0.000218657735805884,"ENSG00000221886.6","FAM200C","63920","family with sequence similarity 200 member C"
111.037282400359,2.14861801656648,0.303091292189325,2.16254513800023e-14,3.39945041519894e-13,"ENSG00000253522.7","MIR3142HG","107075116","MIR3142 host gene"
65.0843594673949,3.9765476751739,0.69084290201985,4.96326053770246e-12,6.1583765188512e-11,"ENSG00000118322.15","ATP10B","23120","ATPase phospholipid transporting 10B (putative)"
79.4325344139996,2.27672350307073,0.371143411073642,9.2979337746914e-12,1.12545868712336e-10,"ENSG00000164463.14","CREBRF","153222","CREB3 regulatory factor"
89.1528273692313,1.20548752502841,0.216142695109224,3.60382818448822e-09,3.24050346548063e-08,"ENSG00000175414.9","ARL10","285598","ARF like GTPase 10"
125.807998813166,1.33166360604495,0.511110830450895,0.000287451464134275,0.00102259533000526,"ENSG00000113240.16","CLK4","57396","CDC like kinase 4"
98.8143831057887,1.10290809795908,0.429972145146922,0.000664014587407574,0.00213952548107233,"ENSG00000169131.15","ZNF354A","6940","zinc finger protein 354A"
13.4470607137829,1.95260228864905,0.386776266238287,5.66345794730765e-08,4.17876483279575e-07,"ENSG00000289839.2","LOC102725231","102725231","uncharacterized LOC102725231"
399.876814074339,1.04985678013198,0.224806547507487,3.73053290586162e-07,2.42225465015966e-06,"ENSG00000196670.15","ZFP62","643836","ZFP62 zinc finger protein"
823.665903314483,1.00529093898234,0.137431041699572,4.65605730509816e-14,7.10198414460126e-13,"ENSG00000054598.9","FOXC1","2296","forkhead box C1"
263.940400072635,1.03008225106854,0.233507948556491,1.51849643582206e-06,8.80990727494807e-06,"ENSG00000137266.16","SLC22A23","63027","solute carrier family 22 member 23"
14.2377989925654,1.69061271965237,0.417091912221719,5.29314042399246e-06,2.8011502566365e-05,"ENSG00000111837.12","MAK","4117","male germ cell associated kinase"
58.0096277392399,2.4194988206976,0.25157054671591,6.74110313780314e-23,2.1612172866541e-21,"ENSG00000205269.8","TMEM170B","100113407","transmembrane protein 170B"
435.938206486101,1.02915998520891,0.267288888670877,2.5138916167882e-05,0.00011516515090394,"ENSG00000302734.1",NA,NA,NA
628.67952499543,1.70838670289523,0.0894697179202152,2.09231669758304e-82,1.29062463173713e-79,"ENSG00000124788.19","ATXN1","6310","ataxin 1"
51.8924469477038,1.44335645125077,0.271251479274181,1.0151161487871e-08,8.54015609953402e-08,"ENSG00000229931.4",NA,NA,NA
212.293132611672,1.35779613303871,0.182114105764524,9.46405235767418e-15,1.54931158606893e-13,"ENSG00000137414.9","FAM8A1","51439","family with sequence similarity 8 member A1"
380.995849308889,1.80144394124435,0.48051644639386,1.96099402727566e-06,1.11629711681868e-05,"ENSG00000137393.12","RNF144B","255488","ring finger protein 144B"
32.1469942414201,1.41228682143363,0.277231219338982,5.76884612838247e-08,4.2524558387087e-07,"ENSG00000146038.14","DCDC2","51473","doublecortin domain containing 2"
15.6542701616243,1.04744853656418,0.320086174087167,0.000214526065764545,0.00079105845532163,"ENSG00000272462.5","LINC02980","123706533","long intergenic non-protein coding RNA 2980"
116.095805097377,1.28706968029016,0.368855333988569,2.50278923725133e-05,0.00011479926480563,"ENSG00000181315.13","ZNF322","79692","zinc finger protein 322"
13.2154618947825,1.07784377271455,0.44331234738839,0.00205272194134027,0.00565874598809588,"ENSG00000290474.2","GUSBP2","387036","GUSB pseudogene 2"
18.6705550585495,1.26973021229734,0.324956618790686,1.50366800286763e-05,7.22144636319581e-05,"ENSG00000291112.2","ZNF204P","7754","zinc finger protein 204, pseudogene"
621.755954131617,1.06373032002639,0.344908565192655,0.000209159923055694,0.000772934381366369,"ENSG00000198315.13","ZKSCAN8","7745","zinc finger with KRAB and SCAN domains 8"
31.6444230503535,1.51470700325125,0.320051559362152,2.0634600414724e-07,1.39625350151584e-06,"ENSG00000226314.10","ZKSCAN8P1","651302","ZKSCAN8 pseudogene 1"
7.5766569020524,2.20542964506552,0.721999456245905,0.000100238810023719,0.000399323867056514,"ENSG00000280107.1",NA,NA,NA
54.2751539422751,1.45651303037827,0.177644751539252,4.00126178641664e-17,8.11887605372777e-16,"ENSG00000235109.10","ZSCAN31","64288","zinc finger and SCAN domain containing 31"
56.1891611173527,1.79457453681634,0.641105100911917,0.000158978094129461,0.000603099923633558,"ENSG00000187987.12","ZSCAN23","222696","zinc finger and SCAN domain containing 23"
124.372986711187,1.00588141337814,0.267109843891736,2.39854042118545e-05,0.000110709044702487,"ENSG00000290710.2","HLA-V","352962","major histocompatibility complex, class I, V (pseudogene)"
16.1469865517145,2.15463854587728,0.367845476947327,6.22950368629178e-10,6.19775331266487e-09,"ENSG00000290870.1",NA,NA,NA
695.70447014858,1.44182182820368,0.452907809271562,3.62492257800226e-05,0.000160506425219716,"ENSG00000204616.13","TRIM31","11074","tripartite motif containing 31"
65.491874124675,1.55180025238717,0.228519318210791,1.30923640432133e-12,1.7241447131545e-11,"ENSG00000204531.22","POU5F1","5460","POU class 5 homeobox 1"
17.8626017155654,1.72952243939352,0.671060057053569,0.000260002372007289,0.000937455360936264,"ENSG00000204528.4",NA,NA,NA
29.4052663213415,1.32796967813658,0.337622840253517,1.01885465605459e-05,5.07649681777636e-05,"ENSG00000272501.2",NA,NA,NA
51.1951008327361,1.66075586404961,1.3668232307747,0.000559193743939129,0.00184141078908505,"ENSG00000227507.4","LTB","4050","lymphotoxin beta"
59.0399986200139,1.52246629900118,0.38174622503242,2.7756690815691e-06,1.53527951602859e-05,"ENSG00000204410.17","MSH5","4439","mutS homolog 5"
159.522912575067,2.31670197037552,0.513527207450469,2.48325994239723e-08,1.95180181303301e-07,"ENSG00000243649.12","CFB","629","complement factor B"
1434.51251671224,1.07238095156432,0.0600678241670001,5.29116272275797e-72,1.85443228062842e-69,"ENSG00000112079.12","STK38","11329","serine/threonine kinase 38"
70.9876470141604,1.39411262751605,0.382642170806878,1.19807497589003e-05,5.87270000101723e-05,"ENSG00000164663.17","USP49","25862","ubiquitin specific peptidase 49"
686.473179351828,1.02963762047399,0.130432842068982,5.34513090374926e-16,9.87152858284041e-15,"ENSG00000171467.18","ZNF318","24149","zinc finger protein 318"
200.73953969067,1.08972764379871,0.168258171226821,1.97118946185795e-11,2.3027424097509e-10,"ENSG00000124813.25","RUNX2","860","RUNX family transcription factor 2"
135.745586636697,1.00566774443729,0.222657627053641,1.44114778031445e-06,8.42773603345816e-06,"ENSG00000112782.20","CLIC5","53405","chloride intracellular channel 5"
84.1735064931265,1.60966495854346,0.293044153710461,4.36690414829867e-09,3.87914912850886e-08,"ENSG00000112796.12","ENPP5","59084","ectonucleotide pyrophosphatase/phosphodiesterase family member 5"
40.7283092481052,1.8012446680703,0.266239990056496,1.21618842927841e-12,1.60948011233411e-11,"ENSG00000170927.16","PKHD1","5314","PKHD1 ciliary IPT domain containing fibrocystin/polyductin"
30.9234040075856,1.08904434731725,0.370320057438505,0.00041484353097631,0.00141533232105878,"ENSG00000291006.1","LOC730101","730101","uncharacterized LOC730101"
491.822428619697,1.10861021842451,0.0793217954496472,4.46234789072984e-45,5.37608334554257e-43,"ENSG00000137269.17","LRRC1","55227","leucine rich repeat containing 1"
6222.46180730377,1.02982548417657,0.644326053748278,0.00385489828090114,0.00973573311329455,"ENSG00000151914.23","DST","667","dystonin"
608.194291099862,1.06571824688537,0.524004335407327,0.0020986117320962,0.00576977919783482,"ENSG00000112200.19","ZNF451","26036","zinc finger protein 451"
1588.81662933921,1.50473723845511,0.485250474887,3.19342567538465e-05,0.000143323100524176,"ENSG00000118482.14","PHF3","23469","PHD finger protein 3"
328.634028280315,1.08228891352002,0.107969373723112,2.36571035394083e-24,8.66546778340179e-23,"ENSG00000168216.15","LMBRD1","55788","LMBR1 domain containing 1"
331.415885850563,1.28777937372468,0.35292673523192,1.26898930466179e-05,6.1914366589463e-05,"ENSG00000082269.19","FAM135A","57579","family with sequence similarity 135 member A"
148.662443534596,1.86161698070658,1.25474010451846,0.00011396579205637,0.000446624264117226,"ENSG00000233237.10","LINC00472","79940","long intergenic non-protein coding RNA 472"
354.596353569472,1.06514158750645,0.285170432478029,2.11348208726993e-05,9.84950355629784e-05,"ENSG00000119900.10","OGFRL1","79627","opioid growth factor receptor like 1"
43.6872321192713,1.26998676803974,0.261788513985073,2.80799680029262e-07,1.85846002821083e-06,"ENSG00000080007.10","DDX43","55510","DEAD-box helicase 43"
3110.70046360945,1.11211518847351,0.203564413422373,6.02277401909302e-09,5.23251820554555e-08,"ENSG00000156535.16","CD109","135228","CD109 molecule"
1219.8669891976,1.337152882757,0.15770999036584,1.87037419898704e-18,4.28117420185608e-17,"ENSG00000196586.19","MYO6","4646","myosin VI"
1075.85018371992,1.09782424446114,0.852847923825526,0.00272346145447867,0.00724611785533396,"ENSG00000146247.17","PHIP","55023","PHIP subunit of CUL4-Ring ligase complex"
178.278343886225,1.54912834776262,0.188362801785596,1.54698587051286e-17,3.22379312286201e-16,"ENSG00000135338.16","LCA5","167691","lebercilin LCA5"
452.243740264892,1.48511175955253,0.0924128418758606,7.10641419749566e-59,1.48091909918352e-56,"ENSG00000198478.11","SH3BGRL2","83699","SH3 domain binding glutamate rich protein like 2"
11.1039188533834,1.53524292264145,0.790177674939852,0.00224395591394308,0.0061159498319046,"ENSG00000233967.8",NA,NA,NA
36.8954464860851,1.10532481252435,0.309105018881884,5.42941704446377e-05,0.000230716561704811,"ENSG00000013392.10","RWDD2A","112611","RWD domain containing 2A"
410.84754586451,1.07062436739388,0.121625526459134,2.45499585914813e-19,6.00928430855925e-18,"ENSG00000065833.11","ME1","4199","malic enzyme 1"
71.4972805514039,1.47857219170002,0.635601161167957,0.000410959220829033,0.0014033796123832,"ENSG00000135315.14","CEP162","22832","centrosomal protein 162"
113.803265669064,1.25759451428076,0.426211450162289,0.000155207260750993,0.000590975597047176,"ENSG00000135317.16","SNX14","57231","sorting nexin 14"
559.836597359695,1.67082769793702,0.796842074347726,0.000171909681244093,0.000648329467954306,"ENSG00000188994.16","ZNF292","23036","zinc finger protein 292"
9.39501424449145,1.54304907604449,0.586377443552414,0.000584035877549847,0.00191178460362899,"ENSG00000203872.7","C6orf163","206412","chromosome 6 open reading frame 163"
71.3677772892207,1.0654661730241,0.264429522812703,9.95109728709608e-06,4.97748528265678e-05,"ENSG00000135299.20","ANKRD6","22881","ankyrin repeat domain 6"
20.0352169973956,1.32120019245317,0.382793276154702,0.000106685848215189,0.000422388309454797,"ENSG00000220908.3",NA,NA,NA
177.297054303892,1.52321587296417,0.721914994410284,0.000377047970362621,0.00129961036007197,"ENSG00000135333.17","EPHA7","2045","EPH receptor A7"
28.012172738468,1.01420329396046,0.283666421726386,7.17611711722236e-05,0.000295416182767448,"ENSG00000112218.11","GPR63","81491","G protein-coupled receptor 63"
213.131000606458,1.10693169350119,0.259515932254187,2.13916137109297e-06,1.21012500013297e-05,"ENSG00000112234.11","FBXL4","26235","F-box and leucine rich repeat protein 4"
1016.31835682153,1.08921682732189,0.347179938151826,0.00012931154827748,0.000501789981375697,"ENSG00000132424.19","PNISR","25957","PNN interacting serine and arginine rich protein"
147.233569783155,1.3425934427423,0.204686500307192,4.46633213441539e-12,5.5814674104392e-11,"ENSG00000085382.14","HACE1","57531","HECT domain and ankyrin repeat containing E3 ubiquitin protein ligase 1"
104.846754573718,1.70319390694851,0.2307781914848,8.41651005050632e-15,1.38665599881259e-13,"ENSG00000057657.19","PRDM1","639","PR/SET domain 1"
219.598621065266,1.40888745313886,0.176597629390376,1.17994820107344e-16,2.31795938965013e-15,"ENSG00000155111.17","CDK19","23097","cyclin dependent kinase 19"
31.1219635918694,1.12820467400238,0.371348804400324,0.00052007485488678,0.00172920964579755,"ENSG00000230943.5","LINC02541","101927686","long intergenic non-protein coding RNA 2541"
577.730940007789,1.5631570720651,0.227638088794269,3.19215961627126e-13,4.48735582885316e-12,"ENSG00000111816.10","FRK","2444","fyn related Src family tyrosine kinase"
694.483829735573,1.05861064598663,0.378220881984071,0.000479956123508058,0.00161075155182106,"ENSG00000111817.21","DSE","29940","dermatan sulfate epimerase"
59.3076566398994,1.75461648724855,0.534752460435313,2.41090753939277e-05,0.000111146801689016,"ENSG00000196911.14","KPNA5","3841","karyopherin subunit alpha 5"
18.7919634188038,2.17676649631315,0.38912109433536,2.49899056966318e-09,2.30346285563514e-08,"ENSG00000111879.21","FAM184A","79632","family with sequence similarity 184 member A"
118.008454981287,1.63502375620089,0.455886048050541,9.5423510802932e-06,4.79324416968083e-05,"ENSG00000111885.9","MAN1A1","4121","mannosidase alpha class 1A member 1"
79.8124735119221,1.06521022520411,0.37423301896619,0.000514661247799046,0.00171379639436603,"ENSG00000146350.16","TBC1D32","221322","TBC1 domain family member 32"
387.4125369012,1.34840286672511,0.295900467904683,2.71215548073185e-07,1.79966220603984e-06,"ENSG00000146373.18","RNF217","154214","ring finger protein 217"
903.581171551859,1.17006582289545,0.236622391702394,6.27988792019148e-08,4.60276386013654e-07,"ENSG00000146376.13","ARHGAP18","93663","Rho GTPase activating protein 18"
323.971535689303,1.46200969188731,0.321786482181872,2.72454871738629e-07,1.80555503957087e-06,"ENSG00000112299.10","VNN1","8876","vanin 1"
241.635954455845,1.36135041828505,0.636354931737977,0.000967532710483288,0.00295862025150958,"ENSG00000112303.15","VNN2","8875","vanin 2"
84.1490312646939,1.61617253733474,0.182106633648086,8.19443727010235e-20,2.10260261467967e-18,"ENSG00000146411.8","SLC2A12","154091","solute carrier family 2 member 12"
238.727045127524,1.11648986708225,0.424005259201359,0.000519650308343516,0.00172817067176307,"ENSG00000135541.24","AHI1","54806","Abelson helper integration site 1"
804.429620023315,1.02287956693486,0.0876609018854667,4.91731119294746e-32,2.8723430267592e-30,"ENSG00000197442.13","MAP3K5","4217","mitogen-activated protein kinase kinase kinase 5"
335.624609397018,1.77192526781463,0.163363376261624,1.03358293451383e-28,5.14157497843154e-27,"ENSG00000112379.11","ARFGEF3","57221","ARFGEF family member 3"
2008.78888802261,1.22925531249209,0.244053702953193,3.4553565033129e-08,2.6589347623547e-07,"ENSG00000112414.17","ADGRG6","57211","adhesion G protein-coupled receptor G6"
191.737298349898,1.7888616553963,0.167873754620461,1.40827756436557e-27,6.40620894397685e-26,"ENSG00000118495.23","PLAGL1","5325","PLAG1 like zinc finger 1"
262.497024746575,1.25829031344172,0.331313349306605,1.12367556568675e-05,5.54857537574622e-05,"ENSG00000111962.10","UST","10090","uronyl 2-sulfotransferase"
1832.00689950582,1.01565053121545,0.260400961505792,1.13286960045641e-05,5.58681871078933e-05,"ENSG00000055208.22","TAB2","23118","TGF-beta activated kinase 1 (MAP3K7) binding protein 2"
33.4232538690614,1.55711264857945,0.269026911566444,9.18538511083105e-10,8.91988814824468e-09,"ENSG00000091844.10","RGS17","26575","regulator of G protein signaling 17"
16.8138220087883,1.10118375615058,0.381811016003309,0.000714345239516343,0.00227648645145309,"ENSG00000074706.16","IPCEF1","26034","interaction protein for cytohesin exchange factors 1"
92.6155356426549,1.08432364533713,0.166001752947782,1.36450743901981e-11,1.61613434847347e-10,"ENSG00000122335.19","SERAC1","84947","serine active site containing 1"
3947.07749983474,1.14263255110566,0.102807638615446,1.15115572864771e-29,5.95703774881757e-28,"ENSG00000291237.3","SOD2","6648","superoxide dismutase 2"
103.446892396495,1.05686454857093,0.211166510143767,1.72153285917275e-07,1.18200170174991e-06,"ENSG00000280707.4","LOC102725048","102725048","uncharacterized LOC102725048"
269.367728728393,1.59657474140077,0.364143033638062,3.50232974010852e-07,2.2856295777492e-06,"ENSG00000184465.19","WDR27","253769","WD repeat domain 27"
384.447969463224,1.3246594967184,0.531037691787192,0.000328149204554531,0.00115192098416468,"ENSG00000146587.20","RBAK","57786","RB associated KRAB zinc finger"
122.337323249117,1.42681748944884,0.206259125610829,6.35683101128559e-13,8.63618697837078e-12,"ENSG00000106415.15","GLCCI1","113263","glucocorticoid induced 1"
901.174536633432,1.04827656323519,0.303118770876358,5.88189469759862e-05,0.000247506717504566,"ENSG00000106460.22","TMEM106B","54664","transmembrane protein 106B"
30.5350586410285,1.40075613612129,0.395544588827931,3.05002279854635e-05,0.000137447111561611,"ENSG00000006747.17","SCIN","85477","scinderin"
246.562277853629,1.04195635767442,0.121366134558193,2.15536888116173e-18,4.90959283846308e-17,"ENSG00000006468.17","ETV1","2115","ETS variant transcription factor 1"
30.5146770699361,1.14192195996143,0.273918852266825,5.79930401805821e-06,3.04083873724841e-05,"ENSG00000214960.13","CRPPA","729920","CDP-L-ribitol pyrophosphorylase A"
424.109805122708,1.23776633055108,0.107812840427825,2.64749094102113e-31,1.49003495625865e-29,"ENSG00000106524.11","ANKMY2","57037","ankyrin repeat and MYND domain containing 2"
32.1553024186029,1.21447858676882,0.347100251104356,5.98079120220215e-05,0.000251102045001795,"ENSG00000289189.3","LOC105375170","105375170","uncharacterized LOC105375170"
110.959364876369,1.38080673527553,0.618971053940876,0.00141371368920901,0.00411170850140487,"ENSG00000236039.4","LINC02889","101927630","long intergenic non-protein coding RNA 2889"
699.637637902748,1.27076735982036,0.393544470903205,5.59267590691882e-05,0.000236805752774836,"ENSG00000071189.23","SNX13","23161","sorting nexin 13"
17.6637451480084,1.29656097639812,0.494600036399018,0.000651181869228221,0.00210213012463228,"ENSG00000243004.8","MACC1-OT1","101927668","MACC1 3' UTR overlapping transcript 1"
2501.2660354196,1.7080946493842,0.234847718446897,8.99074230459506e-15,1.47653074631694e-13,"ENSG00000183742.15","MACC1","346389","MET transcriptional regulator MACC1"
24.5730340714505,1.1410963840886,0.39366042993541,0.000416769374988089,0.00142064556403433,"ENSG00000271133.8","ITGB8-AS1","101927811","ITGB8 antisense RNA 1"
13.6934531517868,2.65136492105849,0.998319818570527,9.58181113460143e-05,0.000383502929597087,"ENSG00000302794.1",NA,NA,NA
2026.70048860836,2.71330621182598,0.164713171148627,5.05930595981831e-63,1.25837995494126e-60,"ENSG00000105855.12","ITGB8","3696","integrin subunit beta 8"
227.285803839773,1.41318201331863,0.239381418959901,2.34564409739371e-10,2.43419768680407e-09,"ENSG00000105866.17","SP4","6671","Sp4 transcription factor"
602.649745932899,1.07377719387677,0.165000572006606,1.16569274472731e-11,1.39026665247022e-10,"ENSG00000136237.21","RAPGEF5","9771","Rap guanine nucleotide exchange factor 5"
61.8883631120764,1.59021820323136,0.513867565249092,7.76165097933311e-05,0.000317823738057079,"ENSG00000232759.2","STEAP1B-AS1","100506178","STEAP1B antisense RNA 1"
561.353560075132,1.06891146433307,0.500706270693449,0.00180932579234041,0.00507394308850364,"ENSG00000122591.15","HYCC1","84668","hyccin PI4KA lipid kinase complex subunit 1"
8.5600348421244,1.31068970650364,0.556800662502063,0.00209239604032475,0.00575533342827616,"ENSG00000298035.1",NA,NA,NA
1979.52651012739,1.03137688950744,0.0920662732187589,7.17614383243115e-30,3.77690491603825e-28,"ENSG00000070882.15","OSBPL3","26031","oxysterol binding protein like 3"
1736.90941499173,1.25139058507802,0.10664201151962,9.62352089201225e-33,5.93617262702884e-31,"ENSG00000005020.15","SKAP2","8935","src kinase associated phosphoprotein 2"
42.0556471084047,1.03961715798231,0.196487975121047,2.70267907718468e-08,2.11886192421276e-07,"ENSG00000105991.11","HOXA1","3198","homeobox A1"
30.9443576671421,1.33646668637429,0.437746904661086,0.000157711695008097,0.00059947548649738,"ENSG00000254369.7","HOXA-AS3","100133311","HOXA cluster antisense RNA 3"
124.760278764418,1.00607500028544,0.336074811232888,0.000406417172366465,0.00138935030260768,"ENSG00000106004.6","HOXA5","3202","homeobox A5"
38.5829457111423,1.24087937596681,0.554605948141104,0.00113144584170998,0.00338271157910229,"ENSG00000235859.5",NA,NA,NA
26.1192609033803,1.29314465051223,0.444010768955232,0.000274412652578748,0.000982977355497531,"ENSG00000281404.2","LINC01176","100506516","long intergenic non-protein coding RNA 1176"
175.799215160713,1.43887996842445,0.33391575532446,8.02596486988953e-07,4.90949640057781e-06,"ENSG00000196295.14",NA,NA,NA
60.4424185128246,1.0474713258208,0.297728460700037,6.56967965141502e-05,0.000273075552303156,"ENSG00000281332.1",NA,NA,NA
117.989667235607,1.97814338593479,0.147502428415292,5.72678168193929e-42,5.84852319981363e-40,"ENSG00000164542.15","MATCAP2","23366","microtubule associated tyrosine carboxypeptidase 2"
172.327284368732,1.49904019415544,0.492600551361126,5.42555028034413e-05,0.000230615796232599,"ENSG00000187037.11","GPR141","353345","G protein-coupled receptor 141"
8.72397194034232,1.81355095912743,0.544461361760453,6.5640338677963e-05,0.00027298804281361,"ENSG00000086288.12","NME8","51314","NME/NM23 family member 8"
23.047310694311,1.00676730234646,0.286868941713565,0.000104188438399224,0.000413881996021235,"ENSG00000290114.2",NA,NA,NA
764.600818918553,1.23897233798616,0.0936538275495725,9.4194983362802e-41,9.13572854363377e-39,"ENSG00000146729.12","NIPSNAP2","2631","nipsnap homolog 2"
40.413324940668,1.42444973265044,0.68623855524477,0.000955514212431487,0.00292709270359673,"ENSG00000152926.19","ZNF117","51351","zinc finger protein 117"
58.9135027191364,1.28534172934333,0.337829998229506,1.14655160494056e-05,5.64346386842912e-05,"ENSG00000213462.6","ERV3-1","2086","endogenous retrovirus group 3 member 1, envelope"
19.9691671348077,1.05729946820771,0.628741753342038,0.00644722453680756,0.015144348755843,"ENSG00000291124.2","CCT6P1","643253","chaperonin containing TCP1 subunit 6 pseudogene 1"
12.6185836464284,1.34512257619248,0.423241513103614,0.00021005924466469,0.000775885895083639,"ENSG00000289042.1",NA,NA,NA
69.3533904734314,1.10620347248406,0.247770492809696,1.15237122192149e-06,6.8480603519273e-06,"ENSG00000290831.2","NSUN5P2","260294","NSUN5 pseudogene 2"
77.3975285797518,1.64993208494804,0.411781695261072,1.54174120402254e-06,8.93804176963596e-06,"ENSG00000291151.2","NSUN5P1","155400","NSUN5 pseudogene 1"
86.1125344783983,1.96554517227863,0.596072696163275,1.2953558176275e-05,6.31143193163782e-05,"ENSG00000135205.17","CCDC146","57639","coiled-coil domain containing 146"
144.641654573144,1.13882919351681,0.24949404771372,5.46245723874089e-07,3.44525779462672e-06,"ENSG00000186088.18","GSAP","54103","gamma-secretase activating protein"
15.5237360324079,1.32374698860851,0.393420407362115,9.91155297447287e-05,0.000395257456476199,"ENSG00000187391.24","MAGI2","9863","membrane associated guanylate kinase, WW and PDZ domain containing 2"
317.287279897921,1.01275320661372,0.122226532801379,2.9346848284022e-17,5.97830577791153e-16,"ENSG00000164659.17","ELAPOR2","222223","endosome-lysosome associated apoptosis and autophagy regulator family member 2"
749.978861068904,1.21516214217406,0.362674623146575,4.4766733412555e-05,0.000193537369205217,"ENSG00000135164.21","DMTF1","9988","cyclin D binding myb like transcription factor 1"
41.1521685741346,2.16934281567323,0.302140838043475,6.77635252877416e-14,1.02048957369362e-12,"ENSG00000008277.17","ADAM22","53616","ADAM metallopeptidase domain 22"
83.3154103410467,1.55545787729282,0.225402620560775,6.70391469616022e-13,9.08445241911131e-12,"ENSG00000127954.15","STEAP4","79689","STEAP4 metalloreductase"
725.931789547422,1.30269206408617,0.22397989168175,4.55196992175142e-10,4.60603203171448e-09,"ENSG00000157214.16","STEAP2","261729","STEAP2 metalloreductase"
34.4849707734369,1.10722607805845,0.471707607102649,0.00148400662243703,0.00428234770295684,"ENSG00000105792.21","CFAP69","79846","cilia and flagella associated protein 69"
1192.94247899242,1.76928303188386,0.798323231031658,9.64845248719384e-05,0.000385762991457133,"ENSG00000127914.21","AKAP9","10142","A-kinase anchoring protein 9"
1308.3039561889,1.12759181907322,0.324517667568532,3.66839265134858e-05,0.000162278494195199,"ENSG00000001629.12","ANKIB1","54467","ankyrin repeat and IBR domain containing 1"
18.9240950290525,1.63244162460343,0.469193825617133,2.83909338873184e-05,0.00012873172345673,"ENSG00000244055.3",NA,NA,NA
5089.52859300255,1.09919091325908,0.0828239617306079,8.04975126313176e-41,7.90670154323279e-39,"ENSG00000242265.6","PEG10","23089","paternally expressed 10"
238.857306757421,3.07324723241863,0.264481009765163,5.70095377882896e-33,3.5592877823207e-31,"ENSG00000158528.14","PPP1R9A","55607","protein phosphatase 1 regulatory subunit 9A"
106.970282219734,1.17845433553232,0.144837055685103,7.38577424418733e-17,1.47725064357474e-15,"ENSG00000105852.13","PON3","5446","paraoxonase 3"
52.7220233178988,2.49629924467998,0.566455548709892,5.93957390627077e-08,4.37412460404019e-07,"ENSG00000004799.10","PDK4","5166","pyruvate dehydrogenase kinase 4"
1520.9752533733,1.18585006308732,0.269344822999641,8.48476569483555e-07,5.16351901263059e-06,"ENSG00000106261.19","ZKSCAN1","7586","zinc finger with KRAB and SCAN domains 1"
118.770616625972,1.91324970225129,0.408564604141992,4.34954065842416e-08,3.29118088780957e-07,"ENSG00000291122.2","CASTOR3P","352954","CASTOR family member 3, pseudogene"
187.130375973639,1.08156001253499,0.122593673732398,2.00394646243536e-19,4.93655884939547e-18,"ENSG00000272752.7","STAG3L5P","101735302","STAG3 cohesin complex component like 5, pseudogene"
25.3895410336911,1.2089420188822,0.518125328265307,0.00142797484978817,0.00414236270853712,"ENSG00000285437.4","POLR2J3","548644","RNA polymerase II subunit J3"
1825.87414924582,1.25998205086977,0.348868895892794,1.33590208378176e-05,6.48644396536477e-05,"ENSG00000005483.24","KMT2E","55904","lysine methyltransferase 2E (inactive)"
64.429048975869,2.36974803657323,0.290056594992366,1.04887505951726e-17,2.22485588621949e-16,"ENSG00000005249.16","PRKAR2B","5577","protein kinase cAMP-dependent type II regulatory subunit beta"
91.5638561400657,4.91049008667269,0.416392868471494,2.80144565887548e-33,1.78516915312061e-31,"ENSG00000091129.24","NRCAM","4897","neuronal cell adhesion molecule"
405.816799714562,1.17552850732374,0.392370960917866,0.000149552936077194,0.000571846225451627,"ENSG00000135241.19","PNPLA8","50640","patatin like domain 8, phospholipase A2"
139.403150663164,1.02085771678916,0.290296952927292,5.67135302693354e-05,0.000239545152090776,"ENSG00000006652.16","IFRD1","3475","interferon related developmental regulator 1"
13.4693508620466,1.05447741569689,0.623301307528058,0.00736528202648869,0.0169093883732737,"ENSG00000181016.11","LSMEM1","286006","leucine rich single-pass membrane protein 1"
117.158928326512,1.45846403719791,0.221475080151808,4.5729199259105e-12,5.69620340690354e-11,"ENSG00000164603.14","SAMTOR","154743","S-adenosylmethionine sensor upstream of mTORC1"
33.7467285675886,1.1602717835796,0.203470572183669,2.39032570466681e-09,2.20990483762991e-08,"ENSG00000106034.20","CPED1","79974","cadherin like and PC-esterase domain containing 1"
159.411273667965,1.55101373814049,0.529071297135475,5.63784231490815e-05,0.000238390914006577,"ENSG00000170775.4","GPR37","2861","G protein-coupled receptor 37"
517.006052195939,1.05883243367925,0.416129686147892,0.000764971336540359,0.0024148665262618,"ENSG00000128513.18","POT1","25913","protection of telomeres 1"
22.2931970870887,1.1916039307494,0.672161016950222,0.00331350562780148,0.00855542153603824,"ENSG00000205085.13","GARIN1A","346653","golgi associated RAB2 interactor 1A"
62.6800482166505,1.2160399982885,0.256990696539414,2.94049854933925e-07,1.93783880894704e-06,"ENSG00000128596.19","CCDC136","64753","coiled-coil domain containing 136"
122.280992249009,1.44410118138527,0.245032388301802,4.7663972204559e-10,4.80723424046112e-09,"ENSG00000105894.15","PTN","5764","pleiotrophin"
231.970960576167,1.45735747735067,0.741747632322856,0.000477343909298623,0.00160233357102614,"ENSG00000122778.12","KIAA1549","57670","KIAA1549"
494.053320740826,1.36607032631629,0.467960992859713,0.000111469353489672,0.000438065468951128,"ENSG00000157741.17","UBN2","254048","ubinuclein 2"
251.177002339815,1.36126570766535,0.454505360462245,9.00834379195688e-05,0.000363278424727424,"ENSG00000006459.13","KDM7A","80853","lysine demethylase 7A"
15.1824329610993,1.31762126597046,0.350276835567926,2.38144181749068e-05,0.000110018616739136,"ENSG00000244701.2",NA,NA,NA
920.592730824142,1.0258673437243,0.110910917377841,5.37408108900266e-21,1.49321990042361e-19,"ENSG00000257093.8","DENND11","57189","DENN domain containing 11"
11.9913950153331,2.80602184711799,0.706692329508118,2.13778996139542e-06,1.20979299063041e-05,"ENSG00000127364.4","TAS2R4","50832","taste 2 receptor member 4"
23.3816167315806,1.21143657905849,0.653810699104975,0.00563711660425791,0.0134796053890931,"ENSG00000204983.15","PRSS1","5644","serine protease 1"
69.4425196807293,1.31868706289806,0.404365499233501,5.66575392775426e-05,0.000239374222794242,"ENSG00000170379.22","TCAF2","285966","TRPM8 channel associated factor 2"
98.5012255018154,1.13753937934935,0.471403674015324,0.00166395502786594,0.00471948693851767,"ENSG00000174469.23","CNTNAP2","26047","contactin associated protein 2"
32.3058164975105,1.42725152326587,0.726817864390735,0.0009638445156534,0.00294851146119641,"ENSG00000224903.2","RNF32-AS1","101927858","RNF32 antisense RNA 1"
174.708418785962,1.35899049113259,0.169107366246704,1.53812478223109e-16,2.98733277919214e-15,"ENSG00000147364.19","FBXO25","26260","F-box protein 25"
281.337830360534,1.39521611565817,0.275995159695447,2.20360499018666e-08,1.75344646819755e-07,"ENSG00000173281.6","PPP1R3B","79660","protein phosphatase 1 regulatory subunit 3B"
11.8450712173288,1.08591308563813,0.33392841483934,0.000236261553761138,0.000862086976916946,"ENSG00000255310.2",NA,NA,NA
216.759580216988,1.84860601927649,0.221904679107544,3.7391182912731e-18,8.27273216208357e-17,"ENSG00000104219.15","ZDHHC2","51201","zDHHC palmitoyltransferase 2"
980.423081264228,1.47659057740546,0.235608165319043,1.63971345553140e-11,1.93023062578243e-10,"ENSG00000129422.17","MTUS1","57509","microtubule associated scaffold protein 1"
11.6399287195488,1.81436779732906,0.47619705529917,1.09694243946334e-05,5.430481335141e-05,"ENSG00000253944.1","MTUS1-DT","101930275","MTUS1 divergent transcript"
384.245403237298,2.12101131389795,0.227554612314379,1.97034762948085e-22,6.12595378915811e-21,"ENSG00000156011.20","PSD3","23362","pleckstrin and Sec7 domain containing 3"
86.7266906107591,1.32131771084094,0.376541857973955,4.01687593014559e-05,0.000175429747150312,"ENSG00000147408.18","CSGALNACT1","55790","chondroitin sulfate N-acetylgalactosaminyltransferase 1"
1323.70183292112,1.40397698732279,0.110178596181605,4.13588868047219e-38,3.321851007373e-36,"ENSG00000104765.18","BNIP3L","665","BCL2 interacting protein 3 like"
146.243446489222,2.03381856179261,0.206750381604867,3.38667601571509e-24,1.22884543149041e-22,"ENSG00000104290.13","FZD3","7976","frizzled class receptor 3"
202.813753975224,1.21423269564593,0.343952802289411,2.67041175370877e-05,0.00012183556110634,"ENSG00000147421.20","HMBOX1","79618","homeobox containing 1"
45.1819058836314,1.12129145852418,0.418539151480245,0.000675647608344982,0.00216975463729446,"ENSG00000259366.3",NA,NA,NA
21.6025782240611,1.16324103544971,0.30720604634957,2.70353500994499e-05,0.000123310302834551,"ENSG00000279041.1",NA,NA,NA
621.312288094468,1.01135242301484,0.196197077494173,3.54737735580873e-08,2.72159732357843e-07,"ENSG00000156735.13","BAG4","9530","BAG cochaperone 4"
733.948507422478,1.11797987163764,0.061006229416355,1.07018601117465e-75,4.46036175089846e-73,"ENSG00000085788.16","DDHD2","23259","DDHD domain containing 2"
1570.3436380716,1.27002759713892,0.158491508729243,9.6202691227484e-17,1.91672054446903e-15,"ENSG00000147548.19","NSD3","54904","nuclear receptor binding SET domain protein 3"
1640.88207270763,1.07978233977409,0.183763878071732,5.14776177123873e-10,5.16148467322968e-09,"ENSG00000147526.22","TACC1","6867","transforming acidic coiled-coil containing protein 1"
11870.1343202428,1.21510147981841,0.0512962822159036,4.6567193927565e-124,1.02587528222426e-120,"ENSG00000168615.15","ADAM9","8754","ADAM metallopeptidase domain 9"
24.1008007817532,1.68718432469092,0.478887997631439,1.98729902093041e-05,9.30927648899389e-05,"ENSG00000197140.17","ADAM32","203102","ADAM metallopeptidase domain 32"
194.03988340824,1.36509718909501,0.215635170507712,1.88717115679429e-11,2.20972410090545e-10,"ENSG00000131203.14","IDO1","3620","indoleamine 2,3-dioxygenase 1"
169.645495154135,1.94226856570639,0.220094350916158,1.06853527646268e-19,2.69246446051159e-18,"ENSG00000176907.5","TCIM","56892","transcriptional and immune response regulator"
619.407119310384,1.63456986530096,0.293132462905399,7.45459995124936e-10,7.33146593419748e-09,"ENSG00000168172.11","HOOK3","84376","hook microtubule tethering protein 3"
15.0498149177976,1.69747819066976,0.403080523232673,2.75107264749821e-06,1.52331387063088e-05,"ENSG00000034239.13","CLXN","79645","calaxin"
420.265643389546,1.65519775057847,0.16749493034367,3.57300058511511e-24,1.28436461592215e-22,"ENSG00000168300.16","PCMTD1","115294","protein-L-isoaspartate (D-aspartate) O-methyltransferase domain containing 1"
1059.28531413432,2.21178646304618,0.374500066004466,1.5893855254393e-11,1.87384665044338e-10,"ENSG00000023287.15","RB1CC1","9821","RB1 inducible coiled-coil 1"
47.6275464279763,1.08528055944837,0.517089510354824,0.00308060896675851,0.00805187641972594,"ENSG00000237807.5","LINC02984","100507516","long intergenic non-protein coding RNA 2984"
1592.99863492456,1.12889442353476,0.159052086117027,9.84595167683077e-14,1.45994635392699e-12,"ENSG00000187735.18","TCEA1","6917","transcription elongation factor A1"
182.378449455667,1.75450205853448,0.431073880180863,9.32917334373532e-07,5.63735039709022e-06,"ENSG00000181690.10","PLAG1","5324","PLAG1 zinc finger"
1975.13099671761,1.17934892015568,0.153988710101313,1.88760506798044e-15,3.31534826347681e-14,"ENSG00000104331.11","BPNT2","54928","3'(2'), 5'-bisphosphate nucleotidase 2"
477.513353647328,1.58790752476526,0.152692599677249,1.33829550758309e-26,5.70106492332563e-25,"ENSG00000215114.12","UBXN2B","137886","UBX domain protein 2B"
691.717624489906,1.03901818777469,0.113327100720372,8.72072147283548e-21,2.37182091415513e-19,"ENSG00000171316.16","CHD7","55636","chromodomain helicase DNA binding protein 7"
13669.3592152881,1.0328582385792,0.209376272076552,1.08502927574599e-07,7.69652091135184e-07,"ENSG00000198363.20","ASPH","444","aspartate beta-hydroxylase"
7.95012688653651,1.93110996350039,0.554818151316812,4.48859446808146e-05,0.000193998361245191,"ENSG00000147576.19","ADHFE1","137872","alcohol dehydrogenase iron containing 1"
497.413160192875,1.18991117156591,0.332324630564826,2.3062540606566e-05,0.000106768969887077,"ENSG00000175073.9","VCPIP1","80124","valosin containing protein interacting protein 1"
28.0812204781955,1.36523554978874,0.323109603097801,2.72417849878879e-06,1.51004876455147e-05,"ENSG00000288596.3","C8orf44","56260","chromosome 8 putative open reading frame 44"
22.9592347426421,1.59589759463679,0.372404026682872,1.51305400456777e-06,8.78465472436105e-06,"ENSG00000178460.20","MCMDC2","157777","minichromosome maintenance domain containing 2"
1230.20695286735,1.48165137270611,0.333415478840822,2.93805442020737e-07,1.93705588773056e-06,"ENSG00000066777.11","ARFGEF1","10565","ARF guanine nucleotide exchange factor 1"
493.321380444564,1.22606825198447,0.226685278241806,5.96051782060212e-09,5.18427215518924e-08,"ENSG00000140396.15","NCOA2","10499","nuclear receptor coactivator 2"
5805.36969365539,1.25820644616559,0.231638482975271,3.70759051624855e-09,3.32218206572161e-08,"ENSG00000067167.10","TRAM1","23471","translocation associated membrane protein 1"
152.680954808409,2.37893673590199,0.211950140511873,3.3050198548412e-30,1.79460250639106e-28,"ENSG00000104313.22","EYA1","2138","EYA transcriptional coactivator and phosphatase 1"
11.7546912064331,1.46293375864697,0.854961945700922,0.00226509550247124,0.00616484958411736,"ENSG00000253636.2",NA,NA,NA
480.487889004717,1.19019751644636,0.0798664421712909,5.15631633102008e-51,8.28287022298549e-49,"ENSG00000040341.20","STAU2","27067","staufen double-stranded RNA binding protein 2"
288.862659467555,1.51847038986136,0.252711022317332,7.88398519843508e-11,8.61650855741087e-10,"ENSG00000104343.23","UBE2W","55284","ubiquitin conjugating enzyme E2 W"
29.8761039888804,1.79364002611141,0.310056528689771,6.71920473469199e-10,6.646366658992e-09,"ENSG00000121005.11","CRISPLD1","83690","cysteine rich secretory protein LCCL domain containing 1"
99.5821104227249,1.18148315184832,0.25811185345364,5.2255517052396e-07,3.30801448466749e-06,"ENSG00000104427.15","ZC2HC1A","51101","zinc finger C2HC-type containing 1A"
15.0557769677261,2.16720788854915,0.415834019239513,1.75837894566596e-08,1.42490602843483e-07,"ENSG00000261618.2",NA,NA,NA
668.650245681106,1.1362127691673,0.0704546464017567,3.24769808416929e-59,6.95593779944092e-57,"ENSG00000076554.18","TPD52","7163","tumor protein D52"
204.149709061392,1.68502020708305,0.206913853946282,1.66525566214096e-17,3.45160047928438e-16,"ENSG00000205189.14","ZBTB10","65986","zinc finger and BTB domain containing 10"
73.8522472233836,1.16723623484781,0.201613318697405,1.37894933380072e-09,1.30779690507631e-08,"ENSG00000104497.17","SNX16","64089","sorting nexin 16"
143.25561258164,1.59666571060478,0.329612839701198,4.97270395477269e-08,3.71171673216601e-07,"ENSG00000133739.18","LRRCC1","85444","leucine rich repeat and coiled-coil centrosomal protein 1"
556.117368730842,1.00519594225671,0.282122949739058,4.43417054312122e-05,0.000191807416396837,"ENSG00000123124.16","WWP1","11059","WW domain containing E3 ubiquitin protein ligase 1"
236.134557948495,1.5267037391169,0.317533169842962,6.3907734173118e-08,4.67736672370029e-07,"ENSG00000251136.12","PARAIL","101929709","palmitic acid regulated anti-inflammatory lncRNA"
221.127374072233,1.31487076628823,0.173459794636528,3.79419417240751e-15,6.4795424510184e-14,"ENSG00000205133.14","TRIQK","286144","triple QxxK/R motif containing"
111.225560009334,1.66791217822775,0.242258740911707,5.79482965398001e-13,7.92216915727179e-12,"ENSG00000188343.16","CIBAR1","137392","CBY1 interacting BAR domain containing 1"
174.671684834506,1.42307778872836,0.28470707071145,3.12758695305019e-08,2.42242684093355e-07,"ENSG00000164953.18","TMEM67","91147","transmembrane protein 67"
1681.30500577834,1.64130473169857,0.219678612039877,3.04229026746683e-15,5.25365713489428e-14,"ENSG00000164951.17","PDP1","54704","pyruvate dehydrogenase phosphatase catalytic subunit 1"
52.3582226348246,1.10072993931785,0.348887566785126,0.000165904314060643,0.000627676748559659,"ENSG00000197275.16","RAD54B","25788","RAD54 homolog B"
69.3217583474565,1.86965016670905,0.257791964739391,1.96572517360985e-14,3.10907157971666e-13,"ENSG00000265817.5","FSBP","100861412","fibrinogen silencer binding protein"
565.19028400316,1.26271727334756,0.296743211085162,1.28382639358236e-06,7.59704022081103e-06,"ENSG00000156162.18","DPY19L4","286148","dpy-19 like 4"
892.918232023482,1.20496201732005,0.159420379324456,4.19400522881964e-15,7.1307336972026e-14,"ENSG00000164941.16","INTS8","55656","integrator complex subunit 8"
77.5129857572264,3.86049313416771,0.388640757874176,1.19554828460137e-24,4.49671953581408e-23,"ENSG00000164938.16","TP53INP1","94241","tumor protein p53 inducible nuclear protein 1"
313.288136661618,1.20650457614021,0.131183870254761,4.82142990713483e-21,1.34450760574912e-19,"ENSG00000175895.7","PLEKHF2","79666","pleckstrin homology and FYVE domain containing 2"
186.881006965254,2.29284087234354,0.240394760462797,3.87758592312761e-23,1.26686975679133e-21,"ENSG00000132561.16","MATN2","4147","matrilin 2"
198.076928804711,1.46424007997407,0.213663457812477,6.84695916457156e-13,9.27014550279702e-12,"ENSG00000104361.12","NIPAL2","79815","NIPA like domain containing 2"
460.304310799691,1.28483384708232,0.072941535955243,1.66190311350299e-70,5.57134954637602e-68,"ENSG00000104375.19","STK3","6788","serine/threonine kinase 3"
628.792410423105,1.50739863920949,0.224042182699297,8.67689149687622e-13,1.16861435609894e-11,"ENSG00000132549.21","VPS13B","157680","vacuolar protein sorting 13 homolog B"
17.2712483820237,1.1542522608496,0.348410080851785,0.00015854430184598,0.000601750351653175,"ENSG00000156509.15","FBXO43","286151","F-box protein 43"
404.712838738401,1.20634804879873,0.108175673009063,9.86389561950199e-30,5.12158701509563e-28,"ENSG00000104450.15","SPAG1","6674","sperm associated antigen 1"
986.006319682363,2.61000280754532,0.0992830029872086,5.17989117019695e-154,1.59758203471214e-150,"ENSG00000034677.15","RNF19A","25897","ring finger protein 19A, RBR E3 ubiquitin protein ligase"
65.3527253035724,1.14891483471885,0.14998228784088,4.05728944583956e-15,6.91353155185545e-14,"ENSG00000254024.2","GRHL2-DT","107986962","GRHL2 divergent transcript"
226.348688317913,1.14105141358576,0.457766226562147,0.000668928959801779,0.00215086603192311,"ENSG00000048392.15","RRM2B","50484","ribonucleotide reductase regulatory TP53 inducible subunit M2B"
3005.1993908225,1.29296342320024,0.178230681066647,3.02587182392788e-14,4.68493668642488e-13,"ENSG00000104517.15","UBR5","51366","ubiquitin protein ligase E3 component n-recognin 5"
1232.51426857946,1.16322063472376,0.333277589263647,3.27867112103951e-05,0.000146892467627979,"ENSG00000164930.14","FZD6","8323","frizzled class receptor 6"
51.2184217338092,2.12732967758992,0.360414830354202,1.9588431232816e-10,2.04795388502546e-09,"ENSG00000169946.16","ZFPM2","23414","zinc finger protein, FOG family member 2"
102.181213635007,1.8818547865256,0.147089879201938,2.39411847540426e-38,1.97431556198979e-36,"ENSG00000251003.11",NA,NA,NA
568.947920909569,1.377736132539,0.183239407808677,2.7039135496483e-15,4.68506189316028e-14,"ENSG00000164830.20","OXR1","55074","oxidation resistance 1"
20.3206180156573,1.52252356144683,0.378128821014474,9.98771264129836e-06,4.9941801764417e-05,"ENSG00000174429.6","ABRA","137735","actin binding Rho activating protein"
32.2061984294898,2.07805211960895,0.38836570549705,4.6101140063291e-09,4.07874745218595e-08,"ENSG00000303006.1",NA,NA,NA
400.259594731718,1.18695957605452,0.214681843919819,3.30967793659499e-09,2.99170829192446e-08,"ENSG00000104447.15","TRPS1","7227","transcriptional repressor GATA binding 1"
3927.03837469336,1.1448803727592,0.0866365774401223,1.45778813600034e-40,1.39630750591685e-38,"ENSG00000164754.18","RAD21","5885","RAD21 cohesin complex component"
731.599021204228,1.98343532703591,0.189791616064555,3.73779117898926e-27,1.64687079346267e-25,"ENSG00000177570.17","SAMD12","401474","sterile alpha motif domain containing 12"
87.9531306041429,2.00550034632277,0.503624287467717,1.1947037128265e-06,7.08597152134517e-06,"ENSG00000164761.11","TNFRSF11B","4982","TNF receptor superfamily member 11b"
4585.89973523174,1.62273614998975,0.149951354603818,1.18126190734938e-28,5.8198849435255e-27,"ENSG00000147676.16","MAL2","114569","mal, T cell differentiation protein 2"
745.888839180417,1.3071385705857,0.31044563172426,1.37902803306028e-06,8.1075071665355e-06,"ENSG00000064313.14","TAF2","6873","TATA-box binding protein associated factor 2"
80.483698333479,1.74845737956774,1.31160225272893,0.000191327157022188,0.000713015004456055,"ENSG00000155792.12","DEPTOR","64798","DEP domain containing MTOR interacting protein"
270.769019233011,1.09339980410679,0.145365682567063,9.95536695489042e-15,1.62285109737172e-13,"ENSG00000172167.10","MTBP","27085","MDM2 binding protein"
206.086316471513,1.39685456866239,0.214806156973091,4.49937482168366e-12,5.61366174151971e-11,"ENSG00000156787.19","TBC1D31","93594","TBC1 domain family member 31"
633.466713320957,1.51364606986402,0.418476876677489,6.74764346665567e-06,3.49648554769144e-05,"ENSG00000165156.17","ZHX1","11244","zinc fingers and homeoboxes 1"
2228.63720351785,1.36560094311732,0.29178692893162,1.28721618989232e-07,9.01460529715234e-07,"ENSG00000156802.15","ATAD2","29028","ATPase family AAA domain containing 2"
7.46078242646676,1.27126022826164,0.563161592826385,0.00254375463158643,0.00682331538940586,"ENSG00000283172.1","MIR548D1","693130","microRNA 548d-1"
426.644812681753,1.29816177830012,0.702770130704485,0.0011425665144168,0.00341000933207305,"ENSG00000156804.9","FBXO32","114907","F-box protein 32"
1293.32818403157,1.41791684517125,0.334841322864054,8.56949277113074e-07,5.20891399383552e-06,"ENSG00000176853.18","FAM91A1","157769","family with sequence similarity 91 member A1"
44.9839958876091,1.64269476025739,0.842528649927109,0.000771915046832164,0.00243429487468278,"ENSG00000214814.8","FER1L6","654463","fer-1 like family member 6"
304.886851204947,1.24144400731882,0.126678439934543,1.91853033336265e-23,6.38999055524524e-22,"ENSG00000164983.11","TMEM65","157378","transmembrane protein 65"
24.2669566899866,1.53182328194902,0.500520843810755,0.000118127674125298,0.000461878007780483,"ENSG00000245149.7","RNF139-DT","101927612","RNF139 divergent transcript"
23.7990063110366,1.29066729732611,0.329735169186387,1.41116687788732e-05,6.82395874063983e-05,"ENSG00000180938.8","ZNF572","137209","zinc finger protein 572"
893.036771901807,1.15478730539902,0.0579603032599568,4.34729206112021e-89,3.52839951971236e-86,"ENSG00000164961.18","WASHC5","9897","WASH complex subunit 5"
11.129095519251,1.75488149130638,0.502032449135247,4.58321478000772e-05,0.000197589474762368,"ENSG00000286535.2","LOC124902026","124902026","uncharacterized LOC124902026"
1500.1805927069,1.49921845930375,0.233097609595694,5.13615403184656e-12,6.36181777711693e-11,"ENSG00000132294.17","EFR3A","23167","EFR3 homolog A"
30.1837614527471,2.16689017063173,0.603317341687343,1.11586502475968e-05,5.51448774077357e-05,"ENSG00000165071.17","TMEM71","137835","transmembrane protein 71"
810.060046723003,1.55858936091733,0.317527623118665,2.44066117366065e-08,1.9232210505376e-07,"ENSG00000129292.23","PHF20L1","51105","PHD finger protein 20 like 1"
66.8938387481724,2.22227806928421,0.720463071870784,1.26912448467245e-05,6.1914366589463e-05,"ENSG00000289405.3",NA,NA,NA
2930.64970742097,1.54291235677884,0.0937272670730182,5.12885749468763e-62,1.23581424102466e-59,"ENSG00000169398.22","PTK2","5747","protein tyrosine kinase 2"
112.924321192219,1.02890150495656,0.561632583221316,0.0035542535239525,0.00907620977927217,"ENSG00000177335.14","LY6S-AS1","286122","LY6S antisense RNA 1"
63.8846244064071,1.11636677821472,0.482141435205861,0.00137148849385741,0.00400354130529626,"ENSG00000181085.17","MAPK15","225689","mitogen-activated protein kinase 15"
902.974152842666,1.37885478441618,0.386703571378489,1.35115354696035e-05,6.55430602317568e-05,"ENSG00000261150.4","EPPK1","83481","epiplakin 1"
161.071887461685,1.64763124786464,0.207928995801477,1.40915750272047e-16,2.74723360928601e-15,"ENSG00000198169.11","ZNF251","90987","zinc finger protein 251"
138.068154427374,1.66672092614826,0.249021512573458,7.06520197095203e-13,9.5488588601272e-12,"ENSG00000291080.2","ZNF252P","286101","zinc finger protein 252, pseudogene"
45.8487140366804,1.49157763471585,0.284145420140606,2.12363803034423e-08,1.69331034467107e-07,"ENSG00000107099.19","DOCK8","81704","dedicator of cytokinesis 8"
119.991362333647,1.68729546736148,0.243072584829078,2.87079297849462e-13,4.06524320673697e-12,"ENSG00000080298.18","RFX3","5991","regulatory factor X3"
18.9835133691697,1.62155369783192,0.609073820570589,0.000283571911113959,0.00101179140242674,"ENSG00000232104.6",NA,NA,NA
85.942683633282,1.24727646962738,0.704785127184008,0.00164243456751326,0.00466875271255704,"ENSG00000106688.14","SLC1A1","6505","solute carrier family 1 member 1"
494.426384461605,1.50265016492315,0.164183504604171,5.59517888835709e-21,1.55185707980854e-19,"ENSG00000096968.16","JAK2","3717","Janus kinase 2"
346.808991143141,1.25414433447916,0.497159606501857,0.000431042617510959,0.00146347604681561,"ENSG00000183354.13","BRD10","158358","bromodomain containing 10"
177.705675512623,1.97033462407532,0.212296446198345,1.70410167515752e-21,4.95610136359463e-20,"ENSG00000107186.19","MPDZ","8777","multiple PDZ domain crumbs cell polarity complex component"
882.792823898014,1.00859050623766,0.315464007478538,0.000150481367147847,0.000574959777962674,"ENSG00000147862.20","NFIB","4781","nuclear factor I B"
228.247603697699,1.16487477796176,0.435140789680721,0.00043705429175676,0.00148127785344637,"ENSG00000175893.15","ZDHHC21","340481","zDHHC palmitoyltransferase 21"
175.651934351166,1.28341401002303,0.134905050101932,2.47903032597436e-22,7.64582533137011e-21,"ENSG00000155158.22","TTC39B","158219","tetratricopeptide repeat domain 39B"
22.3528239326284,1.08846102709867,0.675124265334161,0.0054515469450923,0.0131049579797768,"ENSG00000164989.19","CCDC171","203238","coiled-coil domain containing 171"
598.847800126001,1.44796911790953,0.374082357535717,3.27708618177255e-06,1.79523786888506e-05,"ENSG00000137145.23","DENND4C","55667","DENN domain containing 4C"
338.309066413222,1.76878437585664,0.101867386580529,2.17839681272041e-68,6.33831268848329e-66,"ENSG00000171843.18","MLLT3","4300","MLLT3 super elongation complex subunit"
27.4456198591095,1.4990264974801,0.35523297775122,4.21662355066312e-06,2.26251378934635e-05,"ENSG00000176399.5","DMRTA1","63951","DMRT like family A1"
20.7341703030572,1.32925942640541,0.433242809112985,0.000222863343582532,0.000817695841395724,"ENSG00000107105.17","ELAVL2","1993","ELAV like RNA binding protein 2"
207.867448935156,1.28773785493428,0.282243070621997,3.84548331227202e-07,2.48329975538303e-06,"ENSG00000147894.19","C9orf72","203228","C9orf72-SMCR8 complex subunit"
15.1330661266,1.11729412238904,0.37129413425605,0.000446837656815733,0.00151045232480391,"ENSG00000227388.4",NA,NA,NA
1616.14209040905,1.05754095956907,0.133889807295166,4.56969514158821e-16,8.54172954890082e-15,"ENSG00000159921.22","GNE","10020","glucosamine (UDP-N-acetyl)-2-epimerase/N-acetylmannosamine kinase"
655.752073020753,1.09485373410859,0.276679592130234,7.16386492727343e-06,3.69354600613452e-05,"ENSG00000281649.4","EBLN3P","100506710","endogenous Bornavirus like nucleoprotein 3, pseudogene"
99.88901715851,1.06150693455447,0.334914814810096,0.000171866051524393,0.000648323478609997,"ENSG00000291075.2","FRG1HP","100132352","FSHD region gene 1 family member H, pseudogene"
42.9886873625049,1.59098360275201,0.341935022290773,1.82775311222358e-07,1.24881616054939e-06,"ENSG00000238113.8","PTGER4P2-CDK2AP2P2","442421","PTGER4P2-CDK2AP2P2 readthrough, transcribed pseudogene"
758.132124039812,1.17717110275329,0.718543783280315,0.00195326847310377,0.00542629312263254,"ENSG00000188647.15","PTAR1","375743","protein prenyltransferase alpha subunit repeat containing 1"
18.3811997622354,2.05866244183369,0.360305057207903,1.15626788688304e-09,1.1068160821616e-08,"ENSG00000165072.12","MAMDC2","256691","MAM domain containing 2"
906.239748476346,1.04874332757445,0.536901937886187,0.00247884209682953,0.0066700792139606,"ENSG00000198887.11","SMC5","23137","structural maintenance of chromosomes 5"
1185.02782674537,1.16127927793698,0.0724093141044482,2.15335159054359e-58,4.36932037865431e-56,"ENSG00000135048.16","CEMIP2","23670","cell migration inducing hyaluronidase 2"
950.402403115424,1.62016574210881,0.627974302534744,8.89156912390871e-05,0.000358756900732068,"ENSG00000197969.15","VPS13A","23230","vacuolar protein sorting 13 homolog A"
1174.95253846867,1.06762046109166,0.282153091130129,1.72640433408742e-05,8.16903382508808e-05,"ENSG00000156052.13","GNAQ","2776","G protein subunit alpha q"
212.664086335209,1.69379413214736,0.33866893415002,1.43198620803304e-08,1.17398507783506e-07,"ENSG00000106829.23","TLE4","7091","TLE family member 4, transcriptional corepressor"
34.9770652828892,1.35815262755446,0.234615536652699,1.10260302690232e-09,1.05873233361524e-08,"ENSG00000165113.15","GKAP1","80318","G kinase anchoring protein 1"
89.6384330850831,1.42194845164854,0.616665681795476,0.000445318792268188,0.00150663911706181,"ENSG00000165115.17","KIF27","55582","kinesin family member 27"
50.6698982517103,3.40258152490055,0.354062808345636,7.57414234192572e-23,2.41823704047281e-21,"ENSG00000197506.8","SLC28A3","64078","solute carrier family 28 member 3"
327.393270592277,1.54508214561719,0.402219657710746,3.5173922374494e-06,1.92142067636228e-05,"ENSG00000135049.18","AGTPBP1","23287","ATP/GTP binding carboxypeptidase 1"
114.364307308515,1.18046004814948,0.478673916941203,0.000684834960420695,0.00219468826364247,"ENSG00000127081.17","ZNF484","83744","zinc finger protein 484"
58.2929103085817,1.22025041113188,0.364850090070645,7.43833151272686e-05,0.000305232863911019,"ENSG00000196597.15","ZNF782","158431","zinc finger protein 782"
332.871268040031,1.16070275954181,0.0852573152262407,7.08629364093655e-43,7.53639546461259e-41,"ENSG00000196116.10","TDRD7","23424","tudor domain containing 7"
34.5444524700544,1.01286023315489,0.327613468568824,0.000376734147851398,0.00129881897921225,"ENSG00000136842.16","TMOD1","7111","tropomodulin 1"
455.080512699171,1.07817117110243,0.574152367599203,0.00247115408717061,0.00665287485653946,"ENSG00000106799.17","TGFBR1","7046","transforming growth factor beta receptor 1"
663.038170380796,1.13314391306982,0.348934740213183,8.722405457802e-05,0.000352669676362781,"ENSG00000136874.13","STX17","55014","syntaxin 17"
300.849418006678,1.09634857370953,0.221705384402285,9.27932619906127e-08,6.64329105458328e-07,"ENSG00000136870.12","ZNF189","7743","zinc finger protein 189"
398.898031583876,1.57427660178975,0.157747757551348,2.19186672082366e-24,8.10570184695963e-23,"ENSG00000165029.18","ABCA1","19","ATP binding cassette subfamily A member 1"
2278.54206312702,1.00033662100741,0.127556695549863,8.13351840932313e-16,1.4773496747959e-14,"ENSG00000070214.19","SLC44A1","23446","solute carrier family 44 member 1"
84.0974463556065,1.69410405285283,0.347257918826936,4.96544360508894e-08,3.70988884855022e-07,"ENSG00000173258.15","ZNF483","158399","zinc finger protein 483"
2017.7053904987,1.32242478761785,0.0959573867473526,3.12669833894876e-44,3.54535405036241e-42,"ENSG00000148154.12","UGCG","7357","UDP-glucose ceramide glucosyltransferase"
4660.95541813302,1.27284343632575,0.211474865927237,1.28907435102929e-10,1.38047330327935e-09,"ENSG00000119314.19","PTBP3","9991","polypyrimidine tract binding protein 3"
247.405821288674,1.54811520087493,0.142789943808194,2.23345126396682e-28,1.07968814864051e-26,"ENSG00000165185.17","KIAA1958","158405","KIAA1958"
31.3897206967781,1.15422552820509,0.286734767711849,1.88480060033084e-05,8.84794826718474e-05,"ENSG00000228623.11","ZNF883","169834","zinc finger protein 883"
231.500677370417,2.01098668156372,0.727296029924166,2.71370194716899e-05,0.000123664295884436,"ENSG00000165188.15","RNF183","138065","ring finger protein 183"
54.8500673720411,1.07377504510027,0.189029398351324,2.97727998304159e-09,2.72155510483013e-08,"ENSG00000148225.19","WDR31","114987","WD repeat domain 31"
100.244907218049,3.07132100518545,0.372401987111037,3.73271370259917e-18,8.2704278746813e-17,"ENSG00000181634.9","TNFSF15","9966","TNF superfamily member 15"
253.24770539976,2.14938255237434,0.224451731247287,2.89213483289888e-23,9.48927899109226e-22,"ENSG00000106780.11","MEGF9","1955","multiple EGF like domains 9"
630.16714043171,1.10037632473441,0.369559951792956,0.000236303848740544,0.000862086976916946,"ENSG00000119397.21","CNTRL","11064","centriolin"
1270.50926593742,1.19109326617536,0.427022311388947,0.000258235131952394,0.000931737007449196,"ENSG00000056586.18","RC3H2","54542","ring finger and CCCH-type domains 2"
161.843867927259,1.20164751798646,0.37343430564733,9.51922994261098e-05,0.000381547098506609,"ENSG00000171448.11","ZBTB26","57684","zinc finger and BTB domain containing 26"
82.7665878161469,1.70966299194836,0.209499430684955,1.7411204092859e-17,3.60400239350307e-16,"ENSG00000236901.6","MIR600HG","81571","MIR600 host gene"
634.680957179305,1.06101789240832,0.148697867630199,1.4983602180181e-13,2.18395207202808e-12,"ENSG00000165209.21","STRBP","55342","spermatid perinuclear RNA binding protein"
219.176260226459,1.08155052750258,0.154629904920237,4.68916712025739e-13,6.49117110964894e-12,"ENSG00000173611.20","SCAI","286205","suppressor of cancer cell invasion"
202.209710230732,1.38088876594484,0.21602037746637,8.92235461322206e-12,1.08254626664435e-10,"ENSG00000177125.8","ZBTB34","403341","zinc finger and BTB domain containing 34"
129.264686701264,1.110698714844,0.231787206813733,2.34694549690711e-07,1.57563110612993e-06,"ENSG00000136828.21","RALGPS1","9649","Ral GEF with PH domain and SH3 binding motif 1"
445.390438581589,1.18790112756515,0.108833909392682,1.60999352219568e-28,7.83208520687055e-27,"ENSG00000234771.3",NA,NA,NA
29.4682903972972,1.25258729262666,0.302777423083477,5.32222382464748e-06,2.81364462118234e-05,"ENSG00000232850.3","PTGES2-DT","389791","PTGES2 divergent transcript"
120.967728641649,1.02578683063613,0.159822210878021,2.84329995029064e-11,3.27702006976322e-10,"ENSG00000288924.1",NA,NA,NA
1423.34068591409,1.09761300382761,0.627184050469195,0.00251148204752991,0.00674731091549803,"ENSG00000107290.16","SETX","23064","senataxin"
458.883061237063,1.22827463777328,0.206250838251797,3.44672247254436e-10,3.52232652412899e-09,"ENSG00000175164.16","ABO","28","ABO, alpha 1-3-N-acetylgalactosaminyltransferase and alpha 1-3-galactosyltransferase"
54.8533011019473,1.86205046771091,0.181570715094634,1.58807767774287e-25,6.27942201755715e-24,"ENSG00000231298.9","MANCR","100216001","mitotically associated long non coding RNA"
17.5212291906261,1.08294230210231,0.399373830314468,0.00121772089915416,0.00360362195084556,"ENSG00000205488.10",NA,NA,NA
148.951181581293,1.20635243624781,0.422955776435459,0.000616327133999747,0.0020045284951945,"ENSG00000148488.18","ST8SIA6","338596","ST8 alpha-N-acetyl-neuraminide alpha-2,8-sialyltransferase 6"
12.080231328225,1.3897682231572,1.11674982564794,0.00315897202205194,0.00822602288957497,"ENSG00000240291.2",NA,NA,NA
644.986722538447,1.3210501411695,0.497205066078415,0.000226086643613487,0.000827749793723548,"ENSG00000165997.7","ARL5B","221079","ARF like GTPase 5B"
188.767673979613,3.19898397829876,0.168105065645535,6.45324918060709e-82,3.6857613190423e-79,"ENSG00000078114.21","NEBL","10529","nebulette"
8.18986823320652,1.65292158965167,0.43581704951826,2.11759269772526e-05,9.86567884943239e-05,"ENSG00000180592.17","SKIDA1","387640","SKI/DACH domain containing 1"
1567.00140100139,1.0745949832603,0.432982979289801,0.00083016989008638,0.0025957116534919,"ENSG00000107863.22","ARHGAP21","57584","Rho GTPase activating protein 21"
181.797561222749,1.36877553797597,0.873513292066869,0.00104121769017247,0.00314773926683977,"ENSG00000107890.19","ANKRD26","22852","ankyrin repeat domain 26"
214.348291549821,1.38821990329396,0.135958335553614,2.30863826376929e-25,9.05890856630693e-24,"ENSG00000107968.12","MAP3K8","1326","mitogen-activated protein kinase kinase kinase 8"
646.999293527249,1.17782250417579,0.416911921376636,0.000248101788117258,0.000900867897217407,"ENSG00000165322.20","ARHGAP12","94134","Rho GTPase activating protein 12"
134.342692194114,1.05659657788351,0.254056100612901,3.88393716151892e-06,2.10155070062398e-05,"ENSG00000198105.18","ZNF248","57209","zinc finger protein 248"
34.4819136963852,1.28500404182108,0.290254143536583,1.14618320850032e-06,6.81654117172521e-06,"ENSG00000175395.18","ZNF25","219749","zinc finger protein 25"
16.9396202765416,1.93413673194025,0.446286477849027,1.37029083427204e-06,8.0622872778745e-06,"ENSG00000291065.2","LOC441666","441666","zinc finger protein 91 pseudogene"
90.1423749457992,1.20257317122682,0.461395075939202,0.00053540944730708,0.0017725524016579,"ENSG00000293313.2","ZNF37BP","100129482","zinc finger protein 37B, pseudogene"
356.259894859377,1.10349345516858,0.40011993579052,0.000410976092959118,0.0014033796123832,"ENSG00000196693.17","ZNF33B","7582","zinc finger protein 33B"
117.830133952825,1.70453012706159,0.83539072624746,0.00020178118679634,0.000748536849070571,"ENSG00000107551.23","RASSF4","83937","Ras association domain family member 4"
112.10830673803,1.0318958589008,0.13044734904415,6.13467676164812e-16,1.12756675019518e-14,"ENSG00000172671.22","ZFAND4","93550","zinc finger AN1-type containing 4"
46.5292386005039,1.70281377817183,0.74504727899164,0.000301538019068419,0.00106749719744125,"ENSG00000291069.2","BMS1P1","399761","BMS1 pseudogene 1"
38.545801621476,1.51708971709018,0.305369530946225,6.11689928154338e-08,4.4961250629495e-07,"ENSG00000226200.8",NA,NA,NA
637.907768989944,1.35572518146945,0.336986471703112,6.8930270630755e-06,3.56463347886275e-05,"ENSG00000122870.13","BICC1","80114","BicC family RNA binding protein 1"
82.3557267080791,1.92235112097758,0.24511079199717,4.30221951979351e-16,8.07169812373252e-15,"ENSG00000165449.14","SLC16A9","220963","solute carrier family 16 member 9"
853.969368175609,1.20836050785253,0.169110667000974,7.851759074406e-14,1.17555317171277e-12,"ENSG00000151150.24","ANK3","288","ankyrin 3"
454.133270472682,1.54102818555199,0.15621175597806,7.08982541475845e-24,2.47918815693855e-22,"ENSG00000150347.18","ARID5B","84159","AT-rich interaction domain 5B"
189.658958035763,1.61093951956976,0.150730435469694,1.45440014748814e-27,6.59656019835725e-26,"ENSG00000182010.13","RTKN2","219790","rhotekin 2"
1115.11255682612,1.30965982571748,0.514698988800901,0.000305765486053991,0.00108097422293411,"ENSG00000171988.21","JMJD1C","221037","jumonji domain containing 1C"
1614.20721017919,1.1722819219873,0.0769766916292649,4.05297621218397e-53,7.26755188001035e-51,"ENSG00000122884.15","P4HA1","5033","prolyl 4-hydroxylase subunit alpha 1"
613.773858470762,1.37761803404535,0.254082350357887,3.11033830211312e-09,2.82643058084186e-08,"ENSG00000156671.17","SAMD8","142891","sterile alpha motif domain containing 8"
421.490865652015,1.1717632277951,0.350525670980223,5.29880241572979e-05,0.000225749909648669,"ENSG00000107771.19","CCSER2","54462","coiled-coil serine rich protein 2"
503.673566026099,1.08175558488613,0.273370796933202,7.40564894243701e-06,3.80294746391346e-05,"ENSG00000107779.18","BMPR1A","657","bone morphogenetic protein receptor type 1A"
1410.74079584024,1.06717960974411,0.195113892033387,5.52824393413382e-09,4.83282594718127e-08,"ENSG00000171862.16","PTEN","5728","phosphatase and tensin homolog"
1095.99969918532,1.22209171664621,0.675977567354494,0.00138375425813187,0.00403267677054429,"ENSG00000138182.17","KIF20B","9585","kinesin family member 20B"
65.2484580713297,1.44296092490376,0.558280370850796,0.000239254346854464,0.0008722319817595,"ENSG00000165338.18","HECTD2","143279","HECT domain E3 ubiquitin protein ligase 2"
107.989318728938,1.05311267855403,0.134615895103502,1.27568204805093e-15,2.27425351017265e-14,"ENSG00000119938.10","PPP1R3C","5507","protein phosphatase 1 regulatory subunit 3C"
1012.57898908661,1.01744993525462,0.359423432817694,0.000405111261259814,0.00138611510092913,"ENSG00000107854.8","TNKS2","80351","tankyrase 2"
1115.9867729839,1.28819373832363,0.486667774294352,0.000267292953285434,0.0009610456126404,"ENSG00000095564.17","BTAF1","9044","B-TFIID TATA-box binding protein associated factor 1"
457.706039079136,1.01407679937622,0.336826133748732,0.000256859727289713,0.00092785988628125,"ENSG00000138190.18","EXOC6","54536","exocyst complex component 6"
494.407691394124,1.41051738768804,0.121518891147229,3.01698851218303e-32,1.79633126819979e-30,"ENSG00000138193.19","PLCE1","51196","phospholipase C epsilon 1"
135.154896049113,1.16714946834647,0.298072098803508,7.45507389416053e-06,3.82578018375539e-05,"ENSG00000108239.11","TBC1D12","23232","TBC1 domain family member 12"
626.105909987118,1.13006989898213,0.985114846008108,0.00195679300497491,0.0054351053547763,"ENSG00000177853.17","ZNF518A","9849","zinc finger protein 518A"
1889.95395413307,1.52688741606014,0.396191442429663,2.08050254101894e-06,1.17867118607836e-05,"ENSG00000196233.16","LCOR","84458","ligand dependent nuclear receptor corepressor"
17.1052683472365,1.40412946169635,0.49223485369054,0.000332100250459263,0.00116367142975058,"ENSG00000224934.7","GOT1-DT","101927300","GOT1 divergent transcript"
52.6832082029585,1.71322656677352,0.273667399405757,2.93477250741889e-11,3.37236414582017e-10,"ENSG00000075826.19","SEC31B","25956","SEC31 homolog B, COPII component"
14.3272956691671,1.0490237608198,0.34622777431723,0.000497461544522047,0.00166397092386439,"ENSG00000120049.22","KCNIP2","30819","potassium voltage-gated channel interacting protein 2"
3433.54943884991,1.16859068111598,0.579595592093485,0.00133233275417486,0.00390755104643031,"ENSG00000065613.17","SLK","9748","STE20 like kinase"
14.3234406052607,1.05752611301586,0.440823240186959,0.0024097597600926,0.00650689988800351,"ENSG00000197748.15","CFAP43","80217","cilia and flagella associated protein 43"
2304.92862237154,1.48687461651869,0.172429809237308,4.06631366678517e-19,9.82862430336898e-18,"ENSG00000148700.17","ADD3","120","adducin 3"
465.321643388009,1.39497139000304,0.222408774890272,2.26626578858666e-11,2.63163288597853e-10,"ENSG00000119950.22","MXI1","4601","MAX interactor 1, dimerization protein"
16.9717562372954,1.9118470193377,0.793496438512475,0.000247732990267409,0.000899950634373077,"ENSG00000203867.11","RBM20","282996","RNA binding motif protein 20"
748.083229358324,1.32512551063648,0.109863506169776,2.89368239412755e-34,1.93175221644333e-32,"ENSG00000150593.20","PDCD4","27250","programmed cell death 4"
655.539605324059,1.05766461260078,0.419309164240908,0.000801090125749497,0.00251396231770106,"ENSG00000108061.15","SHOC2","8036","SHOC2 leucine rich repeat scaffold protein"
407.653159647903,1.21297370336846,0.412914594749203,0.000139729422194436,0.000537214514998853,"ENSG00000198924.10","DCLRE1A","9937","DNA cross-link repair 1A"
929.334480209518,1.24055201594912,0.353312461007268,2.30727852755736e-05,0.000106784340256489,"ENSG00000196865.6","NHLRC2","374354","NHL repeat containing 2"
570.27187905628,1.45125467944684,0.599929367926607,0.000252571720628123,0.000913868724497015,"ENSG00000165813.22","CCDC186","55088","coiled-coil domain containing 186"
10.1853378290653,1.14182487831104,0.748182466000493,0.00720747060151021,0.0166088470032709,"ENSG00000277687.1",NA,NA,NA
41.0060423654532,1.92631756607294,0.263911465858466,2.8392676558485e-14,4.41819843802621e-13,"ENSG00000214279.14","SCART1","619207","scavenger receptor family member expressed on T cells 1"
30.7477616802709,1.06272798505725,0.277574838047359,2.78346296130672e-05,0.000126469600254304,"ENSG00000130649.12","CYP2E1","1571","cytochrome P450 family 2 subfamily E member 1"
43.815153506285,3.99746028587861,0.373344154932176,3.66197916706788e-27,1.62274082572856e-25,"ENSG00000255026.2",NA,NA,NA
459.355483889317,1.60489291644785,0.147763464959317,1.95069363546761e-28,9.45963728067487e-27,"ENSG00000142102.18","PGGHG","80162","protein-glucosylgalactosylhydroxylysine glucosidase"
206.821746575143,1.36371557322115,0.263975999208615,2.02837570534915e-08,1.6240696652227e-07,"ENSG00000185101.15","ANO9","338440","anoctamin 9"
112.456005487879,1.93647763364134,0.307951579092853,7.02248077574493e-12,8.5811153758132e-11,"ENSG00000247095.6","MIR210HG","100506211","MIR210 host gene"
20.9867543390844,2.18657098341169,0.33162495633978,4.48761968362643e-12,5.60352899928770e-11,"ENSG00000130592.19","LSP1","4046","lymphocyte specific protein 1"
114.397356900893,4.33881547850582,0.65855418339215,3.68749856514287e-13,5.15080755190835e-12,"ENSG00000130600.23","H19","283120","H19 imprinted maternally expressed transcript"
218.276952805776,1.43189725964123,2.08805224804321,6.19950417373816e-05,0.000259226013728894,"ENSG00000269821.2","KCNQ1OT1","10984","KCNQ1 opposite strand/antisense transcript 1"
2056.57908102149,2.61777694411058,0.692840528255587,7.73712205035903e-08,5.59897508862443e-07,"ENSG00000148985.22","PGAP2","27315","post-GPI attachment to proteins 2"
2466.19356967474,1.96687842542448,0.722661304830114,1.77453986702396e-05,8.37624098236196e-05,"ENSG00000177105.12","RHOG","391","ras homolog family member G"
6486.46799826281,3.56183236630414,0.44824932424024,5.71326698551908e-20,1.47331588935936e-18,"ENSG00000167323.15","STIM1","6786","stromal interaction molecule 1"
26310.587225461,4.52287456926879,0.161710619481648,6.09602096637185e-177,3.13355797741401e-173,"ENSG00000167325.17","RRM1","6240","ribonucleotide reductase catalytic subunit M1"
10.5903872885739,3.28209234529314,0.567162541597499,1.42022269249509e-09,1.3436352233722e-08,"ENSG00000255276.1",NA,NA,NA
2285.87524592112,3.52607577080113,0.318775558121551,1.7409675590548e-32,1.05698664284189e-30,"ENSG00000132109.12","TRIM21","6737","tripartite motif containing 21"
1335.56185223559,2.99624522192667,0.609288796599987,1.74347309191179e-10,1.84403968109546e-09,"ENSG00000167333.15","TRIM68","55128","tripartite motif containing 68"
1003.89616773915,2.95480778246613,0.51818832175154,1.08501063683665e-11,1.30007373975586e-10,"ENSG00000121236.23","TRIM6","117854","tripartite motif containing 6"
1826.82432344107,2.37723862678363,0.639046637272821,2.08218321938162e-07,1.40830471167035e-06,"ENSG00000132256.22","TRIM5","85363","tripartite motif containing 5"
586.043768669142,3.51055786407779,0.376887167278057,3.33540958938949e-24,1.21309790749942e-22,"ENSG00000132274.19","TRIM22","10346","tripartite motif containing 22"
39.198165804903,3.553468207899,0.303016140715991,1.72272195252373e-32,1.05004328971812e-30,"ENSG00000267940.1",NA,NA,NA
2080.84495655601,1.35215791562618,1.13358047299603,0.000691385416619622,0.00221338063311007,"ENSG00000051009.13","FHIP1B","84067","FHF complex subunit HOOK interacting protein 1B"
290.637428046163,1.06119592042206,0.862774500104189,0.00338563188653266,0.00872198952927167,"ENSG00000110171.22","TRIM3","10612","tripartite motif containing 3"
5215.74848587911,1.05167454995644,0.844190235486554,0.00343716589332635,0.00883261710398027,"ENSG00000132254.15","ARFIP2","23647","ARF interacting protein 2"
2283.06480243448,2.80440983256865,0.358932711871477,6.94847458597235e-18,1.50283908261262e-16,"ENSG00000132286.14","TIMM10B","26515","translocase of inner mitochondrial membrane 10B"
1130.91324138525,1.20254129860607,0.644656416250533,0.00142080891753704,0.00412623245147621,"ENSG00000132275.13","RRP8","23378","ribosomal RNA processing 8"
328.2980638915,3.20047648442511,0.529985878690079,5.53460905020188e-13,7.60010740544641e-12,"ENSG00000179532.14","DNHD1","144132","dynein heavy chain domain 1"
194.964847623923,1.97557417260931,0.668376460915459,2.01316721007031e-05,9.4104430271277e-05,"ENSG00000166337.12","TAF10","6881","TATA-box binding protein associated factor 10"
2751.46363751252,1.02144555844292,0.587007459268473,0.00368854420423214,0.00936930327350746,"ENSG00000166340.20","TPP1","1200","tripeptidyl peptidase 1"
71.3983201799691,2.06845473660203,0.200411589893825,4.93611984711505e-26,2.02446553623301e-24,"ENSG00000166387.16","PPFIBP2","8495","PPFIB scaffold protein 2"
163.441874141695,1.02785551324928,0.371245204909827,0.000627690664866596,0.00203524342786118,"ENSG00000166394.17","CYB5R2","51700","cytochrome b5 reductase 2"
95.5895694079177,1.04071751430696,0.262123377568885,1.00878265913393e-05,5.03444575615027e-05,"ENSG00000130413.18","STK33","65975","serine/threonine kinase 33"
204.251844514598,1.18334632966001,0.151567028626397,7.76856304646377e-16,1.41606395673189e-14,"ENSG00000166436.19","TRIM66","9866","tripartite motif containing 66"
13.4113121832455,1.05964469499588,0.392950754557887,0.00119150156689714,0.00353919003784597,"ENSG00000254860.8",NA,NA,NA
514.339972968783,1.15672689956587,0.218574947364197,1.13651385197437e-08,9.49928461316894e-08,"ENSG00000184014.11","DENND5A","23258","DENN domain containing 5A"
795.357268580064,1.17906008192601,0.140383603159079,5.22994868446174e-18,1.14236598672924e-16,"ENSG00000133789.17","SWAP70","23075","switching B cell complex subunit SWAP70"
610.405889303627,1.4037080941638,0.177204376197336,1.58619192987481e-16,3.07294795861801e-15,"ENSG00000133812.20","SBF2","81846","SET binding factor 2"
856.236247548598,1.58981399708354,0.132388405599884,2.05650456112401e-34,1.39093670338129e-32,"ENSG00000166689.20","PLEKHA7","144100","pleckstrin homology domain containing A7"
1031.47457323182,1.05036243266552,0.982468687876497,0.00251253700057063,0.00674896935826506,"ENSG00000011405.16","PIK3C2A","5286","phosphatidylinositol-4-phosphate 3-kinase catalytic subunit type 2 alpha"
520.244516740054,1.80182076703734,0.418862373601805,2.51171149318862e-07,1.67821069915345e-06,"ENSG00000134339.11","SAA2","6289","serum amyloid A2"
286.226150746762,1.07904214884672,0.301729729960019,3.49023565174795e-05,0.000155106953092467,"ENSG00000177054.16","ZDHHC13","54503","zDHHC palmitoyltransferase 13"
211.809214251894,1.33206865967711,0.165317029531439,1.23597565417692e-16,2.42185267637386e-15,"ENSG00000187398.13","LUZP2","338645","leucine zipper protein 2"
2586.46022318056,1.08606904412049,0.213033175263207,3.85975001429169e-08,2.94513631718912e-07,"ENSG00000205213.16","LGR4","55366","leucine rich repeat containing G protein-coupled receptor 4"
9.70007563853787,1.19142075206843,0.421089734024453,0.000729161872251893,0.00231700087203718,"ENSG00000245573.10","BDNF-AS","497258","BDNF antisense RNA"
69.1200021690129,2.69426282580811,0.894993295106046,2.73564849397542e-06,1.51531736442511e-05,"ENSG00000007372.26","PAX6","5080","paired box 6"
486.140789159416,1.71228762548051,0.245501964726774,7.06237771206953e-14,1.06149051362402e-12,"ENSG00000135378.6","PRRG4","79056","proline rich and Gla domain 4"
2132.13780309801,1.2093775247176,0.706711803003556,0.00155493838200997,0.00446198451599847,"ENSG00000060749.18","QSER1","79832","glutamine and serine rich 1"
161.590059498461,1.07163562181877,0.114809144811333,2.15389734595834e-21,6.18533537654069e-20,"ENSG00000176148.18","TCP11L1","55346","t-complex 11 like 1"
85.9320956887824,1.33660387732404,0.132677656571501,1.29350914303809e-24,4.82983159680154e-23,"ENSG00000280798.1","LINC00294","283267","long intergenic non-protein coding RNA 294"
1270.44068513015,1.3151800301148,0.567293750467417,0.000467079856212319,0.00157267215341707,"ENSG00000110422.14","HIPK3","10114","homeodomain interacting protein kinase 3"
9114.72335126863,1.38637497982822,0.338155631801142,1.49910005968975e-06,8.72363095112288e-06,"ENSG00000135373.15","EHF","26298","ETS homologous factor"
18.3554512277928,1.0334966275493,0.427643679242129,0.00235495014812892,0.00637564716191995,"ENSG00000255521.4","CD44-DT","100507144","CD44 divergent transcript"
24.2418135728683,1.8478686315543,0.303143664256788,1.19065590379797e-10,1.28041176377047e-09,"ENSG00000165923.17","AGBL2","79841","AGBL carboxypeptidase 2"
8.26523532290305,1.17934967290378,0.441177030222974,0.00124172248442566,0.00366620762633124,"ENSG00000110025.15","SNX15","29907","sorting nexin 15"
1336.32856144604,1.74525732654946,0.684361717259593,5.94124947205676e-05,0.000249645798661001,"ENSG00000245532.13","NEAT1","283131","nuclear paraspeckle assembly transcript 1"
20.7261835485644,1.09461399978686,0.389786731897257,0.000842664162238607,0.00262891443372073,"ENSG00000291174.2","FAUP4","101927789","FAU pseudogene 4"
6189.98888860211,2.60852333755877,1.58920266455228,2.37576777655593e-06,1.33369912203382e-05,"ENSG00000251562.13","MALAT1","378938","metastasis associated lung adenocarcinoma transcript 1"
24.4768224438919,1.03453243599549,0.657323058107403,0.00618369473326618,0.0146098906820435,"ENSG00000172638.15","EFEMP2","30008","EGF-like fibulin extracellular matrix protein 2"
17.1259489485021,1.63237658141594,0.371969935793659,1.05497235654478e-06,6.31304955773263e-06,"ENSG00000174483.22","BBS1","582","Bardet-Biedl syndrome 1"
197.722323643307,1.15149568589714,0.221978394972389,2.92990419172589e-08,2.2819218454851e-07,"ENSG00000173715.21","TOP6BL","79703","TOP6B like initiator of meiotic double strand breaks"
109.577626877547,1.02124193019058,0.910198608922206,0.00560361591766937,0.013414057911577,"ENSG00000175544.15","CABP4","57010","calcium binding protein 4"
101.026946338828,1.00574171838414,0.150614671947064,5.90435910031624e-12,7.28408973487814e-11,"ENSG00000260877.3",NA,NA,NA
34.4854607013211,1.19268062982585,0.46451613903476,0.000802668189658389,0.00251840206566064,"ENSG00000254469.13","XNDC1N","100133315","XRCC1 N-terminal domain containing 1, N-terminal like"
25.9431359394437,1.93228423585138,0.630921075025751,3.70567539166952e-05,0.000163599256269498,"ENSG00000171631.18","P2RY6","5031","pyrimidinergic receptor P2Y6"
319.144795900765,2.99420008525177,0.183113930423948,2.92517380978077e-61,6.73270228666109e-59,"ENSG00000165434.10","PGM2L1","283209","phosphoglucomutase 2 like 1"
24.1318902520045,1.82024450189418,0.856299005953004,0.000303892162818646,0.0010753375499831,"ENSG00000175538.13","KCNE3","10008","potassium voltage-gated channel subfamily E regulatory subunit 3"
52.2418974131133,1.26850566457548,0.317366188899943,7.32858547637622e-06,3.76713722103993e-05,"ENSG00000254837.3","LIPT2-AS1","100287896","LIPT2 antisense RNA 1"
1224.03178426974,1.26721627132934,0.402057172266191,6.59462866370646e-05,0.000274038719005705,"ENSG00000048649.15","RSF1","51773","remodeling and spacing factor 1"
212.153013630054,1.45296504115195,0.147058542602752,7.15940313731882e-24,2.49785420318085e-22,"ENSG00000137502.12","RAB30","27314","RAB30, member RAS oncogene family"
385.717325500561,1.07651228803429,0.20418056608066,1.7843954180635e-08,1.44219925272313e-07,"ENSG00000166575.19","TMEM135","65084","transmembrane protein 135"
94.933006295534,1.59918013848192,0.182410884560499,2.06313767667034e-19,5.07426572758107e-18,"ENSG00000182919.17","BKGD","28970","beta-keto-L-gulonate decarboxylase"
16.4638421975947,1.90815259375219,0.839461444408317,0.000250624746576523,0.00090873217885703,"ENSG00000214376.8","VSTM5","387804","V-set and transmembrane domain containing 5"
798.655793940501,1.23712948359148,0.103533523373113,7.72331016240165e-34,5.04665957688118e-32,"ENSG00000184384.16","MAML2","84441","mastermind like transcriptional coactivator 2"
539.563310084072,1.25324281467564,0.401355517994108,7.7961827410516e-05,0.000319068296310395,"ENSG00000149231.18","CCDC82","79780","coiled-coil domain containing 82"
418.131492599976,1.53911058835746,0.313695635110945,3.19052062518205e-08,2.4686913477638e-07,"ENSG00000165895.20","ARHGAP42","143872","Rho GTPase activating protein 42"
190.595581180524,1.5565331613429,0.504520262727886,3.9848501464148e-05,0.000174179064931583,"ENSG00000110318.17","CEP126","57562","centrosomal protein 126"
1409.91250351772,2.43117842195336,0.162449854386443,1.92828885301464e-52,3.30401582248208e-50,"ENSG00000023445.19","BIRC3","330","baculoviral IAP repeat containing 3"
823.198847586146,1.1572873265949,0.331434117177465,3.30912813615479e-05,0.000147913231848241,"ENSG00000110330.12","BIRC2","329","baculoviral IAP repeat containing 2"
6336.24820665911,1.31195108084682,0.191834844298672,6.36196348485761e-13,8.63618697837078e-12,"ENSG00000152558.17","TMEM123","114908","transmembrane protein 123"
4667.35078343477,1.36084848202437,0.507838851323033,0.000179859494721594,0.000675502500755406,"ENSG00000137673.11","MMP7","4316","matrix metallopeptidase 7"
60.8059493845671,2.19599625437195,0.202711213722844,3.1190041191062e-28,1.49838512525659e-26,"ENSG00000137745.15","MMP13","4322","matrix metallopeptidase 13"
206.857208792734,1.26507024233088,0.618399130913924,0.00102714908891689,0.00311130742490421,"ENSG00000187240.19","DYNC2H1","79659","dynein cytoplasmic 2 heavy chain 1"
45.4330526279143,2.5450115826491,0.269104504368719,3.56492713224782e-22,1.09293720291041e-20,"ENSG00000170962.15","PDGFD","80310","platelet derived growth factor D"
553.40933709165,1.0991158770743,0.448401673694629,0.000824163463079004,0.00258006998866044,"ENSG00000166266.16","CUL5","8065","cullin 5"
593.965704390383,1.02113520475577,0.612209222142419,0.0038956310102343,0.00982573205901588,"ENSG00000149311.24","ATM","472","ATM serine/threonine kinase"
397.825508521065,1.17387219621569,0.447052398758413,0.000447277189443268,0.00151160673644634,"ENSG00000110723.13","EXPH5","23086","exophilin 5"
567.669080120305,1.05159760432961,0.435783711978334,0.00103283142210004,0.00312667714177556,"ENSG00000149289.12","ZC3H12C","85463","zinc finger CCCH-type containing 12C"
89.1843373084311,1.16658692443114,0.169643528962356,1.13501298621224e-12,1.50499013416844e-11,"ENSG00000150764.16","DIXDC1","85458","DIX domain containing 1"
18.1382674473333,1.57563062786518,0.389912250399229,5.0491704573589e-06,2.68401439582667e-05,"ENSG00000110375.4","UPK2","7379","uroplakin 2"
511.022148294025,2.85684011208508,0.695328614569337,1.30531912922557e-08,1.07932044459987e-07,"ENSG00000076706.19","MCAM","4162","melanoma cell adhesion molecule"
3216.78266311022,1.20038911245692,0.298231258410105,3.60901895621398e-06,1.96590184824358e-05,"ENSG00000196914.11","ARHGEF12","23365","Rho guanine nucleotide exchange factor 12"
109.251146044765,1.05996605268197,0.410306840411974,0.000768696342869496,0.00242513631411426,"ENSG00000154114.15","TBCEL","219899","tubulin folding cofactor E like"
257.134642749797,1.241655593843,0.139283558793944,8.33145198231712e-20,2.12714107647868e-18,"ENSG00000110002.18","VWA5A","4013","von Willebrand factor A domain containing 5A"
15.1586771711123,1.23934079773003,0.359968884516538,8.80401947737189e-05,0.000355503494005111,"ENSG00000245498.8","MSANTD2-AS1","100507283","MSANTD2 antisense RNA 1"
323.83557509263,1.4500186378161,0.294695754872855,4.03932980169152e-08,3.07303921420251e-07,"ENSG00000064309.18","CDON","50937","cell adhesion associated, oncogene regulated"
1471.63493727898,1.03940175492557,0.103440663655292,2.25588152534929e-24,8.30261312706717e-23,"ENSG00000134909.19","ARHGAP32","9743","Rho GTPase activating protein 32"
21.7688246360479,1.09823260729656,0.50677891896013,0.00329886989340938,0.00852612328407305,"ENSG00000293970.1",NA,NA,NA
60.3633033099441,1.32008156238699,0.33146989586119,5.33618758809838e-06,2.81785779995637e-05,"ENSG00000261799.1",NA,NA,NA
23.3140838373477,1.41796491662221,0.296456433728379,2.62844983304665e-07,1.7478794685387e-06,"ENSG00000256433.3",NA,NA,NA
146.811946054991,1.15739985791825,0.199222756273028,1.10869986476425e-09,1.06326247602795e-08,"ENSG00000182326.19","C1S","716","complement C1s"
250.55430386242,1.45659041451196,0.619937048609352,0.00086063546990311,0.002679841985943,"ENSG00000059804.20","SLC2A3","6515","solute carrier family 2 member 3"
46.4287436432918,1.40669327592637,0.312512499217082,8.26277248543063e-07,5.04434736729318e-06,"ENSG00000294711.1",NA,NA,NA
15.9967889702559,1.27660654823852,0.63015441064238,0.00233465845015152,0.00632515248766456,"ENSG00000308602.1","OVOS1BP","728715","ovostatin 1B, pseudogene"
78.3070420921297,1.25171583380204,0.292997304758443,1.96806210758524e-06,1.11955360913504e-05,"ENSG00000284634.2","LOC374443","374443","C-type lectin domain family 2 member D pseudogene"
48.0441684742873,1.08618304890274,0.366368767918801,0.000435415152714587,0.00147702091289301,"ENSG00000257027.1",NA,NA,NA
71.9331873099771,1.60216178233083,0.44130614861195,9.89738780055316e-06,4.9554421192315e-05,"ENSG00000069493.16","CLEC2D","29121","C-type lectin domain family 2 member D"
36.3791429455611,1.5837104102387,0.759184755387869,0.000491555035343681,0.00164502391493813,"ENSG00000121380.14","BCL2L14","79370","BCL2 like 14"
1003.78327791621,1.46497338226288,0.21435145370914,4.70068824424104e-13,6.50128371429964e-12,"ENSG00000070018.11","LRP6","4040","LDL receptor related protein 6"
168.839409342595,1.32530372360425,0.352513282764196,1.26122678000277e-05,6.16071529123304e-05,"ENSG00000180861.9","LINC01559","283422","long intergenic non-protein coding RNA 1559"
52.6288403853929,1.52954403362553,0.5839587244459,0.000257057147880359,0.000928355568492508,"ENSG00000134533.8","RERG","85004","RAS like estrogen regulated growth inhibitor"
1117.00937444825,1.04805494412011,0.107559331600943,4.28422562506496e-23,1.39381948025584e-21,"ENSG00000151491.16","EPS8","2059","EGFR pathway substrate 8, signaling adaptor"
665.78361572442,1.00791877774161,0.337258093633676,0.000285169552557048,0.00101612688761565,"ENSG00000052126.19","PLEKHA5","54477","pleckstrin homology domain containing A5"
203.930101167741,1.27204732112224,0.385941704009467,5.86374177358097e-05,0.000246859846820617,"ENSG00000111700.15","SLCO1B3","28234","solute carrier organic anion transporter family member 1B3"
1771.29005515125,1.25247563875765,0.264338805111678,2.95244010906918e-07,1.94404692237215e-06,"ENSG00000060982.17","BCAT1","586","branched chain amino acid transaminase 1"
141.580141698507,1.00290324454668,0.149509671775407,4.83799347351747e-12,6.01666914154137e-11,"ENSG00000123095.8","BHLHE41","79365","basic helix-loop-helix family member e41"
442.195930086042,1.00277995865059,0.472179439245721,0.00260895229003974,0.00697877766950613,"ENSG00000123104.13","ITPR2","3709","inositol 1,4,5-trisphosphate receptor type 2"
675.701977421606,1.42028836262445,0.337006429588409,9.83461751791567e-07,5.92020323375995e-06,"ENSG00000211455.10","STK38L","23012","serine/threonine kinase 38 like"
10.5925026367542,1.42150082724762,0.458397004553179,0.00023158572471143,0.000846275701605443,"ENSG00000139160.15","ETFBKMT","254013","electron transfer flavoprotein subunit beta lysine methyltransferase"
80.4743980133818,1.29771707980107,0.259337570993275,6.35554276722523e-08,4.65379036150904e-07,"ENSG00000151743.12","AMN1","196394","antagonist of mitotic exit network 1 homolog"
725.806613500257,1.73976663895539,0.419790765942792,5.18588439648293e-07,3.2869512239278e-06,"ENSG00000174718.14","RESF1","55196","retroelement silencing factor 1"
319.328897611629,1.25364026016289,0.391699585578066,6.89926922025975e-05,0.000285390640143845,"ENSG00000139132.17","FGD4","121512","FYVE, RhoGEF and PH domain containing 4"
537.279247867827,1.03040074329099,0.49067509592073,0.00220052724023278,0.00601187905198948,"ENSG00000139116.21","KIF21A","55605","kinesin family member 21A"
1900.27403347108,1.0803237636581,0.152343726208151,1.74560139005496e-13,2.52049803708217e-12,"ENSG00000177119.19","ANO6","196527","anoctamin 6"
1278.50015618564,1.2311756185,0.358072720535124,3.28088460234199e-05,0.000146948944097345,"ENSG00000189079.20","ARID2","196528","AT-rich interaction domain 2"
10.0683436166838,1.18320261707437,0.603216649616776,0.00467957368576609,0.0115023590202689,"ENSG00000269514.4",NA,NA,NA
8.49850327209256,1.40206269634913,0.788007603503882,0.00346788947193271,0.00889674322852675,"ENSG00000257298.1",NA,NA,NA
447.471280267238,1.34808850195609,0.304306397883362,8.36984837017053e-07,5.101637617249e-06,"ENSG00000185432.14","TMT1A","25840","thiol methyltransferase 1A"
43.6340039352653,1.52222060109598,0.42844032696119,3.69633293551614e-05,0.000163280292748767,"ENSG00000196876.19","SCN8A","6334","sodium voltage-gated channel alpha subunit 8"
9.35593616401444,1.42359242275522,0.42328240699055,0.00010484350859945,0.000415883638112603,"ENSG00000182796.17",NA,NA,NA
52.7968486970145,2.34641667290389,0.372141468801769,8.18818800977118e-12,9.96606529587067e-11,"ENSG00000135407.12","AVIL","10677","advillin"
67.9870082548158,2.14818224958386,0.703144899036821,9.7307703252868e-06,4.87800824537648e-05,"ENSG00000257354.2","MIRLET7IHG","120766144","MIRLET7I host gene"
31.2429552589514,1.77959860972873,0.360292577551262,3.54248007300632e-08,2.71919289227628e-07,"ENSG00000275180.3",NA,NA,NA
2403.82190756379,1.48147396639996,0.306604780182145,4.63216696453021e-08,3.48282041735838e-07,"ENSG00000090376.13","IRAK3","11213","interleukin 1 receptor associated kinase 3"
908.870693305307,1.05482969417402,0.318201741933389,8.79822176756876e-05,0.000355455535440602,"ENSG00000135679.29","MDM2","4193","MDM2 proto-oncogene"
507.994336330559,1.02372292516816,0.520772994331955,0.00288118858219263,0.00760280785865719,"ENSG00000166225.11","FRS2","10818","fibroblast growth factor receptor substrate 2"
561.745225009661,1.21329239765809,0.155602111058139,6.3717427657897e-16,1.16974577608623e-14,"ENSG00000127328.24","RAB3IP","117177","RAB3A interacting protein"
44.7820524566135,1.46457845359515,0.233353533834975,4.79723146621476e-11,5.37241150620900e-10,"ENSG00000153233.14","PTPRR","5801","protein tyrosine phosphatase receptor type R"
778.558366814039,1.19186433974049,0.401473936057663,0.000173693500168241,0.000654736608676228,"ENSG00000133858.18","ZFC3H1","196441","zinc finger C3H1-type containing"
42.2002771863889,1.03044113390903,0.202506234351683,8.27575482882348e-08,5.96357080445266e-07,"ENSG00000173451.8","THAP2","83591","THAP domain containing 2"
515.224289313693,1.27598245280039,0.331515441605396,1.65901771750488e-05,7.90331105998036e-05,"ENSG00000072657.11","TRHDE","29953","thyrotropin releasing hormone degrading enzyme"
298.938364244226,1.29926863598005,0.66651708068346,0.000855599407400179,0.00266603323126251,"ENSG00000186908.17","ZDHHC17","23390","zDHHC palmitoyltransferase 17"
395.440584791314,1.07051015754113,0.101390275934089,1.21389209425314e-26,5.19984166263271e-25,"ENSG00000179104.10","TMTC2","160335","transmembrane O-mannosyltransferase targeting cadherins 2"
102.537898471408,1.30487996564055,0.372407753615257,4.94566856706023e-05,0.000211912072721967,"ENSG00000198774.6","RASSF9","9182","Ras association domain family member 9"
367.940867338361,1.26424353359037,0.690469639489657,0.00117485504990933,0.00349420245412763,"ENSG00000198707.19","CEP290","80184","centrosomal protein 290"
1243.38448429463,1.18662107611544,0.68177947085732,0.00176098260761213,0.00495459091260476,"ENSG00000139324.14","TMTC3","160418","transmembrane O-mannosyltransferase targeting cadherins 3"
725.20265630979,1.84170654313841,0.434546816933024,2.2882826341942e-07,1.53892745320143e-06,"ENSG00000049130.18","KITLG","4254","KIT ligand"
17.2528675299791,2.86675154225005,0.414466074036974,7.7591552153604e-13,1.04684105490877e-11,"ENSG00000187510.13","PLEKHG7","440107","pleckstrin homology and RhoGEF domain containing G7"
799.418069616663,1.21287566787814,0.627793783999927,0.00136089121848858,0.00397543161210691,"ENSG00000102189.19","EEA1","8411","early endosome antigen 1"
18.7569749316961,1.21916808790298,0.370874242489193,0.000153813012847139,0.000585956144050327,"ENSG00000257252.8",NA,NA,NA
75.4421396196331,1.60677134476102,0.322384664712567,6.28943111535087e-08,4.60756851448103e-07,"ENSG00000120833.16","SOCS2","8835","suppressor of cytokine signaling 2"
309.474131914261,1.02850013658561,0.338407396268289,0.000228585941636887,0.000836503038913726,"ENSG00000120798.19","NR2C1","7181","nuclear receptor subfamily 2 group C member 1"
917.446026626484,1.05030686923927,0.499160233907274,0.00187435339784598,0.00523440850202514,"ENSG00000180263.16","FGD6","55785","FYVE, RhoGEF and PH domain containing 6"
989.928772146422,1.31963875689721,0.0972258298212173,9.3254001443855e-43,9.84979422099786e-41,"ENSG00000074527.15","NTN4","59277","netrin 4"
42.0386129581717,1.72705911507977,0.299684192895854,8.86967103769991e-10,8.64596694515615e-09,"ENSG00000084110.13","HAL","3034","histidine ammonia-lyase"
138.72770703301,1.63459734472753,0.442139211280246,4.21662968068309e-06,2.26251378934635e-05,"ENSG00000290576.2","GOLGA2P5","55592","GOLGA2 pseudogene 5"
375.801090475037,1.32549895444153,0.177829162760818,1.0368967198813e-14,1.68728289016463e-13,"ENSG00000139354.13","GAS2L3","283431","growth arrest specific 2 like 3"
507.169007793563,1.14592981405145,0.105375009478692,2.89422019701749e-28,1.39474280181896e-26,"ENSG00000136048.16","DRAM1","55332","DNA damage regulated autophagy modulator 1"
76.6778466710179,1.98375004182109,0.400126331600768,1.41054493826497e-08,1.15871864043161e-07,"ENSG00000136052.12","SLC41A2","84102","solute carrier family 41 member 2"
8.09890657657746,2.61579893926996,0.580924934340642,7.87348658200096e-07,4.82387908546034e-06,"ENSG00000136010.16","ALDH1L2","160428","aldehyde dehydrogenase 1 family member L2"
125.812927344412,1.71766123630515,0.26269712629724,2.55767271204019e-12,3.27047022324808e-11,"ENSG00000166046.14","TCP11L2","255394","t-complex 11 like 2"
153.164307738426,1.23270383176148,0.340636181740768,2.00181187633229e-05,9.36588014105588e-05,"ENSG00000122970.18","IFT81","28981","intraflagellar transport 81"
63.1106727118647,1.05037007183229,0.176302598109979,6.23616913968837e-10,6.20038454565663e-09,"ENSG00000198270.16","TMEM116","89894","transmembrane protein 116"
1514.38257302569,1.0367193998394,0.237150791173248,1.43231429704518e-06,8.3792559843451e-06,"ENSG00000123066.10","MED13L","23389","mediator complex subunit 13L"
1484.15960611525,1.18534866626052,0.434364367908284,0.000293118632199732,0.00104079724318491,"ENSG00000184445.13","KNTC1","9735","kinetochore associated 1"
109.681617237534,2.29225225762278,0.407557006651198,8.96078342655703e-10,8.72375260233182e-09,"ENSG00000182782.8","HCAR2","338442","hydroxycarboxylic acid receptor 2"
85.2282625576078,1.37933191220688,0.877138416477642,0.00107782437837978,0.00324378019886701,"ENSG00000280138.1",NA,NA,NA
557.385974306569,1.04257871558428,0.531737145689161,0.0025946257322848,0.00694889256991384,"ENSG00000051825.17","MPHOSPH9","10198","M-phase phosphoprotein 9"
2782.19940008226,1.05656300600332,0.192323374447308,4.75933462230855e-09,4.19872421113388e-08,"ENSG00000179195.18","ZNF664","144348","zinc finger protein 664"
91.5554891995738,1.55510246400548,0.310457323095536,2.34451315541467e-08,1.855040398648e-07,"ENSG00000196458.13","ZNF605","100289635","zinc finger protein 605"
136.070596450204,1.39492828889917,0.5956792801392,0.000450781515324451,0.00152078358079597,"ENSG00000214029.8","ZNF891","101060200","zinc finger protein 891"
875.340293660796,1.53124305022608,0.366672514775276,7.58267181967143e-07,4.65866064267542e-06,"ENSG00000121741.19","ZMYM2","7750","zinc finger MYM-type containing 2"
1655.8330658255,1.01345952291481,0.380687665209341,0.000666917080360434,0.00214620147880741,"ENSG00000180776.19","ZDHHC20","253832","zDHHC palmitoyltransferase 20"
76.3736678412657,1.31364414742539,0.301845198999986,1.51357419120857e-06,8.78465472436105e-06,"ENSG00000127863.18","TNFRSF19","55504","TNF receptor superfamily member 19"
87.1978030049196,1.63033642015682,0.610277053238622,0.00031538757867362,0.00111117017380075,"ENSG00000132972.20","RNF17","56163","ring finger protein 17"
15.1567249442585,1.02223707574113,0.292308567969744,0.000109637438209148,0.000431785567952994,"ENSG00000261485.2",NA,NA,NA
118.005538655842,2.29150815071855,0.56216610162924,2.92650228612628e-07,1.93109078965997e-06,"ENSG00000073910.24","FRY","10129","FRY microtubule binding protein"
23.7583006235477,2.01005038758672,0.34629852576934,4.82412319432538e-10,4.8590988752248e-09,"ENSG00000139597.20","N4BP2L1","90634","NEDD4 binding protein 2 like 1"
485.18776387817,1.21694974710476,0.478505470933424,0.000428436497203064,0.00145494807825775,"ENSG00000244754.11","N4BP2L2","10443","NEDD4 binding protein 2 like 2"
88.1525160069593,2.21566627011557,0.177874162410312,1.78300995597758e-36,1.32191329476588e-34,"ENSG00000172915.21","NBEA","26960","neurobeachin"
52.0745522635453,1.24908952278626,0.326585310809166,2.00583952603461e-05,9.38187786805571e-05,"ENSG00000150893.12","FREM2","341640","FRAS1 related extracellular matrix 2"
47.789785783323,1.33259966835793,0.32405482099984,3.53768262084988e-06,1.9318202441971e-05,"ENSG00000290476.2","SUGT1P3","283507","SUGT1 pseudogene 3"
814.554665865428,1.0963316106132,0.571033751793537,0.00221016052283572,0.006032641588714,"ENSG00000023516.11","AKAP11","11215","A-kinase anchoring protein 11"
11.6306132273706,1.34624247638239,0.408268382639896,0.000135653988254924,0.000523765686749921,"ENSG00000236778.10","INTS6-AS1","100507398","INTS6 antisense RNA 1"
11.2453206973484,1.22362351763988,1.35632874179305,0.00294629805296967,0.00775206658843974,"ENSG00000227674.3","LINC00355","144766","long intergenic non-protein coding RNA 355"
941.851065038252,1.01787484958996,0.479125800965552,0.00214485247321858,0.00587700248569719,"ENSG00000083520.17","DIS3","22894","DIS3 exosome endoribonuclease and 3'-5' exoribonuclease"
68.6858763865349,1.28895695840651,0.26205892814125,1.18826543999801e-07,8.35197873756122e-07,"ENSG00000183098.12","GPC6","10082","glypican 6"
1328.93345129908,1.00292786794875,0.25141549709543,8.14365654400441e-06,4.15838832996993e-05,"ENSG00000102580.17","DNAJC3","5611","DnaJ heat shock protein family (Hsp40) member C3"
573.088388912337,1.22202917923988,0.981235443654682,0.00140482332287086,0.00408673466553321,"ENSG00000152767.19","FARP1","10160","FERM, ARH/RhoGEF and pleckstrin domain protein 1"
46.9012450140768,1.6374866947391,0.626687871513501,0.000196937143129135,0.000732328836314057,"ENSG00000229152.2",NA,NA,NA
202.11197123348,1.53667071262821,0.308281960797373,2.25145990799183e-08,1.78691524658477e-07,"ENSG00000183087.17","GAS6","2621","growth arrest specific 6"
176.428505607308,1.29640924286822,0.410572060611713,7.07855540817506e-05,0.000292039772791621,"ENSG00000293329.2","DUXAP9","503638","double homeobox A pseudogene 9"
8.68057290909541,1.0294670345097,0.688595654360985,0.0107576939176788,0.0234115718183072,"ENSG00000280129.1",NA,NA,NA
14.1533329244203,1.08136902523664,0.395196297966042,0.0010044275386757,0.00305207430027942,"ENSG00000254505.13","CHMP4A","29082","charged multivesicular body protein 4A"
650.708252241391,1.03924744507974,0.421058724196185,0.000975118640879589,0.00297768407148597,"ENSG00000092140.18","G2E3","55632","G2/M-phase specific E3 ubiquitin protein ligase"
2025.83726399599,1.28635569159301,0.576783224825758,0.000587361742270388,0.00192144790571736,"ENSG00000100852.15","ARHGAP5","394","Rho GTPase activating protein 5"
805.188748502055,1.28798322467084,0.341912493392058,8.18117590622525e-06,4.17616397384639e-05,"ENSG00000129521.17","EGLN3","112399","egl-9 family hypoxia inducible factor 3"
737.39391746648,1.35734325256571,0.374555184211913,1.27475155118202e-05,6.213003688615e-05,"ENSG00000174373.18","RALGAPA1","253959","Ral GTPase activating protein catalytic subunit alpha 1"
187.209077118812,1.08263844674985,0.225770982117001,2.01502907228105e-07,1.3658797065339e-06,"ENSG00000151338.23","MIPOL1","145282","mirror-image polydactyly 1"
168.695410920573,1.13422808783644,0.268715579647107,2.33096065052268e-06,1.31045367086075e-05,"ENSG00000179454.16","KLHL28","54813","kelch like family member 28"
402.521149748469,1.10653507015334,0.538987951162078,0.00170781759507126,0.00482968185101666,"ENSG00000185246.20","PRPF39","55015","pre-mRNA processing factor 39"
594.155645574231,1.23606538982151,0.28965675805727,1.3422293280201e-06,7.91530342921529e-06,"ENSG00000100485.14","SOS2","6655","SOS Ras/Rho guanine nucleotide exchange factor 2"
1202.79168859612,1.02251475721419,0.335876603731865,0.000214613451475711,0.000791191497778372,"ENSG00000012983.14","MAP4K5","11183","mitogen-activated protein kinase kinase kinase kinase 5"
37.4493485018735,1.8888224911853,0.221071019883646,1.70886592843703e-18,3.93907645477241e-17,"ENSG00000198513.17","ATL1","51062","atlastin GTPase 1"
1213.36574817732,1.19742594982002,0.084524850314227,2.61264090827969e-46,3.47323581436044e-44,"ENSG00000151748.17","SAV1","60485","salvador family WW domain containing protein 1"
18.2301325988785,1.63981715305871,0.33921668401209,1.5980610234334e-07,1.10213323087507e-06,"ENSG00000269906.1",NA,NA,NA
334.192152413435,1.14719201592321,0.0793411069029547,5.19016536027345e-48,7.34289357988779e-46,"ENSG00000073712.17","FERMT2","10979","FERM domain containing kindlin 2"
5231.89147154645,1.04252576111519,0.481574660749387,0.00167363654608594,0.004742585295331,"ENSG00000126777.20","KTN1","3895","kinectin 1"
201.892592109719,1.46574297737546,0.133689839941988,6.30163501803846e-29,3.1653913229046e-27,"ENSG00000139946.12","PELI2","57161","pellino E3 ubiquitin protein ligase family member 2"
336.320375466721,1.11240982342708,0.402420383530301,0.000368062222153845,0.00127176507457639,"ENSG00000257621.10","PSMA3-AS1","379025","PSMA3 antisense RNA 1"
337.512125936952,1.1806803515183,0.582219660005756,0.00141832237274316,0.00412056317069938,"ENSG00000032219.21","ARID4A","5926","AT-rich interaction domain 4A"
1012.18649225124,1.05844307210091,0.307363442782087,5.02624036847352e-05,0.000215125319795254,"ENSG00000100592.17","DAAM1","23002","dishevelled associated activator of morphogenesis 1"
255.586342015377,1.08258044109795,0.355506455636741,0.000187050317862666,0.000700546170037525,"ENSG00000140006.14","WDR89","112840","WD repeat domain 89"
3685.6155164667,1.69536418929615,0.37936111710831,1.4875763690289e-07,1.03286425874807e-06,"ENSG00000054654.21","SYNE2","23224","spectrin repeat containing nuclear envelope protein 2"
248.7257380089,1.13748366981034,0.166265351909373,1.08308968078181e-12,1.44109801271237e-11,"ENSG00000054690.16","PLEKHH1","57475","pleckstrin homology, MyTH4 and FERM domain containing H1"
484.898983801453,1.01512285439646,0.477197913088779,0.00215064199555692,0.00588972655185282,"ENSG00000133985.5","TTC9","23508","tetratricopeptide repeat domain 9"
27.3958704411301,1.05342286058342,0.355703116712232,0.000582164344123988,0.00190646768968699,"ENSG00000119686.12","FLVCR2","55640","FLVCR choline and putative heme transporter 2"
253.367429978729,2.30076616567954,0.506083404943293,2.36186960425454e-08,1.86781493165176e-07,"ENSG00000119699.10","TGFB3","7043","transforming growth factor beta 3"
869.611252980345,1.08071364379693,0.368831507524836,0.000251599269601138,0.000911580215080609,"ENSG00000089916.20","GPATCH2L","55668","G-patch domain containing 2 like"
22.5124344302496,2.04055471276556,1.09947290815285,0.00028222411338685,0.00100791525070371,"ENSG00000211448.15","DIO2","1734","iodothyronine deiodinase 2"
23.9056727864943,2.09663199376014,0.601259013138949,7.74832724693106e-06,3.96801213277066e-05,"ENSG00000165521.18","EML5","161436","EMAP like 5"
446.557556305125,1.25123220707825,0.265594923064409,1.73956184462208e-07,1.19225703137409e-06,"ENSG00000053254.18","FOXN3","1112","forkhead box N3"
239.484741632685,1.08402031153631,0.121332834500998,8.29852527002651e-20,2.12227028106736e-18,"ENSG00000100784.14","RPS6KA5","9252","ribosomal protein S6 kinase A5"
20.692136829487,1.35200949864755,0.71864893671425,0.00212379342811216,0.00582447420503602,"ENSG00000133962.8","CATSPERB","79820","catsper channel auxiliary subunit beta"
19.2616901478816,2.15385293535663,0.650713561654651,1.51740309696605e-05,7.28514108291202e-05,"ENSG00000260711.2",NA,NA,NA
1314.97630794584,1.49679939536464,0.104258813014757,1.1901701540971e-47,1.65347873390373e-45,"ENSG00000165929.15","TC2N","123036","tandem C2 domains, nuclear"
871.152234809807,1.10152450376707,0.635260094848617,0.00252768381027788,0.00678275404481344,"ENSG00000100815.14","TRIP11","9321","thyroid hormone receptor interactor 11"
28.9283607296546,1.23838645653876,0.367375976718791,0.000112858719955089,0.00044272550790232,"ENSG00000308283.1",NA,NA,NA
25.5243577001588,2.23811686234215,0.437180335727358,2.98760871413336e-08,2.32100322320658e-07,"ENSG00000196136.20","SERPINA3","12","serpin family A member 3"
1145.35481977054,1.14502900526676,0.192629993281435,3.01502362106531e-10,3.10171309275839e-09,"ENSG00000165959.14","CLMN","79789","calmin"
41.5833665592764,2.8321319273557,0.460692807137806,1.77134307684723e-10,1.87223314517211e-09,"ENSG00000214548.20","MEG3","55384","maternally expressed 3"
9.21621650971849,1.02923989181481,0.388545458683612,0.00166569879011314,0.00472356400190045,"ENSG00000270108.1",NA,NA,NA
202.78218175375,1.23541404056773,0.54853007772311,0.000783758973318659,0.00246811254391404,"ENSG00000291003.2","HERC2P2","400322","HERC2 pseudogene 2"
917.805879240265,1.30778319923623,0.26871609273505,6.74655553902918e-08,4.92374032027302e-07,"ENSG00000224078.16",NA,NA,NA
23.3787351397523,1.18692022512721,0.569836098515878,0.00243397766009493,0.00656195270914754,"ENSG00000285077.4","ARHGAP11B","89839","Rho GTPase activating protein 11B"
62.4933942670326,1.35791983717437,0.34790559217996,5.32805456902829e-06,2.81479717399744e-05,"ENSG00000293141.2",NA,NA,NA
484.342848229113,1.64825536367518,0.934899121041587,0.000251702779055394,0.000911580215080609,"ENSG00000175265.21","GOLGA8A","23015","golgin A8 family member A"
201.569172932719,1.59368848639978,0.493857109999349,2.62489922450375e-05,0.00011982999094456,"ENSG00000215252.14","GOLGA8A","23015","golgin A8 family member A"
1069.41188925947,1.36640299701493,0.182538245084192,4.47762242504312e-15,7.57951870654116e-14,"ENSG00000134138.24","MEIS2","4212","Meis homeobox 2"
21.1457266376743,1.6925157387503,0.331570716686564,3.21990531381926e-08,2.49017852780375e-07,"ENSG00000259460.2",NA,NA,NA
10.9559079983114,1.66185628703903,0.721715920365201,0.000763203696404461,0.00241076694024031,"ENSG00000261136.1","LOC105370941","105370941","uncharacterized LOC105370941"
639.657112742258,1.49861694251279,1.11112157949996,0.000437159379185626,0.00148130845669557,"ENSG00000104081.16","BMF","90427","Bcl2 modifying factor"
122.079835256791,1.5174503136594,0.21645495103407,1.45473387193984e-13,2.12437983325609e-12,"ENSG00000245849.9","RAD51-AS1","100505648","RAD51 antisense RNA 1"
14.6965647257904,1.25220812345591,0.479501876328047,0.000947095413534599,0.00290361001433739,"ENSG00000157021.9",NA,NA,NA
1621.66424058989,1.22068335914404,0.301420019629732,3.24795496038423e-06,1.78054438123303e-05,"ENSG00000247556.8","OIP5-AS1","729082","OIP5 antisense RNA 1"
601.791193171782,1.47590005590527,0.355005111470895,8.29301807685896e-07,5.05880663620419e-06,"ENSG00000128881.20","TTBK2","146057","tau tubulin kinase 2"
49.439272623268,1.46842584027083,0.751892048702381,0.000697773458660858,0.0022305896571329,"ENSG00000166762.20","CATSPER2","117155","cation channel sperm associated 2"
24.6166557674624,2.36219319500796,0.329392157705211,7.1609561291243e-14,1.07525905031379e-12,"ENSG00000242028.10","HYPK","25764","huntingtin interacting protein K"
1059.36635121073,1.05023347941364,0.602779770290868,0.00332697852992748,0.00858379386147092,"ENSG00000166920.15","COXFA4L3","84419","cytochrome c oxidase associated subunit FA4L3"
43.6696355981165,2.0022666405944,0.360035174272966,8.85426372840833e-10,8.63640739758286e-09,"ENSG00000259354.6",NA,NA,NA
747.37436856414,1.21371475652107,0.42942141693876,0.00020705654056886,0.000765895637350058,"ENSG00000138593.11","SECISBP2L","9728","SECIS binding protein 2 like"
1057.50750493065,1.07903348152409,0.738612389729998,0.003185304380779,0.00827921436979488,"ENSG00000092439.17","TRPM7","54822","transient receptor potential cation channel subfamily M member 7"
694.17068288345,2.18002947070731,0.345029110256953,2.16190698189595e-12,2.79219158859443e-11,"ENSG00000104093.16","DMXL2","23312","Dmx like 2"
110.409221173298,2.79287465467096,0.23598786926712,1.76129189864646e-33,1.13170343204279e-31,"ENSG00000128872.12","TMOD2","29767","tropomodulin 2"
696.978905922548,1.43017009412685,0.152231777087842,3.91028877482063e-22,1.19407055834671e-20,"ENSG00000128833.15","MYO5C","55930","myosin VC"
292.731652516668,1.41980493919585,0.315448839905722,3.00369532893675e-07,1.97358268715525e-06,"ENSG00000047346.15","ATOSA","56204","atos homolog A"
74.9100339869587,2.56400509300035,0.412927117368491,3.96484964388513e-11,4.48583612313666e-10,"ENSG00000166450.14","PRTG","283659","protogenin"
98.0625183095474,1.31871106662289,0.368818734562476,1.78117309246453e-05,8.40240754325347e-05,"ENSG00000151575.17","TEX9","374618","testis expressed 9"
145.482393178814,1.05006949107064,0.394487023903908,0.000668616817902131,0.00215075927177071,"ENSG00000137871.23","ZNF280D","54816","zinc finger protein 280D"
10.548071462514,1.09253300189703,0.500345324120753,0.00366798084494955,0.00933090277300678,"ENSG00000247982.8","LINC00926","283663","long intergenic non-protein coding RNA 926"
3480.28990526556,1.04757635720033,0.345166680542077,0.000205921893819795,0.000762247125442884,"ENSG00000137845.17","ADAM10","102","ADAM metallopeptidase domain 10"
665.069614403745,1.66343682954228,0.543191075373895,2.42823575189682e-05,0.000111745220919131,"ENSG00000128923.13","MINDY2","54629","MINDY lysine 48 deubiquitinase 2"
715.697130575886,1.00550708310139,0.350443940079149,0.000384293033129581,0.00132251347107594,"ENSG00000128915.14","ICE2","79664","interactor of little elongation complex ELL subunit 2"
37.1133605503261,1.43661916087617,0.80364750082429,0.00101998125032496,0.00309324107399433,"ENSG00000069667.17","RORA","6095","RAR related orphan receptor A"
1229.64189618985,1.60401832843805,0.551174515800563,4.57292167521176e-05,0.000197256014415218,"ENSG00000129003.20","VPS13C","54832","vacuolar protein sorting 13 homolog C"
418.653154154327,1.07117789497099,0.212531403622241,5.98553988106476e-08,4.4058716231933e-07,"ENSG00000166128.15","RAB8B","51762","RAB8B, member RAS oncogene family"
85.8497450585614,1.11198450317724,0.154802905873732,1.44456962578598e-13,2.11153632220337e-12,"ENSG00000138613.16","APH1B","83464","aph-1B gamma-secretase subunit"
12.2459537425802,2.12765322928839,0.592252934762067,2.14360611999134e-05,9.9657974001768e-05,"ENSG00000035664.13","DAPK2","23604","death associated protein kinase 2"
27.7768661004566,1.18052650013862,0.248086347447226,3.5701880484861e-07,2.32695984343635e-06,"ENSG00000246922.12","UBAP1L","390595","ubiquitin associated protein 1 like"
655.299457091891,1.09776942640374,0.454842863709487,0.000880961148528503,0.00273136415662817,"ENSG00000174485.18","DENND4A","10260","DENN domain containing 4A"
74.2222753233248,1.0145936520349,0.235881140767603,2.94749269840928e-06,1.62565396645814e-05,"ENSG00000259673.7","IQCH-AS1","100506686","IQCH antisense RNA 1"
1284.87752679859,1.4278268049378,0.408331627941476,1.3666601038024e-05,6.61703782126747e-05,"ENSG00000137831.17","UACA","55075","uveal autoantigen with coiled-coil domains and ankyrin repeats"
80.5372288070546,1.38677351881549,0.18519241753939,9.04889490188613e-15,1.48450008810623e-13,"ENSG00000137821.14","LRRC49","54839","leucine rich repeat containing 49"
712.524558726503,1.05506079319283,0.658930220088174,0.00351087171700071,0.0089875751573486,"ENSG00000066933.19","MYO9A","4649","myosin IXA"
16.736785028613,1.44321154582952,0.59075817062486,0.000937520625199902,0.00287826111113034,"ENSG00000175318.14","GRAMD2A","196996","GRAM domain containing 2A"
47.9580528773494,1.62743521312141,0.70622186489734,0.000295683435482199,0.00104880836577842,"ENSG00000281183.1","NPTN-IT1","101241892","NPTN intronic transcript 1"
28.0736430211223,1.39551327406684,0.320486069194557,1.69423629052775e-06,9.77068729851473e-06,"ENSG00000140398.16","NEIL1","79661","nei like DNA glycosylase 1"
66.820351435387,1.07035095815667,0.207953012067967,4.84310052375783e-08,3.62726824559832e-07,"ENSG00000169752.19","NRG4","145957","neuregulin 4"
532.684862261408,1.48790353055052,0.090137831106515,3.74673584637099e-62,9.17117674395032e-60,"ENSG00000173517.13","PEAK1","79834","pseudopodium enriched atypical kinase 1"
92.0949206266423,1.08855483731082,0.432408220886294,0.00102283779370833,0.00309946583155359,"ENSG00000058335.17","RASGRF1","5923","Ras protein specific guanine nucleotide releasing factor 1"
12.2744217447348,1.70342492578657,0.6870063051418,0.000737411805673936,0.00233964981988376,"ENSG00000278662.7","GOLGA6L4","643707","golgin A6 family like 4"
34.0156487446445,2.75702336218439,0.453901229089159,3.4513346001026e-11,3.92500227641462e-10,"ENSG00000290945.2","UBE2Q2P2","100134869","UBE2Q2 pseudogene 2"
58.6612924289458,2.26412656664187,0.319738050760243,3.81229629246991e-14,5.86135803850234e-13,"ENSG00000197978.11","GOLGA6L9","440295","golgin A6 family like 9"
176.327087067291,1.59877258586191,0.424419847251831,3.42665615645693e-06,1.87451098221789e-05,"ENSG00000103942.15","HOMER2","9455","homer scaffold protein 2"
48.3816764823389,1.04208961723902,0.183964511178539,3.46362810382091e-09,3.12171881876226e-08,"ENSG00000185442.15","FAM174B","400451","family with sequence similarity 174 member B"
45.6356359311923,1.70717143346767,0.283535716686775,1.99911563520357e-10,2.08722831485946e-09,"ENSG00000247809.12","NR2F2-AS1","644192","NR2F2 antisense RNA 1"
34.3800158806691,1.9722430944391,0.257858834388312,3.0851167515931e-15,5.30977515918718e-14,"ENSG00000286733.2","LINC02348","101927505","long intergenic non-protein coding RNA 2348"
220.84536269815,1.5313279101785,0.377805655792439,1.47979778649036e-06,8.62758475064948e-06,"ENSG00000162069.18","BICDL2","146439","BICD family like cargo adaptor 2"
83.5830159741983,1.08304274869997,0.457474093238457,0.001196057246038,0.0035490472948147,"ENSG00000140993.13","TIGD7","91151","tigger transposable element derived 7"
238.97634364919,1.05010413338317,0.591969681982246,0.00317184831821219,0.00824980146991907,"ENSG00000168140.7","VASN","114990","vasorin"
1013.74102093207,1.53142260766066,0.657476662716512,0.000209128151381892,0.000772934381366369,"ENSG00000103534.19","TMC5","79838","transmembrane channel like 5"
17.1599322971218,1.00104296997248,0.410189367737932,0.00285829674443459,0.00755015315106643,"ENSG00000140807.8","NKD1","85407","NKD inhibitor of Wnt signaling pathway 1"
36.1552441186543,1.57522014487206,0.231025304486423,1.31418972662014e-12,1.72919110701443e-11,"ENSG00000167207.17","NOD2","64127","nucleotide binding oligomerization domain containing 2"
21.4934840453243,1.17445054222715,0.353323377180303,0.000136054918240363,0.000525050774320481,"ENSG00000280027.1",NA,NA,NA
40.0017931632593,2.19587890035037,0.35532559928496,3.36954997192176e-11,3.84333062995602e-10,"ENSG00000087258.18","GNAO1","2775","G protein subunit alpha o1"
37.0993166179087,1.0806609838837,0.237371905168706,9.71729187412531e-07,5.853529609019e-06,"ENSG00000102878.20","HSF4","3299","heat shock transcription factor 4"
11.9454370385053,3.13437739371634,0.82351271114031,1.77240813651358e-06,1.01910163583803e-05,"ENSG00000118557.17","PMFBP1","83449","polyamine modulated factor 1 binding protein 1"
46.3462782673017,1.10427837524484,0.270288165764357,1.13973341472115e-05,5.61887115997915e-05,"ENSG00000166473.20","PKD1L2","114780","polycystin 1 like 2 (gene/pseudogene)"
79.4405885944397,3.0908300825134,0.32924529936878,6.25922286037065e-22,1.88522413534718e-20,"ENSG00000167741.12","GGT6","124975","gamma-glutamyltransferase 6"
11.9285444059155,1.04596925722472,0.529940864878227,0.00607074258983973,0.0143782708459405,"ENSG00000198920.12","KIAA0753","9851","KIAA0753"
10.1487022184681,1.21059173996317,0.401559808165061,0.000420063860941318,0.001429347925767,"ENSG00000170049.12","KCNAB3","9196","potassium voltage-gated channel subfamily A regulatory beta subunit 3"
36.0648323393466,2.25086458041985,0.346108845007158,6.1818337794609e-12,7.60207804729398e-11,"ENSG00000184619.9","KRABD2","124751","KRAB domain containing 2"
94.0522451935909,1.61049143321543,0.395661627497535,1.36550386085771e-06,8.04025774657762e-06,"ENSG00000187607.18","ZNF286A","57335","zinc finger protein 286A"
28.0728683607663,1.15750971738918,0.879882969168861,0.004406172723134,0.0109258063295464,"ENSG00000291194.2",NA,NA,NA
1088.92109794743,1.1886093329676,0.140265752668365,2.8917153748148e-18,6.5004581333847e-17,"ENSG00000109046.17","WSB1","26118","WD repeat and SOCS box containing 1"
1492.76213247898,1.33336808201571,0.578157506471219,0.000448549040886728,0.00151428351396502,"ENSG00000160551.14","TAOK1","57551","TAO kinase 1"
4192.44814429382,1.15883682548539,0.306332572500614,1.1306841331259e-05,5.57782470151454e-05,"ENSG00000108582.14","CPD","1362","carboxypeptidase D"
30.4175413541435,1.12496314156539,0.468205620287323,0.00125906106321434,0.0037131345679534,"ENSG00000290928.2",NA,NA,NA
1932.32573151594,1.12744916325566,0.262229197527896,1.70684987637094e-06,9.83607322253972e-06,"ENSG00000196712.21","NF1","4763","neurofibromin 1"
38.9310717267528,1.1225231791378,0.23206312742344,2.48400295997724e-07,1.66146774820589e-06,"ENSG00000185158.15","LRRC37B","114659","leucine rich repeat containing 37B"
2341.42988248398,1.01835666973732,0.251436923215894,6.77084614789485e-06,3.50733014600895e-05,"ENSG00000166750.12","SLFN5","162394","schlafen family member 5"
478.488021976778,1.38608583406334,0.380932523492964,1.35611892582447e-05,6.56806217184018e-05,"ENSG00000172716.19","SLFN11","91607","schlafen family member 11"
135.18106841444,1.05080136300054,0.371586253336852,0.000423315593169724,0.00143914236381621,"ENSG00000172123.16","SLFN12","55106","schlafen family member 12"
15.3421755240332,1.53812201008385,0.377549206479874,7.03436746185624e-06,3.63285266675436e-05,"ENSG00000274512.8","TBC1D3","729873","TBC1 domain family member 3"
74.3952432573416,1.48512632402053,0.25976101700986,1.36799114727614e-09,1.2982025527474e-08,"ENSG00000274419.8","TBC1D3D","101060389","TBC1 domain family member 3D"
48.8748348751081,1.6540095594837,0.300055864033776,4.24511391473727e-09,3.77531151552269e-08,"ENSG00000278599.6","TBC1D3E","102723859","TBC1 domain family member 3E"
116.026469905848,1.52674132367644,0.322993716394222,2.72423511375897e-07,1.80555503957087e-06,"ENSG00000277399.6","GPR179","440435","G protein-coupled receptor 179"
467.962602103171,1.10574165791008,0.144789939643102,3.17687612922022e-15,5.45552414128118e-14,"ENSG00000108306.15","FBXL20","84961","F-box and leucine rich repeat protein 20"
221.023728844923,1.48303724454807,0.244330211048208,8.92427435180652e-11,9.69846615780186e-10,"ENSG00000073605.21","GSDMB","55876","gasdermin B"
26.6339779943155,1.36262965504472,0.362403349077291,1.78953547107518e-05,8.43031662020027e-05,"ENSG00000176681.16","LRRC37A","9884","leucine rich repeat containing 37A"
92.02474351828,1.06615612237467,0.406832308839383,0.00070838446593172,0.00225982557905111,"ENSG00000108465.17","CDK5RAP3","80279","CDK5 regulatory subunit associated protein 3"
523.020812591051,1.23156632205458,0.336327189915446,1.46618034085812e-05,7.06120144796162e-05,"ENSG00000198740.11","ZNF652","22834","zinc finger protein 652"
88.4705110749218,1.19105986317276,0.511898374616445,0.001571971403413,0.00449997605569554,"ENSG00000108813.12","DLX4","1748","distal-less homeobox 4"
1694.59893579817,1.34470580211525,0.574321238480454,0.000385347676409669,0.00132555130892561,"ENSG00000108848.17","LUC7L3","51747","LUC7 like 3 pre-mRNA splicing factor"
313.058762313904,1.06859674741891,0.488363870817431,0.00173673553681746,0.00489261942149471,"ENSG00000011258.18","MBTD1","54799","mbt domain containing 1"
249.707336914845,1.87722039000959,1.44942222716606,6.61524171580289e-05,0.000274747219228108,"ENSG00000264112.2",NA,NA,NA
26.3336214600558,1.62805680749459,0.425825073630279,8.52575659779252e-06,4.32913047397295e-05,"ENSG00000153982.11","GDPD1","284161","glycerophosphodiester phosphodiesterase domain containing 1"
112.996145172097,2.89184850092254,0.513276556038706,4.65837347376094e-11,5.22449289737217e-10,"ENSG00000175155.12","YPEL2","388403","yippee like 2"
4152.97146536296,1.0672805570381,0.0843308653703958,1.87172888671085e-37,1.4577743011095e-35,"ENSG00000062716.15","VMP1","81671","vacuole membrane protein 1"
73.2021443533089,1.14036842987006,0.486761732589002,0.00104291890389996,0.00315226429185441,"ENSG00000189050.18","RNFT1","51136","ring finger protein, transmembrane 1"
14.7442678339501,1.15853737022033,0.638449937808559,0.00679551950207372,0.0158203058939431,"ENSG00000293515.2","WFDC21P","645638","WAP four-disulfide core domain 21, pseudogene"
896.459342024339,1.10623109852887,0.191089150513849,7.98059172843377e-10,7.82382104540224e-09,"ENSG00000170832.15","USP32","84669","ubiquitin specific peptidase 32"
571.675497538343,1.15105208915189,0.274282508470385,2.30434089192727e-06,1.29647370557036e-05,"ENSG00000062725.12","APPBP2","10513","amyloid beta precursor protein binding protein 2"
251.54309562001,1.05115991503592,0.120119739314897,4.24395620528387e-19,1.02259451002629e-17,"ENSG00000256525.10","POLG2","11232","DNA polymerase gamma 2, accessory subunit"
721.621526460469,1.22181480523958,0.261149962970889,2.00668836221387e-07,1.36262180685601e-06,"ENSG00000120063.12","GNA13","10672","G protein subunit alpha 13"
8.26365671459803,2.12467042299579,0.5422543024064,1.0328242602924e-05,5.13283368287756e-05,"ENSG00000307784.1",NA,NA,NA
2378.83820010585,1.01648169592454,0.262214876430127,1.29999699516117e-05,6.32804724191298e-05,"ENSG00000154229.14","PRKCA","5578","protein kinase C alpha"
1045.38466098635,1.67878292881031,0.215619784646046,2.16232772643263e-16,4.13712851976645e-15,"ENSG00000198265.14","HELZ","9931","helicase with zinc finger"
1491.28970385695,1.59263910354982,0.278422216104552,3.36309703290384e-10,3.43914584512003e-09,"ENSG00000171634.20","BPTF","2186","bromodomain PHD finger transcription factor"
120.904238353924,1.1501457520099,0.208169143314143,4.13961735445262e-09,3.69000226722623e-08,"ENSG00000291214.1",NA,NA,NA
420.378603344801,1.26918696320369,0.102987364863201,1.05009550548334e-35,7.35526737404819e-34,"ENSG00000278730.1",NA,NA,NA
23.1018147320507,1.7901716977908,0.567893013048874,5.43362659670086e-05,0.000230806865788914,"ENSG00000274561.1",NA,NA,NA
57.2247857797425,1.73719085804452,0.214628463211225,6.73797374298882e-17,1.3494323778004e-15,"ENSG00000277476.1",NA,NA,NA
114.20314882627,1.71384057434471,0.280768748055376,1.05195539853015e-10,1.13600869753035e-09,"ENSG00000108932.15","SLC16A6","9120","solute carrier family 16 member 6"
96.3667995140641,2.0989811712891,0.462196583259728,7.92809056416241e-08,5.72910424507725e-07,"ENSG00000154265.18","ABCA5","23461","ATP binding cassette subfamily A member 5"
127.961885761856,1.75694544955846,0.211892535544717,1.29961627502577e-17,2.72847382696558e-16,"ENSG00000108984.18","MAP2K6","5608","mitogen-activated protein kinase kinase 6"
218.276965520603,1.19109106450441,0.17848423877121,2.75715934270806e-12,3.51680349246493e-11,"ENSG00000141219.18","MTNAP1","55028","mitochondrial nucleoid associated protein 1"
35.2468105773769,1.35443604107619,0.314393280925835,2.45333056420376e-06,1.37224557963679e-05,"ENSG00000129654.10","FOXJ1","2302","forkhead box J1"
12.0404106871423,1.03829060440163,0.420954706347786,0.00245144006131295,0.00660711823892295,"ENSG00000287737.4",NA,NA,NA
32.5572399928612,1.20211210035445,0.703971362279897,0.00368302798377317,0.00935683270803395,"ENSG00000132204.15",NA,NA,NA
1098.6563489119,1.08706926871825,0.712914457588226,0.00332100486682177,0.00857124954832779,"ENSG00000101596.19","SMCHD1","23347","structural maintenance of chromosomes flexible hinge domain containing 1"
28.6496395420754,1.04505574251015,0.453905245370803,0.00206482074436514,0.0056870156633068,"ENSG00000178127.15","NDUFV2","4729","NADH:ubiquinone oxidoreductase core subunit V2"
340.699897737366,1.83443333521251,0.750433167877255,6.628611749403e-05,0.000275080252388438,"ENSG00000101745.19","ANKRD12","23253","ankyrin repeat domain 12"
937.862103817095,1.61922450226574,0.424525038096688,2.45500738638573e-06,1.37268560208319e-05,"ENSG00000101752.15","MIB1","57534","MIB E3 ubiquitin protein ligase 1"
1242.30053705615,1.05384273583019,0.154599479687519,1.28875886591536e-12,1.70008130635421e-11,"ENSG00000170558.12","CDH2","1000","cadherin 2"
776.660131604412,1.72006505139405,0.115688670048172,6.0929501740616e-51,9.49084693274788e-49,"ENSG00000134755.21","DSC2","1824","desmocollin 2"
353.790996587594,1.01253222733887,0.123046169043675,4.26636311376145e-17,8.64541203381279e-16,"ENSG00000141441.18","GAREM1","64762","GRB2 associated regulator of MAPK1 subtype 1"
17.0518429857132,1.38356777103078,0.351444544745726,1.17485344864808e-05,5.76509798630871e-05,"ENSG00000186496.14","ZNF396","252884","zinc finger protein 396"
79.7995152919488,1.18327754898682,0.209658823900897,2.07799526015242e-09,1.93623957140849e-08,"ENSG00000150477.17","KIAA1328","57536","KIAA1328"
260.893872406445,1.37976300307082,0.164391588032101,6.31364766642696e-18,1.37130648822493e-16,"ENSG00000152229.20","PSTPIP2","9050","proline-serine-threonine phosphatase interacting protein 2"
937.74505545971,1.09428187815606,0.190242186272466,1.10399431390864e-09,1.05940860701837e-08,"ENSG00000167306.23","MYO5B","4645","myosin VB"
105.077768280113,1.1699770469193,0.361254349618592,9.90796082325571e-05,0.000395216409351853,"ENSG00000101751.13","POLI","11201","DNA polymerase iota"
107.987904631155,1.40524080432812,0.24267418330151,5.09224439204778e-10,5.11246749803183e-09,"ENSG00000166510.16","CCDC68","80323","coiled-coil domain containing 68"
27.7236526905584,1.81627398316856,0.300317379110911,1.6326340846903e-10,1.73036771271541e-09,"ENSG00000196628.22","TCF4","6925","transcription factor 4"
1490.4031165808,1.01385346186474,0.108712736591751,2.29911996076517e-21,6.59009831133079e-20,"ENSG00000081923.17","ATP8B1","5205","ATPase phospholipid transporting 8B1"
433.713377977304,1.15291593429331,0.390236181948289,0.000186171083326987,0.000697508327498897,"ENSG00000172175.18","MALT1","10892","MALT1 paracaspase"
174.833484960501,1.16841305541326,0.289449508471258,4.79960486271928e-06,2.55929137579509e-05,"ENSG00000171451.17","DSEL","92126","dermatan sulfate epimerase like"
23.2970372926493,1.09902286116983,0.52499804284234,0.00330138333269932,0.00852774411617356,"ENSG00000167676.7","PLIN4","729359","perilipin 4"
176.824708314043,1.25625489935239,0.171928555773935,4.38126557897482e-14,6.69608488536876e-13,"ENSG00000171124.15","FUT3","2525","fucosyltransferase 3 (Lewis blood group)"
166.311341247627,1.44483514244798,0.743843992335285,0.000882363710124366,0.00273396238172149,"ENSG00000125735.14","TNFSF14","8740","TNF superfamily member 14"
276.305326518441,1.63910267881541,0.53562414345613,2.73262626033438e-05,0.000124416384885198,"ENSG00000171105.16","INSR","3643","insulin receptor"
126.699118635536,1.63852172235143,0.177427234339889,1.82585547299847e-21,5.28264863960776e-20,"ENSG00000167785.11","ZNF558","148156","zinc finger protein 558"
2559.50054328026,5.10383971700972,0.910066347236907,4.66241226805352e-16,8.70448663264568e-15,"ENSG00000181143.18","MUC16","94025","mucin 16, cell surface associated"
61.5514782798593,1.53053393943118,0.282737626169599,6.70344436013514e-09,5.77507349037118e-08,"ENSG00000196110.9","ZNF699","374879","zinc finger protein 699"
220.06021489576,1.21787158710941,0.279726008363725,1.05196751451564e-06,6.29751205021185e-06,"ENSG00000174652.22","ZNF266","10781","zinc finger protein 266"
515.909630409675,1.02262262834252,0.494427579655589,0.00235009758725114,0.00636362684688319,"ENSG00000197961.13","ZNF121","7675","zinc finger protein 121"
34.3324925412966,1.17542187571087,0.279735538463702,4.78709330883288e-06,2.55438636385854e-05,"ENSG00000196605.9","ZNF846","162993","zinc finger protein 846"
2719.49669899863,1.01353914592424,0.377548815708941,0.000636746059327873,0.00206113790530964,"ENSG00000090339.11","ICAM1","3383","intercellular adhesion molecule 1"
74.9884997853902,1.20079571352337,0.163207264831065,3.72059819100175e-14,5.73180266767612e-13,"ENSG00000198551.11","ZNF627","199692","zinc finger protein 627"
9.20820362026634,1.04740524318765,0.424184686031947,0.00264187479391967,0.0070546062678849,"ENSG00000197332.10","ZNF833P","401898","zinc finger protein 833, pseudogene"
11.3735160811501,1.67707210487951,0.494112555206896,5.60555337850358e-05,0.000237220742727507,"ENSG00000171291.10","ZNF439","90594","zinc finger protein 439"
63.1235851396297,2.35279506581534,0.24163962829946,1.65455236816571e-23,5.60765979549085e-22,"ENSG00000198429.12","ZNF69","7620","zinc finger protein 69"
17.4397649361237,1.05816509754339,0.281062361993896,3.72823773015055e-05,0.000164501156041922,"ENSG00000197647.15","ZNF433","163059","zinc finger protein 433"
281.299968415505,1.04847309634472,0.337193070522107,0.000175468397620402,0.00066045842316432,"ENSG00000173875.15","ZNF791","163049","zinc finger protein 791"
10.6239335325673,1.42879800930957,0.891744722979306,0.00294091238150176,0.00774053760627046,"ENSG00000160111.17","CPAMD8","27151","C3 and PZP like alpha-2-macroglobulin domain containing 8"
25.6069008049192,1.07777676753445,0.335456103048122,0.000243751498839651,0.000886949472299731,"ENSG00000196268.13","ZNF493","284443","zinc finger protein 493"
78.6959548855812,1.21618993790626,0.457426440094084,0.000447424575642045,0.0015117735278212,"ENSG00000197020.14","ZNF100","163227","zinc finger protein 100"
38.1675615875684,1.41751062029863,0.262517663085729,7.80629776442215e-09,6.67670093317548e-08,"ENSG00000196081.11","ZNF724","440519","zinc finger protein 724"
115.637025688593,1.74960151362501,0.365962476848854,4.28466451092673e-08,3.24368244590089e-07,"ENSG00000167232.16","ZNF91","7644","zinc finger protein 91"
22.9595581479601,2.18585687872727,0.411900336620042,6.48182925977967e-09,5.59352484695369e-08,"ENSG00000196172.11","ZNF681","148213","zinc finger protein 681"
74.0984705698281,1.43357671501696,0.334751747412716,1.02222252720702e-06,6.13134717699708e-06,"ENSG00000213096.12","ZNF254","9534","zinc finger protein 254"
15.4691852782844,1.01269038411325,0.706369899072276,0.0133195213915689,0.0280256978277232,"ENSG00000126259.22","KIRREL2","84063","kirre like nephrin family adhesion molecule 2"
43.163174914663,1.68980590346208,0.253966159302613,2.6653522685056e-12,3.40251633548219e-11,"ENSG00000142065.16","ZFP14","57677","ZFP14 zinc finger protein"
21.7272764961577,1.38639946796137,0.32129879770189,2.76545150734924e-06,1.53072604791215e-05,"ENSG00000181007.11","ZFP82","284406","ZFP82 zinc finger protein"
55.676708005943,1.28813429914363,0.66739501456735,0.001366858389679,0.00399135073418668,"ENSG00000159905.17","ZNF221","7638","zinc finger protein 221"
43.3693623292183,1.13812466068468,0.378073340471944,0.000278865445786868,0.000997536388493663,"ENSG00000159917.19","ZNF235","9310","zinc finger protein 235"
10.7020060478694,1.63185719048345,0.431387194895173,1.93763271467288e-05,9.08213802217948e-05,"ENSG00000159915.15","ZNF233","353355","zinc finger protein 233"
95.0089517774674,2.86695921925902,0.452733195255597,9.89605093254571e-12,1.19131148657914e-10,"ENSG00000167754.15","KLK5","25818","kallikrein related peptidase 5"
1448.32962493352,1.19476449650534,0.202670593356629,6.79810482381513e-10,6.71579593132947e-09,"ENSG00000167755.16","KLK6","5653","kallikrein related peptidase 6"
129.933027195775,1.00095036310207,0.248532685234169,8.0116995550935e-06,4.09643298538119e-05,"ENSG00000105497.10","ZNF175","7728","zinc finger protein 175"
29.8473219980853,1.0946142123695,0.322745509202095,0.000108344246904583,0.000427965325695589,"ENSG00000182310.16","SPACA6","147650","sperm acrosome associated 6"
75.1523655138342,1.00295590142775,0.537459797865686,0.00411036825644625,0.0102832558213267,"ENSG00000197619.17","ZNF615","284370","zinc finger protein 615"
18.3392588944063,1.02636698824391,0.293879427280029,0.000109629994929176,0.000431785567952994,"ENSG00000269834.9","ZNF528-AS1","102724105","ZNF528 antisense RNA 1"
142.233012803383,1.20277990965956,0.162679373737925,2.01077990338335e-14,3.17707345185192e-13,"ENSG00000167555.16","ZNF528","84436","zinc finger protein 528"
18.636805764748,1.28554277999965,0.402603784014427,0.00015051481119843,0.000574959777962674,"ENSG00000167766.24","ZNF83","55769","zinc finger protein 83"
330.391489134498,1.14889442676458,0.38514752120073,0.000187072766241783,0.000700546170037525,"ENSG00000213793.8","ZNF888","388559","zinc finger protein 888"
43.3534061802423,1.20902812359867,0.336440538247197,3.18602870399549e-05,0.000143080035809983,"ENSG00000293246.2","ZNF321P","399669","zinc finger protein 321, pseudogene"
99.9043876404428,1.13966903368083,0.200432855255314,2.14039988657743e-09,1.98837991872955e-08,"ENSG00000293317.2","ZNF702P","79986","zinc finger protein 702, pseudogene"
451.265650730497,1.37676589355065,0.352905537124608,3.78098291240009e-06,2.05521809982805e-05,"ENSG00000170949.20","ZNF160","90338","zinc finger protein 160"
194.490048385887,1.04295684187426,0.361319201209914,0.000343915984895461,0.00119799602508988,"ENSG00000188785.14","ZNF548","147694","zinc finger protein 548"
308.299101850407,1.06036440529807,0.10515244982507,1.47319938551904e-24,5.48748978842732e-23,"ENSG00000121417.16","ZNF211","10520","zinc finger protein 211"
375.618917855407,1.570800308177,0.588461515172544,8.7552071035161e-05,0.000353903142184329,"ENSG00000088899.18","LZTS3","9762","leucine zipper tumor suppressor family member 3"
35.237619861236,1.0320574434112,0.328872216376939,0.000350494796831528,0.0012187103183628,"ENSG00000101265.18","RASSF2","9770","Ras association domain family member 2"
463.144876710016,1.60245946863448,0.493055037518396,3.40938381824972e-05,0.000151822431017121,"ENSG00000125772.17","GPCPD1","56261","glycerophosphocholine phosphodiesterase 1"
129.623419918583,2.42588774527344,0.181602238189927,1.37736215627041e-41,1.39738827709513e-39,"ENSG00000125872.11","LRRN4","164312","leucine rich repeat neuronal 4"
86.9712695121731,1.57512551511193,0.39185821939277,2.73306158395328e-06,1.51442841128795e-05,"ENSG00000182621.20","PLCB1","23236","phospholipase C beta 1"
55.8277139484459,2.32634253716183,0.283254508050964,2.19150485921867e-17,4.50602619120147e-16,"ENSG00000101333.21","PLCB4","5332","phospholipase C beta 4"
383.958953250106,1.59500688124785,0.100159441573146,5.57892217700974e-58,1.08901973280591e-55,"ENSG00000172296.15","SPTLC3","55304","serine palmitoyltransferase long chain base subunit 3"
269.935396705736,1.0597042871532,0.168318626037891,5.12197108510915e-11,5.71947256361102e-10,"ENSG00000101004.18","NINL","22981","ninein like"
508.263726215413,1.10004484493565,0.106344106358905,7.13802364389613e-26,2.89672270032953e-24,"ENSG00000130684.16","ZNF337","26152","zinc finger protein 337"
15.8835299205011,1.36625026360556,0.40727485774667,9.63107216640078e-05,0.000385167956115317,"ENSG00000125804.15","FAM182A","284800","family with sequence similarity 182 member A"
14.3757314832168,1.08499903582285,0.481287950562654,0.00328177908958263,0.00848847959417205,"ENSG00000303016.1",NA,NA,NA
22.2671251385576,1.92537604480546,0.399552820710282,9.49423188483975e-08,6.78454818795708e-07,"ENSG00000279253.1",NA,NA,NA
92.92693836932,1.81722709797039,0.183646787786559,4.71002146601662e-24,1.68132502378339e-22,"ENSG00000293413.2",NA,NA,NA
53.2038953327487,1.63293537838905,0.204614555798867,1.78690263366258e-16,3.43160965301502e-15,"ENSG00000124143.13","ARHGAP40","343578","Rho GTPase activating protein 40"
61.2231441762465,1.38053573598133,0.327761591071455,1.80379867809351e-06,1.03384849881254e-05,"ENSG00000185513.19","L3MBTL1","26013","L3MBTL histone methyl-lysine binding protein 1"
263.741361610119,2.04823087316979,0.147199441505855,2.80389402630665e-45,3.43165474441864e-43,"ENSG00000101104.15","PABPC1L","80336","poly(A) binding protein cytoplasmic 1 like"
193.309132467626,1.78455264679552,0.340666865601663,3.74500715733046e-09,3.35376047463374e-08,"ENSG00000198185.14","ZNF334","55713","zinc finger protein 334"
303.757840845872,1.02713405993085,0.226074303617321,6.86247130416601e-07,4.2534634236955e-06,"ENSG00000197496.8","SLC2A10","81031","solute carrier family 2 member 10"
32.6062374813283,1.32354315094523,0.355099946404711,5.65119862221122e-05,0.00023889016982763,"ENSG00000236028.2","EYA2-AS1","101927355","EYA2 antisense RNA 1"
43.196343418658,1.49216354460893,0.249192184402022,2.09604128092919e-10,2.18694537166502e-09,"ENSG00000042062.15","RIPOR3","140876","RIPOR family member 3"
365.572175365678,1.30291194722441,0.21071935425126,5.66519992654583e-11,6.26707661888545e-10,"ENSG00000124171.11","PARD6B","84612","par-6 family cell polarity regulator beta"
175.259033132707,1.01445008421884,0.221862552689078,1.00876490252465e-06,6.05533809335641e-06,"ENSG00000101115.14","SALL4","57167","spalt like transcription factor 4"
41.244471130389,1.92648515780389,0.316538784246514,5.78518049026805e-11,6.39063526793866e-10,"ENSG00000182463.17","TSHZ2","128553","teashirt zinc finger homeobox 2"
98.0284043315887,1.33345859413186,0.191094248350599,4.67168329315946e-13,6.47277880178006e-12,"ENSG00000064787.16","BCAS1","8537","brain enriched myelin associated protein 1"
21.1747017706888,2.12199853355311,0.437144227440257,5.18914095722942e-08,3.85461188349879e-07,"ENSG00000196074.14","SYCP2","10388","synaptonemal complex protein 2"
51.061740624014,1.09045052399833,0.346359961353325,0.000188034132098823,0.000702951357841443,"ENSG00000130701.5","RBBP8NL","140893","RBBP8 N-terminal like"
8.11166726808145,1.22028519246426,0.399869082502344,0.000423412051952539,0.001439153020313,"ENSG00000277496.1",NA,NA,NA
9.32370871603385,1.36738639556565,0.442812534102881,0.000295714854704919,0.00104880836577842,"ENSG00000302611.1",NA,NA,NA
1400.8888425703,1.59435530520636,0.608662617640624,8.52881191923422e-05,0.000346021595912946,"ENSG00000180530.12","NRIP1","8204","nuclear receptor interacting protein 1"
698.96767790781,1.1750471831193,0.256675758986681,3.79084058087001e-07,2.45212049486562e-06,"ENSG00000155313.18","USP25","29761","ubiquitin specific peptidase 25"
977.831869901716,1.32576871020213,0.216281282892039,5.40178255566165e-11,5.99286969718405e-10,"ENSG00000154639.21","CXADR","1525","CXADR cell adhesion molecule"
140.061299260229,1.458830440638,0.567686708140223,0.000222654547190413,0.000817318679415226,"ENSG00000154642.13","C21orf91","54149","chromosome 21 open reading frame 91"
1185.84954728717,1.31787483915454,0.327648209572173,2.77885781696326e-06,1.53649216189998e-05,"ENSG00000156273.18","BACH1","571","BTB domain and CNC homolog 1"
11.7853522516023,1.34574853951572,0.488145782449442,0.000560310349437781,0.00184430008509712,"ENSG00000238197.9","PAXBP1-AS1","100506215","PAXBP1 antisense RNA 1"
19.7080202745971,1.09447722328531,0.293394571973963,3.58399391909559e-05,0.000158772680914602,"ENSG00000243646.13","IL10RB","3588","interleukin 10 receptor subunit beta"
157.583700594553,1.01765013089633,0.196494808782982,3.41494170082731e-08,2.63077876330529e-07,"ENSG00000205758.14","CRYZL1","9946","crystallin zeta like 1"
35.4722416850741,1.51987507504944,0.928736941194696,0.00106568699520918,0.00321163946709415,"ENSG00000243927.8","MRPS6","64968","mitochondrial ribosomal protein S6"
938.473293654665,1.43475652412283,0.412644987390126,1.50171646892862e-05,7.21432076864431e-05,"ENSG00000198743.8","SLC5A3","6526","solute carrier family 5 member 3"
480.69102364397,1.05195285260106,0.472687129046005,0.00160696642777688,0.00458313839148276,"ENSG00000159256.14","MORC3","23515","MORC family CW-type zinc finger 3"
2224.64257479963,1.38361152861751,0.351668484224717,2.97234721185724e-06,1.63877605842154e-05,"ENSG00000182670.15","TTC3","7267","tetratricopeptide repeat domain 3"
679.02056821387,1.49449883951096,0.430699927154993,1.27300079358541e-05,6.20643225984212e-05,"ENSG00000185658.16","BRWD1","54014","bromodomain and WD repeat domain containing 1"
135.666033308744,2.11105702267881,0.276496053556419,1.32933781529409e-15,2.36171871539748e-14,"ENSG00000173276.16","ZBTB21","49854","zinc finger and BTB domain containing 21"
37.457861715307,1.01963966642661,0.290239761719809,8.63084427439163e-05,0.000349976990679446,"ENSG00000290425.2","PI4KAP1","728233","phosphatidylinositol 4-kinase alpha pseudogene 1"
9.71529648389373,1.0964613683549,0.603928693056368,0.00702128650324871,0.016262430034034,"ENSG00000274422.1",NA,NA,NA
28.7534842113394,1.22103387349361,0.308509229269185,1.67717515641038e-05,7.98262903919892e-05,"ENSG00000275004.5","ZNF280B","140883","zinc finger protein 280B"
46.5634810622339,1.14259862867273,0.190707079047574,4.23773210773182e-10,4.29369690100739e-09,"ENSG00000290796.1","LRP5L","91355","LDL receptor related protein 5 like (pseudogene)"
90.8150313547281,1.80164110551175,0.319132411333706,8.15014123458055e-10,7.97483045548646e-09,"ENSG00000100077.18","GRK3","157","G protein-coupled receptor kinase 3"
122.737175348708,1.54198012636915,0.563872975679315,0.000110358900511208,0.000434033309049565,"ENSG00000100100.16","PIK3IP1","113791","phosphoinositide-3-kinase interacting protein 1"
15.1689128205884,1.31811042255761,0.728032880641452,0.00257400077933139,0.00689844734412049,"ENSG00000198125.15","MB","4151","myoglobin"
19.9081525419261,2.26402121183511,0.437110808911659,1.11109788174722e-08,9.30197634876434e-08,"ENSG00000184949.19","FAM227A","646851","family with sequence similarity 227 member A"
62.9852895709372,1.21116071491738,0.376170680359192,9.38684410896873e-05,0.000376768669975031,"ENSG00000100344.13","PNPLA3","80339","patatin like domain 3, 1-acylglycerol-3-phosphate O-acyltransferase"
65.2672108159345,1.37100469867479,0.339863860149311,3.94589687060153e-06,2.13357908981578e-05,"ENSG00000241484.12","ARHGAP8","23779","Rho GTPase activating protein 8"
334.762335793791,1.738573701343,0.200105216323249,1.89505161783538e-19,4.67577455978229e-18,"ENSG00000186951.19","PPARA","5465","peroxisome proliferator activated receptor alpha"
46.6565892211938,1.45462545152264,0.479692972830013,0.000122703268430334,0.000478071526645828,"ENSG00000224271.9","EPIC1","284930","epigenetically induced MYC interacting lncRNA 1"
18.1557935897364,1.81559630679721,0.641154729334171,0.00010156488624804,0.000404293265573314,"ENSG00000236871.8","LINC00106","751580","long intergenic non-protein coding RNA 106"
32.4040217361137,2.04451508158628,0.774529208043153,5.81152712625099e-05,0.000244862185283925,"ENSG00000236017.9",NA,NA,NA
17.0990949710279,1.26945779666613,0.45388985207981,0.000535989898676354,0.00177409320186479,"ENSG00000291040.2","CD99P1","401577","CD99 molecule pseudogene 1"
159.449350893184,1.62389698458687,0.447229236030141,2.12768692979119e-05,9.90578275842725e-05,"ENSG00000126010.7","GRPR","2925","gastrin releasing peptide receptor"
226.911209086484,1.6026806503442,0.131057944893926,2.12195490223785e-35,1.46738415010807e-33,"ENSG00000169891.20","REPS2","9185","RALBP1 associated Eps domain containing 2"
807.715449624037,1.58072223692776,0.174533470141525,7.1628664175605e-21,1.96545485809965e-19,"ENSG00000188158.17","NHS","4810","NHS actin remodeling regulator"
140.311412678663,2.00533916939551,0.20092595496539,8.66455276161247e-25,3.29103616100557e-23,"ENSG00000008086.14","CDKL5","6792","cyclin dependent kinase like 5"
111.064970342314,1.5080642125993,0.379779964963788,2.56482222979531e-06,1.42839016271844e-05,"ENSG00000173681.19","BCLAF3","256643","BCLAF1 and THRAP3 family member 3"
1422.18607240117,1.25318143402983,0.356366694782738,1.92813891850351e-05,9.04038621533677e-05,"ENSG00000177189.16","RPS6KA3","6197","ribosomal protein S6 kinase A3"
571.393862784696,1.49822560726458,0.122028126830501,8.21497923082285e-36,5.81115572103299e-34,"ENSG00000067992.19","PDK3","5165","pyruvate dehydrogenase kinase 3"
752.391859705498,1.45010577808556,0.469518393058466,4.89618182691726e-05,0.000210025090272298,"ENSG00000157625.18","TAB3","257397","TGF-beta activated kinase 1 (MAP3K7) binding protein 3"
413.857198731493,1.29278708276168,0.195175093189481,2.88397213963239e-12,3.67248012925443e-11,"ENSG00000130962.21","PRRG1","5638","proline rich and Gla domain 1"
171.743106039156,1.39226506493129,0.2669596571196,1.02482888134752e-08,8.60778114338786e-08,"ENSG00000047597.8","XK","7504","X-linked Kx blood group antigen, Kell and VPS13A binding protein"
71.6326534688395,1.22449311983444,0.310437707633219,9.47075333560709e-06,4.76225531611589e-05,"ENSG00000147041.14","SYTL5","94122","synaptotagmin like 5"
1438.9940814711,1.27170007164518,0.198328869082745,1.03981366896244e-11,1.24882917360356e-10,"ENSG00000147044.25","CASK","8573","calcium/calmodulin dependent serine protein kinase"
512.4601329806,1.08871554137454,0.207440988115377,2.34081614258987e-08,1.85401775731271e-07,"ENSG00000147050.20","KDM6A","7403","lysine demethylase 6A"
228.695461520429,1.24662486479549,0.261772220621941,1.48104414903762e-07,1.02879197397789e-06,"ENSG00000204271.14","SPIN3","169981","spindlin family member 3"
250.382098760898,1.06560013808438,0.951359037192285,0.00290093549350475,0.00764314475402985,"ENSG00000230590.13","FTX","100302692","FTX transcript, XIST regulator"
30.7585718535666,1.12422866567253,0.337130295146874,0.000121426387521674,0.000473694996704206,"ENSG00000215105.4",NA,NA,NA
1774.32823182574,1.58804906693796,0.765887924049356,0.000229091340038005,0.000837756119214151,"ENSG00000085224.24","ATRX","546","ATRX chromatin remodeler"
287.499874298395,1.52793406899551,0.248621925806485,4.01304830946304e-11,4.53371560294721e-10,"ENSG00000165240.23","ATP7A","538","ATPase copper transporting alpha"
28.8316140365721,1.09466882963929,0.441434560836743,0.00189518818785957,0.00528398066262564,"ENSG00000293469.2","CHMP1B2P","101060146","charged multivesicular body protein 1B2, pseudogene"
806.555787935005,1.5324144081512,0.295634938979935,7.8895074829338e-09,6.74412942873183e-08,"ENSG00000165288.12","BRWD3","254065","bromodomain and WD repeat domain containing 3"
60.3202453254503,2.7411922528903,0.365602028896167,3.52416659844352e-15,6.03176172193092e-14,"ENSG00000072133.14","RPS6KA6","27330","ribosomal protein S6 kinase A6"
85.3793289456913,2.74546338296539,0.235812056467012,2.52145846852215e-32,1.50710895515814e-30,"ENSG00000147180.19","ZNF711","7552","zinc finger protein 711"
575.152475437318,1.03090680885471,0.29179102253407,4.37267867058818e-05,0.000189359948832183,"ENSG00000124429.20","POF1B","79983","POF1B actin binding protein"
48.3043807556344,2.48411736333419,0.313129054832524,1.00573577494676e-16,1.99864064245542e-15,"ENSG00000179083.9","FAM133A","286499","family with sequence similarity 133 member A"
180.368668840906,1.01810864252978,0.250956284126593,7.3110277076914e-06,3.76061902202499e-05,"ENSG00000102362.18","SYTL4","94121","synaptotagmin like 4"
36.8627282424122,2.4913175652496,0.263568007136797,3.27538593392854e-22,1.00817817339545e-20,"ENSG00000182489.10","XKRX","402415","XK related X-linked"
139.94465642971,2.56618027547003,0.316429367639738,7.00714293236029e-18,1.51340547843036e-16,"ENSG00000184867.16","ARMCX2","9823","armadillo repeat containing X-linked 2"
129.85087740935,1.10446465069398,0.434509001952805,0.000756519723614126,0.00239259447453926,"ENSG00000133138.22","TBC1D8B","54885","TBC1 domain family member 8B"
309.545608908703,1.24815825696577,0.41698325124312,0.000126280427818458,0.000490768769503134,"ENSG00000101888.14","NXT2","55916","nuclear transport factor 2 like export factor 2"
2866.36161236476,1.14672751748123,0.174200097854764,4.98182112667325e-12,6.17561604456819e-11,"ENSG00000068366.23","ACSL4","2182","acyl-CoA synthetase long chain family member 4"
9.31336553777594,1.75551360817217,0.50819974312751,4.99994892731607e-05,0.000214118890330856,"ENSG00000147251.18","DOCK11","139818","dedicator of cytokinesis 11"
13.8316909113641,1.21964395916983,0.422646599858679,0.00117129521320661,0.00348563170259729,"ENSG00000295510.1",NA,NA,NA
524.189507517758,1.79326076117268,0.310156642081973,1.24553234030479e-10,1.33569918079556e-09,"ENSG00000102038.18","SMARCA1","6594","SNF2 related chromatin remodeling ATPase 1"
376.22358708237,5.07919263396699,1.14945797879879,5.38386119512186e-12,6.65260604887614e-11,"ENSG00000147255.21","IGSF1","3547","immunoglobulin superfamily member 1"
10.4471094185754,1.40122346495952,0.522225805897335,0.000630431471325733,0.0020432710633279,"ENSG00000286964.1",NA,NA,NA
106.736354782251,1.14871292965718,0.324607506027109,3.94843526413825e-05,0.00017280759652308,"ENSG00000173275.15","ZNF449","203523","zinc finger protein 449"
20.9029551047839,1.61937401243587,0.816434007043235,0.00108896599936114,0.00327092806313754,"ENSG00000102243.15","VGLL1","51442","vestigial like family member 1"
720.943374691465,1.20555908908294,0.54821577940248,0.000875114112749364,0.00271533649451995,"ENSG00000101974.16","ATP11C","286410","ATPase phospholipid transporting 11C (ATP11C blood group)"
33.0520137402745,1.57441132138392,0.582424595019635,0.000307180978511459,0.0010852320434422,"ENSG00000235703.8","EOLA2-DT","100272228","EOLA2 divergent transcript"
278.53766023131,1.20775908243755,0.573794467218149,0.00108754669670243,0.00326857486062137,"ENSG00000102287.20","GABRE","2564","gamma-aminobutyric acid type A receptor subunit epsilon"
175.865760976762,1.20921912706103,0.222631781123148,6.35730608622768e-09,5.49529244146396e-08,"ENSG00000011677.15","GABRA3","2556","gamma-aminobutyric acid type A receptor subunit alpha3"
33.5717215605995,2.24502218952888,0.395755203774142,2.84078654098057e-09,2.59986761118465e-08,"ENSG00000268089.4","GABRQ","55879","gamma-aminobutyric acid type A receptor subunit theta"
72.7694537737321,2.17253860018621,0.247011585085713,1.57491449860674e-19,3.92354708933999e-18,"ENSG00000198910.16","L1CAM","3897","L1 cell adhesion molecule"
77.5507426582256,2.7820129549125,0.326190602617119,1.44013088950096e-18,3.34461723599313e-17,"ENSG00000067646.14","ZFY","7544","zinc finger protein Y-linked"
49.332119363733,1.75165012943177,0.337302232577493,3.00162032944766e-08,2.33071435550918e-07,"ENSG00000293442.2","PRKY","5616","protein kinase Y-linked (pseudogene)"
257.662268708758,1.20916325803816,0.330060478131874,3.76176522143863e-05,0.000165790744440712,"ENSG00000114374.15","USP9Y","8287","ubiquitin specific peptidase 9 Y-linked"
