"ID","Description","setSize","enrichmentScore","NES","pvalue","p.adjust","qvalue","rank","leading_edge","core_enrichment","log2err"
"GO:0042254","ribosome biogenesis",319,-0.596014617389246,-2.85042420437563,1e-10,3.6725e-08,2.4257062165389e-08,2391,"tags=41%, list=17%, signal=35%","23246/6227/5822/387338/51504/79863/55695/27349/10775/23076/57418/51729/10171/5394/10813/57455/51547/115416/8225/23016/9816/51013/10969/2197/6205/1029/6223/55505/55661/22907/10528/91582/9092/55011/55352/54552/10436/29777/4809/56902/114049/6217/26168/54059/2257/23404/27043/6839/3669/3692/55651/54853/27341/10248/51042/85395/51116/55178/79039/708/84881/65095/81554/56342/84916/115939/90121/11157/64794/26284/50628/27079/7284/88745/23212/26574/64745/54606/79084/54433/10607/51367/51550/161424/54555/54913/79050/9277/57109/317781/57602/705/84306/8568/5901/113000/10514/9136/55272/90441/6838/118460/51491/51335/9775/79922/54663/84769/8602/117246/22984/10419/26155/5036/4706/9875/23481/51154/57647/92856/81875/6949/2091/64763/56915/26164/55794/81887/28987/65083/83743",NA
"GO:0006364","rRNA processing",231,-0.602273498811995,-2.76778893788511,1e-10,3.6725e-08,2.4257062165389e-08,2391,"tags=42%, list=17%, signal=35%","23246/6227/5822/387338/51504/79863/55695/10775/23076/57418/51729/10171/5394/10813/57455/51547/23016/51013/10969/1029/6223/55505/55661/10528/9092/55011/55352/10436/29777/4809/56902/114049/6217/26168/54059/23404/27043/6839/3669/3692/55651/54853/27341/10248/85395/55178/79039/84881/65095/56342/84916/115939/90121/11157/50628/27079/88745/23212/26574/54606/79084/54433/10607/51367/161424/54555/54913/79050/9277/57109/317781/57602/705/8568/113000/9136/55272/118460/9775/79922/54663/8602/117246/22984/10419/5036/9875/23481/51154/57647/92856/2091/56915/81887/28987/65083",NA
"GO:0016072","rRNA metabolic process",281,-0.575838452648841,-2.70326707090483,1e-10,3.6725e-08,2.4257062165389e-08,2391,"tags=40%, list=17%, signal=34%","23246/6227/5822/387338/51504/79863/55695/9328/10775/23076/57418/51729/4141/10171/5394/10813/57455/51547/23016/4609/51013/10969/284119/5434/1029/6223/55505/64425/55661/5435/10528/9092/55011/55352/10436/29777/4809/56902/114049/6217/26168/54059/1663/23404/27043/6839/3669/3692/55651/54853/27341/10248/85395/55178/79039/84881/65095/56342/84916/115939/90121/11157/50628/10849/27079/88745/23212/26574/54606/79084/54433/162989/10607/51367/161424/54555/54913/79050/9277/57109/317781/9533/57602/705/8568/5441/113000/9136/55272/25885/118460/9775/79922/54663/55506/2975/9555/8602/117246/22984/10419/5036/9875/23481/51154/57647/92856/6949/2091/56915/81887/28987/65083",NA
"GO:0000387","spliceosomal snRNP assembly",69,-0.690370712963241,-2.62411427038901,1e-10,3.6725e-08,2.4257062165389e-08,3011,"tags=68%, list=21%, signal=54%","9410/25804/57819/23020/25929/9128/10291/10907/6632/6637/10594/8175/9129/6626/10713/51690/10992/9733/83443/9092/6627/4809/84844/7375/6636/11157/79833/6631/6628/50628/79084/10262/10078/27339/9416/10421/24148/54496/79760/25980/9343/6625/10419/26121/23450/79171/6633",NA
"GO:0030490","maturation of SSU-rRNA",69,-0.679813214474671,-2.58398498633443,1e-10,3.6725e-08,2.4257062165389e-08,2370,"tags=49%, list=17%, signal=41%","6227/5822/51504/10171/10813/6223/10528/10436/29777/4809/56902/6217/27341/85395/65095/84916/115939/90121/11157/88745/23212/26574/10607/161424/79050/9277/9136/55272/8602/57647/92856/2091/28987/65083",NA
"GO:0032543","mitochondrial translation",127,-0.604613488987629,-2.56260373373699,1e-10,3.6725e-08,2.4257062165389e-08,2702,"tags=50%, list=19%, signal=41%","5018/285367/51373/6472/84545/51253/57505/64928/8846/51067/118487/80222/115416/124995/5188/51649/28973/740/65003/64981/26589/128308/116541/122704/90480/64975/79590/7818/23438/10573/78988/51073/51116/51204/708/23107/84881/64963/64976/29093/7284/28958/51264/54938/63875/26995/29074/64979/54998/54948/219927/3396/65993/23395/6182/65005/51258/51335/51081/84769/124454/6183/26164/55052",NA
"GO:0042273","ribosomal large subunit biogenesis",75,-0.648630072882134,-2.52771810355164,1e-10,3.6725e-08,2.4257062165389e-08,2391,"tags=40%, list=17%, signal=33%","23246/387338/51504/57418/115416/8225/10969/22907/26168/27043/3692/55178/81554/56342/7284/23212/51550/90441/6838/51491/54663/117246/26155/4706/9875/23481/51154/26164/55794/81887",NA
"GO:0042274","ribosomal small subunit biogenesis",109,-0.588212317346686,-2.44630912430509,1e-10,3.6725e-08,2.4257062165389e-08,2473,"tags=41%, list=17%, signal=34%","6193/6227/5822/51504/79863/27349/10171/5394/10813/2197/6205/6223/10528/91582/10436/29777/4809/56902/6217/27341/85395/65095/81554/84916/115939/90121/11157/26284/88745/23212/26574/64745/10607/161424/79050/9277/9136/55272/6838/8602/57647/92856/2091/28987/65083",NA
"GO:0140053","mitochondrial gene expression",167,-0.545945209128066,-2.42994350921312,1e-10,3.6725e-08,2.4257062165389e-08,2702,"tags=46%, list=19%, signal=38%","5018/285367/51373/6472/84545/51253/57505/64928/84705/8846/51067/118487/80222/115416/84148/9238/124995/5442/5188/51649/28973/740/65003/64981/26589/128308/55687/116541/122704/90480/6832/64975/79590/7818/23438/10573/78988/51073/51116/51204/3028/708/23107/84881/10922/64963/64976/29093/7284/28958/51264/54938/63875/26995/29074/56652/64979/54998/54948/219927/60528/3396/81892/65993/23395/6182/80324/65005/51258/51335/51654/51081/84769/124454/6183/26164/55052",NA
"GO:0006119","oxidative phosphorylation",110,-0.583491585455259,-2.4215961493548,1e-10,3.6725e-08,2.4257062165389e-08,3313,"tags=62%, list=23%, signal=48%","6389/4695/1349/4702/4708/387/4724/84275/1716/215/4710/84300/4709/440567/54539/4720/54949/4722/4713/6472/1329/126328/374291/51103/51142/27089/513/7384/1351/4728/65990/4723/10632/4694/29796/30968/506/4726/9377/84277/4712/4717/522/65018/23479/4705/10476/521/891/790955/1337/1327/4696/9551/4697/4700/7415/4731/11315/10975/4716/6390/10105/9555/4706/1340/7386/514",NA
"GO:0042773","ATP synthesis coupled electron transport",74,-0.614006972921055,-2.41186295608534,3.67473110782258e-09,7.71168571055909e-07,5.09361033848806e-07,3795,"tags=72%, list=27%, signal=53%","7388/9167/6391/6622/7385/6389/4695/1349/4702/4708/4724/1716/4710/4709/440567/4720/54949/4722/4713/1329/126328/374291/51103/51142/27089/7384/1351/4728/4723/4694/29796/4726/9377/4712/4717/65018/23479/4705/891/790955/1337/1327/4696/4697/4700/4731/11315/10975/4716/6390/4706/1340/7386",0.774939030136436
"GO:0042775","mitochondrial ATP synthesis coupled electron transport",74,-0.614006972921055,-2.41186295608534,3.67473110782258e-09,7.71168571055909e-07,5.09361033848806e-07,3795,"tags=72%, list=27%, signal=53%","7388/9167/6391/6622/7385/6389/4695/1349/4702/4708/4724/1716/4710/4709/440567/4720/54949/4722/4713/1329/126328/374291/51103/51142/27089/7384/1351/4728/4723/4694/29796/4726/9377/4712/4717/65018/23479/4705/891/790955/1337/1327/4696/4697/4700/4731/11315/10975/4716/6390/4706/1340/7386",0.774939030136436
"GO:0000462","maturation of SSU-rRNA from tricistronic rRNA transcript (SSU-rRNA, 5.8S rRNA, LSU-rRNA)",30,-0.731268143504057,-2.41160618635348,2.39066939968506e-07,3.51189334813735e-05,2.31962464980215e-05,2370,"tags=57%, list=17%, signal=47%","6227/5822/10171/6223/29777/6217/85395/65095/84916/90121/88745/23212/10607/161424/9277/8602/57647",0.674962860011025
"GO:0015986","proton motive force-driven ATP synthesis",63,-0.627413744302486,-2.39508021805265,1.02621177938704e-08,1.94516787602524e-06,1.2847939575456e-06,3350,"tags=67%, list=24%, signal=51%","517/6389/4695/4702/4708/4724/4710/4709/54539/4720/4722/4713/126328/374291/513/4728/65990/4723/518/10632/4694/30968/506/4726/84277/4712/4717/84833/9556/522/4705/10476/521/4696/9551/4700/4731/516/4716/6390/4706/514",0.747739663149885
"GO:0009145","purine nucleoside triphosphate biosynthetic process",90,-0.59087033213893,-2.39175668236302,4.52748103972526e-10,1.22635892861209e-07,8.10016739780079e-08,3350,"tags=61%, list=24%, signal=47%","517/6389/4695/4702/4708/4832/4724/4710/226/4709/54539/4720/4722/4713/126328/374291/513/4728/65990/4723/518/10632/4694/30968/506/4726/84277/7040/4712/10201/4717/84833/9556/522/65018/4705/3614/10476/521/790955/4696/9551/4700/7415/4731/516/5604/142/4716/2023/6390/4830/56848/4706/514",0.814035837847908
"GO:0009206","purine ribonucleoside triphosphate biosynthetic process",90,-0.59087033213893,-2.39175668236302,4.52748103972526e-10,1.22635892861209e-07,8.10016739780079e-08,3350,"tags=61%, list=24%, signal=47%","517/6389/4695/4702/4708/4832/4724/4710/226/4709/54539/4720/4722/4713/126328/374291/513/4728/65990/4723/518/10632/4694/30968/506/4726/84277/7040/4712/10201/4717/84833/9556/522/65018/4705/3614/10476/521/790955/4696/9551/4700/7415/4731/516/5604/142/4716/2023/6390/4830/56848/4706/514",0.814035837847908
"GO:0009201","ribonucleoside triphosphate biosynthetic process",96,-0.581111296182653,-2.3661899196283,2.4956209555155e-10,8.18482599149598e-08,5.4061220664019e-08,3350,"tags=60%, list=24%, signal=46%","517/6389/4695/4702/4708/4832/4724/4710/226/4709/54539/4720/4722/4713/126328/374291/513/4728/65990/4723/518/10632/4694/30968/506/4726/84277/7040/4712/10201/4717/84833/9556/522/65018/790/4705/3614/10476/521/790955/4696/9551/4700/7415/4731/1503/516/5604/142/4716/2023/6390/4830/56848/7371/4706/514",0.814035837847908
"GO:0009260","ribonucleotide biosynthetic process",136,-0.543355560425102,-2.35871536013036,1e-10,3.6725e-08,2.4257062165389e-08,3350,"tags=54%, list=24%, signal=42%","517/6389/4695/107/4702/4708/4832/4724/9060/4710/226/4709/203/54539/4720/4722/4713/2987/126328/374291/513/4728/65990/4723/518/10632/4694/271/30968/506/4726/84277/7040/978/4712/10201/4717/109/84833/9556/522/204/65018/790/4705/3614/10476/521/790955/4696/9551/353/4700/2618/7415/4731/1503/516/5604/142/111/4716/1723/2023/6390/4830/56848/7371/471/4706/7378/514/4923/5198",NA
"GO:0006754","ATP biosynthetic process",82,-0.590740093435489,-2.35759234987168,6.93865698999973e-09,1.35905161577461e-06,8.97660981070585e-07,3350,"tags=62%, list=24%, signal=48%","517/6389/4695/4702/4708/4724/4710/226/4709/54539/4720/4722/4713/126328/374291/513/4728/65990/4723/518/10632/4694/30968/506/4726/84277/7040/4712/4717/84833/9556/522/65018/4705/10476/521/790955/4696/9551/4700/7415/4731/516/5604/142/4716/2023/6390/56848/4706/514",0.761460801445585
"GO:0000244","spliceosomal tri-snRNP complex assembly",37,-0.700171460338492,-2.35597262983559,6.1297546763947e-08,1.12557620245298e-05,7.43449201219452e-06,3011,"tags=73%, list=21%, signal=58%","9410/25804/57819/23020/9128/6632/6637/10594/9129/10713/51690/9733/9092/4809/7375/6636/11157/6628/10078/27339/9416/10421/24148/25980/9343/26121/6633",0.704975715167238
"GO:0009142","nucleoside triphosphate biosynthetic process",102,-0.568359987580596,-2.35346478383501,9.90967351307024e-10,2.32916966251203e-07,1.53842922524962e-07,3350,"tags=60%, list=24%, signal=46%","517/6389/4695/4702/4708/4832/4724/4710/226/4709/203/54539/4720/4722/4713/126328/374291/513/4728/65990/4723/518/10632/4694/30968/506/4726/84277/7040/4712/10201/4717/84833/9556/522/65018/790/4705/3614/10476/521/790955/4696/1841/9551/4700/7415/4731/1503/516/5604/142/4716/2023/6390/4830/56848/7371/7298/4706/514",0.788186810800237
"GO:0046390","ribose phosphate biosynthetic process",141,-0.538479363834948,-2.35344483871623,1e-10,3.6725e-08,2.4257062165389e-08,3350,"tags=54%, list=24%, signal=42%","517/6389/4695/107/4702/4708/4832/4724/9060/4710/226/4709/203/54539/4720/4722/4713/2987/126328/374291/513/4728/65990/4723/518/10632/4694/271/30968/506/4726/84277/7040/978/4712/10201/4717/5631/109/84833/9556/522/204/65018/790/4705/3614/10476/521/790955/4696/9551/353/4700/2618/7415/4731/5635/1503/516/5604/142/111/4716/1723/2023/6390/4830/56848/7371/471/4706/7378/514/4923/5198",NA
"GO:0019646","aerobic electron transport chain",69,-0.617318668040674,-2.3464418402542,6.58053786192233e-09,1.33335311988468e-06,8.80686984818461e-07,3795,"tags=72%, list=27%, signal=53%","7388/9167/6391/6622/7385/6389/4695/1349/4702/4708/4724/4710/4709/440567/4720/54949/4722/4713/1329/126328/374291/51103/27089/7384/1351/4728/4723/4694/29796/4726/9377/4712/4717/65018/23479/4705/790955/1337/1327/4696/4697/4700/4731/11315/10975/4716/6390/4706/1340/7386",0.761460801445585
"GO:0009152","purine ribonucleotide biosynthetic process",121,-0.557384336037516,-2.34609871979716,1e-10,3.6725e-08,2.4257062165389e-08,3350,"tags=56%, list=24%, signal=43%","517/6389/4695/107/4702/4708/4832/4724/9060/4710/226/4709/203/54539/4720/4722/4713/2987/126328/374291/513/4728/65990/4723/518/10632/4694/271/30968/506/4726/84277/7040/4712/10201/4717/109/84833/9556/522/204/65018/4705/3614/10476/521/790955/4696/9551/353/4700/2618/7415/4731/516/5604/142/111/4716/2023/6390/4830/56848/471/4706/514/4923/5198",NA
"GO:0042776","proton motive force-driven mitochondrial ATP synthesis",57,-0.620517339509047,-2.3414186148733,8.8763965451947e-08,1.45643265261208e-05,9.61981685340056e-06,3313,"tags=65%, list=23%, signal=50%","6389/4695/4702/4708/4724/4710/4709/54539/4720/4722/4713/126328/374291/513/4728/65990/4723/10632/4694/30968/506/4726/84277/4712/4717/522/4705/10476/521/4696/9551/4700/4731/4716/6390/4706/514",0.704975715167238
"GO:0006353","DNA-templated transcription termination",45,-0.649678915121508,-2.32443607349013,8.40795324010133e-07,0.000105330602023329,6.95714352946968e-05,1906,"tags=47%, list=13%, signal=41%","284119/5434/27297/64425/5435/661/80742/5430/10849/171568/9533/5514/80335/5441/25885/51728/55718/11128/23211/10419/29101",0.659444398037935
"GO:0000393","spliceosomal conformational changes to generate catalytic conformation",39,-0.666694019592266,-2.31249241875116,6.43450100329916e-07,8.40202842119685e-05,5.54958545209905e-05,3011,"tags=69%, list=21%, signal=55%","9410/55702/23020/9128/6632/10081/6637/10594/9129/56949/79005/10713/10992/83443/9092/4809/84844/6636/6628/79622/10262/9416/24148/9343/26121/23450/6633",0.659444398037935
"GO:0022618","protein-RNA complex assembly",217,-0.504793947613011,-2.3101353939808,1e-10,3.6725e-08,2.4257062165389e-08,2482,"tags=39%, list=18%, signal=33%","9128/10291/10907/23246/5822/387338/79863/6632/10081/6637/27349/8668/28985/10594/8175/9129/6626/115416/8225/56949/79005/2197/10713/51690/10992/6223/22907/9733/83443/9092/55011/29777/6627/4809/728689/6895/84844/3692/8663/8666/27341/7375/55178/100101490/81554/7536/6636/11157/26284/79833/6631/6628/50628/7284/23212/64745/79084/6433/79622/10262/10078/27339/8662/9416/10421/8665/11338/24148/8607/54496/79760/25980/9343/6625/10419/4706/26121/10856/51154/23450/27335/79171/26164/55794/6633",NA
"GO:0042255","ribosome assembly",63,-0.601832894030626,-2.29742824755715,1.49443670172125e-07,2.25161796392668e-05,1.48720590670323e-05,2391,"tags=46%, list=17%, signal=38%","23246/5822/387338/79863/27349/115416/8225/2197/6223/22907/29777/3692/27341/51116/55178/708/81554/26284/7284/23212/64745/51335/84769/4706/51154/57647/64763/26164/55794",0.690132458796796
"GO:0000466","maturation of 5.8S rRNA from tricistronic rRNA transcript (SSU-rRNA, 5.8S rRNA, LSU-rRNA)",31,-0.705947609382378,-2.28353433771746,5.21077567165735e-07,7.29012329682347e-05,4.81516607227768e-05,2391,"tags=58%, list=17%, signal=48%","23246/6227/57418/10171/5394/23016/29777/26168/23404/27043/65095/23212/161424/8602/117246/9875/23481/81887",0.659444398037935
"GO:0000388","spliceosome conformational change to release U4 (or U4atac) and U1 (or U11)",35,-0.688142374218885,-2.28052944656027,8.42501411691024e-07,0.000105330602023329,6.95714352946968e-05,2482,"tags=66%, list=18%, signal=54%","9128/6632/10081/6637/10594/9129/79005/10713/10992/83443/9092/4809/84844/6636/6628/79622/10262/9416/24148/9343/26121/23450/6633",0.659444398037935
"GO:0006164","purine nucleotide biosynthetic process",146,-0.519633223510367,-2.27731412615206,2.50726459916487e-10,8.18482599149598e-08,5.4061220664019e-08,3350,"tags=52%, list=24%, signal=40%","517/6389/4695/107/4702/4708/349565/4832/4724/1716/9060/4710/226/4709/203/54539/4720/4722/4713/2987/126328/374291/513/4728/65990/4723/518/10632/4694/271/30968/506/4726/65220/84277/7040/4712/10201/4717/5631/109/84833/9556/522/204/65018/4705/3614/10476/521/790955/4696/9551/353/4700/4522/2618/7415/4731/5635/516/5604/142/111/4716/2023/6390/4830/56848/100/471/4706/4860/514/4923/5198",0.814035837847908
"GO:0000479","endonucleolytic cleavage of tricistronic rRNA transcript (SSU-rRNA, 5.8S rRNA, LSU-rRNA)",22,-0.736945165680717,-2.26010850956943,1.34967363068308e-05,0.00111699750054842,0.000737782921971061,2391,"tags=59%, list=17%, signal=49%","23246/6227/57418/10171/29777/26168/27043/65095/23212/10607/161424/8602/81887",0.593325476396405
"GO:0006120","mitochondrial electron transport, NADH to ubiquinone",39,-0.648178784996523,-2.24827054428431,1.95182503331901e-06,0.0002285074898378,0.0001509304393806,3280,"tags=72%, list=23%, signal=55%","4695/4702/4708/4724/4710/4709/4720/4722/4713/126328/374291/51103/4728/4723/4694/4726/4712/4717/65018/23479/4705/4696/4697/4700/4731/11315/4716/4706",0.627256739718528
"GO:0000027","ribosomal large subunit assembly",25,-0.719884627917091,-2.2453362993858,5.24049913185046e-06,0.000504806113094316,0.000333427182213676,2721,"tags=60%, list=19%, signal=49%","29997/23246/387338/115416/8225/22907/3692/55178/81554/7284/23212/4706/51154/26164/55794",0.610526878385931
"GO:0000460","maturation of 5.8S rRNA",41,-0.638050596982618,-2.24125366850481,2.53927654756336e-06,0.000271287072608769,0.000179186586383589,2391,"tags=46%, list=17%, signal=39%","23246/6227/57418/10171/5394/23016/29777/26168/23404/27043/3692/65095/23212/161424/8602/117246/9875/23481/81887",0.627256739718528
"GO:0006399","tRNA metabolic process",203,-0.48839315490673,-2.23381579263405,1e-10,3.6725e-08,2.4257062165389e-08,2560,"tags=38%, list=18%, signal=32%","207/57505/138716/23587/79042/64118/51504/84705/81605/6301/8846/9328/51067/10775/80222/4141/55644/5394/8270/113179/10056/27037/23016/54859/5188/5434/10940/5435/339175/661/55687/90353/10667/26024/3735/112858/23438/7407/6050/23404/55140/10248/3028/56931/84881/2193/11157/283989/54938/26995/92935/51367/16/54913/348180/51493/60528/81890/126789/10785/5441/23395/79587/27304/80324/54920/11128/51654/115708/2975/3035/7453/124454/57470/4234/55621/7965",NA
"GO:0061668","mitochondrial ribosome assembly",25,-0.714518023726376,-2.22859774055768,7.83830063040507e-06,0.000719653976629065,0.000475335364156859,2357,"tags=68%, list=17%, signal=57%","387338/79863/27349/115416/8225/22907/51116/55178/81554/26284/7284/64745/51335/84769/4706/26164/55794",0.593325476396405
"GO:0071826","protein-RNA complex organization",226,-0.486333777081503,-2.22715680239118,1e-10,3.6725e-08,2.4257062165389e-08,2482,"tags=38%, list=18%, signal=32%","9128/10291/10907/23246/5822/387338/79863/6632/10081/6637/27349/8668/28985/10594/8175/9129/6626/115416/8225/56949/79005/2197/10713/51690/10992/6223/22907/9733/83443/9092/55011/29777/6627/4809/728689/6895/84844/3692/8663/8666/27341/7375/55178/100101490/81554/7536/6636/11157/26284/79833/6631/6628/50628/7284/23212/7415/64745/79084/6433/79622/10262/10078/27339/24144/8662/9416/10421/8665/11338/24148/8607/54496/79760/25980/9343/6625/10419/4706/26121/10856/51154/23450/27335/79171/26164/55794/6633",NA
"GO:0022900","electron transport chain",98,-0.536166087646722,-2.20736808563934,8.67449197643088e-08,1.45643265261208e-05,9.61981685340056e-06,3795,"tags=64%, list=27%, signal=47%","7388/10202/9167/6391/6622/3052/7385/2230/84883/6389/4695/1349/4702/4708/4724/1716/4710/4709/440567/54539/4720/54949/4722/4713/1329/126328/374291/51103/1534/51142/27089/7384/1351/4728/4723/4694/55572/29796/4726/9377/4712/4717/65018/27158/23479/4705/891/790955/1337/1327/4696/4697/4700/4731/2109/283951/11315/10975/4716/6390/4706/1340/7386",0.704975715167238
"GO:0048025","negative regulation of mRNA splicing, via spliceosome",26,-0.697264528356075,-2.19458697355101,1.39338447217961e-05,0.00113715654979547,0.000751098083598855,2764,"tags=62%, list=20%, signal=50%","23020/10284/6632/6637/10594/22985/708/6636/5725/6628/6433/11338/25980/9343/10921/6633",0.593325476396405
"GO:0050686","negative regulation of mRNA processing",27,-0.677942984776275,-2.1853129183408,1.92925794138239e-05,0.00147224930695622,0.00097242867152588,2764,"tags=59%, list=20%, signal=48%","23020/10284/6632/6637/10594/22985/708/6636/5725/6628/6433/11338/25980/9343/10921/6633",0.575610261071129
"GO:0022904","respiratory electron transport chain",91,-0.537327398548266,-2.18240882188221,1.19169349695979e-07,1.89253810490154e-05,1.25003170758242e-05,3795,"tags=65%, list=27%, signal=48%","7388/9167/6391/6622/3052/7385/84883/6389/4695/1349/4702/4708/4724/1716/4710/4709/440567/54539/4720/54949/4722/4713/1329/126328/374291/51103/51142/27089/7384/1351/4728/4723/4694/55572/29796/4726/9377/4712/4717/65018/23479/4705/891/790955/1337/1327/4696/4697/4700/4731/2109/283951/11315/10975/4716/6390/4706/1340/7386",0.704975715167238
"GO:0043247","telomere maintenance in response to DNA damage",30,-0.654273608880232,-2.15769044058547,5.78413942643504e-05,0.00424845040871654,0.00280612459280625,2565,"tags=57%, list=18%, signal=46%","51750/5499/10445/64858/1017/29844/7014/328/10459/65057/125476/2067/24144/54386/8607/10856/7515",0.557332238758646
"GO:0009165","nucleotide biosynthetic process",177,-0.4809434430128,-2.15080247989615,2.49188522306491e-09,5.6316606041267e-07,3.71974244707076e-07,3350,"tags=51%, list=24%, signal=39%","517/6389/4695/107/4702/4708/349565/4832/4724/1716/9060/4710/226/1635/4709/203/54539/4720/4722/4713/2987/126328/374291/1854/513/4728/65990/4723/518/10632/4694/271/30968/506/4726/65220/84277/7040/978/4712/10201/4717/5631/109/3735/84833/9556/522/204/65018/7083/790/4705/3614/10476/521/790955/4696/1841/9551/353/4700/4522/2618/7415/6241/4731/5635/1503/516/5604/80308/142/111/4716/1723/2023/6390/4830/56848/7371/100/7298/471/4706/4860/7378/514/4923/5198",0.774939030136436
"GO:0000154","rRNA modification",38,-0.629725930381844,-2.13744262779622,1.28057040315903e-05,0.00108124836306683,0.000714170422304622,2643,"tags=50%, list=19%, signal=41%","285367/387338/51504/55695/55505/10528/10436/4809/114049/55651/55178/84881/115939/27079/54433/113000/79922/117246/2091",0.593325476396405
"GO:0043038","amino acid activation",47,-0.598153756463284,-2.10407638847856,8.83296581222774e-06,0.000774664285263436,0.000511669972088273,2264,"tags=45%, list=16%, signal=38%","6301/51067/80222/4141/10056/5188/10667/3735/23438/7407/2193/54938/92935/16/23395/79587/3035/7453/124454/57470/7965",0.593325476396405
"GO:0043039","tRNA aminoacylation",47,-0.598153756463284,-2.10407638847856,8.83296581222774e-06,0.000774664285263436,0.000511669972088273,2264,"tags=45%, list=16%, signal=38%","6301/51067/80222/4141/10056/5188/10667/3735/23438/7407/2193/54938/92935/16/23395/79587/3035/7453/124454/57470/7965",0.593325476396405
"GO:0006418","tRNA aminoacylation for protein translation",44,-0.598389608132352,-2.10016454540114,1.41968929861901e-05,0.00114275264639524,0.0007547943358277,2264,"tags=45%, list=16%, signal=38%","6301/51067/80222/4141/10056/10667/3735/23438/7407/2193/54938/92935/16/23395/79587/3035/7453/124454/57470/7965",0.593325476396405
"GO:0006386","termination of RNA polymerase III transcription",17,-0.731510119121629,-2.08734887255823,0.000149015926630161,0.00995019982816846,0.00657216108345611,1901,"tags=59%, list=13%, signal=51%","5434/27297/5435/661/171568/9533/5441/51728/55718/11128",0.518848077743792
"GO:0009451","RNA modification",168,-0.463834191951527,-2.05715113780945,8.92300467903926e-08,1.45643265261208e-05,9.61981685340056e-06,2643,"tags=35%, list=19%, signal=29%","285367/54733/207/27350/23587/64118/387338/51504/84705/6632/55695/81605/6637/6301/8846/55644/54859/55505/339175/10528/55687/90353/10436/26024/4809/114049/55140/55651/55178/3028/56931/84881/6636/115939/6628/27079/56339/26995/23210/54433/16/348180/81890/126789/10785/113000/27304/3182/80324/54920/51654/56257/79922/115708/117246/4234/2091/55621/6633",0.704975715167238
"GO:0042790","nucleolar large rRNA transcription by RNA polymerase I",30,-0.621987134692109,-2.05121477693284,0.000290830271993302,0.0165084091904844,0.0109038940227436,2721,"tags=57%, list=19%, signal=46%","29997/6598/2475/4141/51547/5434/64425/5435/55011/1663/10849/9533/5441/25885/55506/9555/6949",0.49849310876659
"GO:0071357","cellular response to type I interferon",95,-0.499957149160613,-2.0469507362167,2.76034974007402e-06,0.000287798644646959,0.000190092569484438,2760,"tags=40%, list=20%, signal=32%","5686/11274/90933/10581/3429/5721/7979/23170/4938/9470/3654/5770/5691/5692/58509/5689/5709/8772/4940/5693/5694/8638/5695/56339/5710/5702/201292/5717/9636/11140/5708/5705/11047/79594/5688/5704/5714/3661",0.627256739718528
"GO:1903241","U2-type prespliceosome assembly",25,-0.653720981261179,-2.03897040160841,0.000254381540135393,0.0149474592983557,0.00987287813246662,2465,"tags=52%, list=17%, signal=43%","10291/6632/6637/8175/10992/83443/6627/84844/6636/6628/10262/23450/6633",0.49849310876659
"GO:0030150","protein import into mitochondrial matrix",23,-0.669011745252306,-2.02636060632779,0.000171339654001961,0.0108257183539303,0.00715044582971493,2497,"tags=48%, list=18%, signal=39%","10245/140823/10953/56993/10469/100287932/84134/25813/80273/10452/92609",0.518848077743792
"GO:1902775","mitochondrial large ribosomal subunit assembly",14,-0.75915666245522,-2.02422233348669,9.87905706209664e-05,0.00707918771913169,0.00467584197640397,2357,"tags=71%, list=17%, signal=60%","387338/115416/8225/22907/55178/81554/7284/4706/26164/55794",0.538434096309916
"GO:0000470","maturation of LSU-rRNA",32,-0.610786778271361,-2.02286887693562,0.00016397970322868,0.0105537931226679,0.00697083773607105,2391,"tags=34%, list=17%, signal=29%","23246/51504/57418/26168/27043/3692/56342/117246/9875/23481/81887",0.518848077743792
"GO:0016226","iron-sulfur cluster assembly",26,-0.641825066557144,-2.02009549185831,0.000315304398946607,0.0171548948908358,0.01133090134262,2606,"tags=58%, list=18%, signal=47%","84191/64210/51218/64428/9054/9391/51647/27158/57128/23479/10101/4682/388962/57019/4706",0.49849310876659
"GO:0031163","metallo-sulfur cluster assembly",26,-0.641825066557144,-2.02009549185831,0.000315304398946607,0.0171548948908358,0.01133090134262,2606,"tags=58%, list=18%, signal=47%","84191/64210/51218/64428/9054/9391/51647/27158/57128/23479/10101/4682/388962/57019/4706",0.49849310876659
"GO:0000966","RNA 5'-end processing",39,-0.58178354943871,-2.01797227497849,0.000105336314666236,0.00745730343347957,0.00492558946145903,2498,"tags=44%, list=18%, signal=36%","138716/6632/6637/10775/23070/10940/29777/10248/3028/6636/6628/10607/51367/161424/54913/8602/6633",0.538434096309916
"GO:0001522","pseudouridine synthesis",18,-0.692764510847431,-2.01077320583678,0.000730414385070082,0.0346122171505791,0.0228615576066315,1765,"tags=56%, list=12%, signal=49%","55505/55651/84881/115939/27079/26995/54433/126789/113000/80324",0.477270815362862
"GO:0000375","RNA splicing, via transesterification reactions",301,-0.421629787700109,-2.00453697493738,5.83203997014471e-10,1.42787778602376e-07,9.43121040712225e-08,3011,"tags=37%, list=21%, signal=29%","9410/80011/9588/7307/6427/25804/28960/8241/57819/55702/22794/23020/4116/25929/9128/10284/10291/10432/10907/79637/6632/10081/6637/8449/10594/8175/23759/9129/56259/3183/6626/26528/56949/3609/79005/10713/51690/10465/1659/10992/199746/8570/9733/83443/55147/9092/51428/6627/4809/22913/22985/58509/84844/7375/708/221092/10212/3190/26017/7536/3191/6636/5725/55280/11157/3312/10084/79706/8220/79833/6631/6628/50628/60625/56339/79084/23210/29115/6433/4670/9904/79622/55696/23524/10262/10078/27339/24144/9416/10421/11338/24148/8896/54496/79760/9775/25980/9343/984/6625/3185/10419/26121/23450/79171/3006/10921/9785/6633/11100",0.801215574617779
"GO:0000377","RNA splicing, via transesterification reactions with bulged adenosine as nucleophile",297,-0.422424738574394,-2.00029179445069,4.5915412575674e-10,1.22635892861209e-07,8.10016739780079e-08,3011,"tags=37%, list=21%, signal=30%","9410/80011/9588/7307/6427/25804/28960/8241/57819/55702/22794/23020/4116/25929/9128/10284/10291/10432/10907/79637/6632/10081/6637/8449/10594/8175/23759/9129/56259/3183/6626/26528/56949/3609/79005/10713/51690/10465/1659/10992/199746/9733/83443/55147/9092/51428/6627/4809/22913/22985/58509/84844/7375/708/221092/10212/3190/26017/7536/3191/6636/5725/55280/11157/3312/10084/79706/8220/79833/6631/6628/50628/60625/56339/79084/23210/29115/6433/4670/9904/79622/55696/23524/10262/10078/27339/24144/9416/10421/11338/24148/8896/54496/79760/9775/25980/9343/984/6625/3185/10419/26121/23450/79171/3006/10921/9785/6633/11100",0.814035837847908
"GO:0000398","mRNA splicing, via spliceosome",297,-0.422424738574394,-2.00029179445069,4.5915412575674e-10,1.22635892861209e-07,8.10016739780079e-08,3011,"tags=37%, list=21%, signal=30%","9410/80011/9588/7307/6427/25804/28960/8241/57819/55702/22794/23020/4116/25929/9128/10284/10291/10432/10907/79637/6632/10081/6637/8449/10594/8175/23759/9129/56259/3183/6626/26528/56949/3609/79005/10713/51690/10465/1659/10992/199746/9733/83443/55147/9092/51428/6627/4809/22913/22985/58509/84844/7375/708/221092/10212/3190/26017/7536/3191/6636/5725/55280/11157/3312/10084/79706/8220/79833/6631/6628/50628/60625/56339/79084/23210/29115/6433/4670/9904/79622/55696/23524/10262/10078/27339/24144/9416/10421/11338/24148/8896/54496/79760/9775/25980/9343/984/6625/3185/10419/26121/23450/79171/3006/10921/9785/6633/11100",0.814035837847908
"GO:0016556","mRNA modification",22,-0.65220966627269,-2.00023649711407,0.000663224129915593,0.0327487814065885,0.0216307481666536,1641,"tags=45%, list=12%, signal=40%","10528/4809/84881/27079/56339/26995/126789/3182/80324/2091",0.477270815362862
"GO:1902600","proton transmembrane transport",132,-0.46288012079191,-1.99876604563354,2.85278676724605e-06,0.000289016811109272,0.000190897175055687,3350,"tags=48%, list=24%, signal=37%","517/4695/1349/340061/4702/5250/206358/4708/4724/4710/529/4709/4720/84286/8992/4722/4713/53826/1329/374291/513/7384/1351/4728/9296/4723/518/10632/6564/4694/29796/6548/506/4726/9377/292/4712/4717/522/133308/4705/51296/10476/1186/521/1327/4696/9551/4697/4700/4731/291/516/3954/476/4716/56848/9114/1340/7386/514/155066/53827",0.627256739718528
"GO:0034340","response to type I interferon",100,-0.489914464361795,-1.99354860145195,9.73277455543285e-06,0.000841026224819462,0.00055550239395965,2760,"tags=39%, list=20%, signal=32%","5686/11274/90933/6472/10581/3429/5721/7979/23170/4938/9470/3654/5770/5691/5692/58509/5689/5709/8772/4940/5693/5694/8638/5695/56339/5710/5702/201292/5717/9636/11140/5708/5705/11047/79594/5688/5704/5714/3661",0.593325476396405
"GO:0009124","nucleoside monophosphate biosynthetic process",39,-0.574739869130495,-1.99354059142624,0.00015411036623209,0.0100915186127482,0.00666550290898878,1665,"tags=36%, list=12%, signal=32%","978/5631/7083/790/3614/353/2618/1723/7371/100/7298/471/7378/5198",0.518848077743792
"GO:1902969","mitotic DNA replication",16,-0.714200138926999,-1.992673648998,0.000277488379469387,0.0160595753444929,0.0106074368272597,1548,"tags=50%, list=11%, signal=45%","5888/4171/8318/7083/4172/9400/81620/3978",0.49849310876659
"GO:0008033","tRNA processing",135,-0.458818063720493,-1.98927516988455,1.98531937065404e-06,0.0002285074898378,0.0001509304393806,2719,"tags=37%, list=19%, signal=30%","11180/54733/207/138716/23587/79042/64118/51504/84705/81605/6301/8846/10775/55644/8270/113179/27037/54859/10940/339175/55687/90353/10667/26024/3735/112858/55140/10248/3028/56931/84881/11157/283989/26995/51367/16/54913/348180/51493/60528/81890/126789/10785/27304/80324/54920/51654/115708/4234/55621",0.627256739718528
"GO:0009303","rRNA transcription",43,-0.560852299158049,-1.98623575421262,0.000136185232172125,0.00919798188785527,0.00607531704424309,3694,"tags=58%, list=26%, signal=43%","112495/5437/6597/2976/2972/29997/6598/2475/9328/4141/51547/284119/5434/64425/5435/55011/1663/10849/9533/5441/25885/55506/2975/9555/6949",0.518848077743792
"GO:0009156","ribonucleoside monophosphate biosynthetic process",32,-0.598737589224893,-1.98296308594356,0.000278774112515022,0.0160595753444929,0.0106074368272597,1665,"tags=38%, list=12%, signal=33%","978/5631/790/3614/353/2618/1723/7371/100/471/7378/5198",0.49849310876659
"GO:0033119","negative regulation of RNA splicing",32,-0.597723881308834,-1.97960577981538,0.00029357590115332,0.0165084091904844,0.0109038940227436,2468,"tags=47%, list=17%, signal=39%","10284/6632/6637/10594/22985/708/6636/5725/6628/6433/11338/25980/9343/10921/6633",0.49849310876659
"GO:0071276","cellular response to cadmium ion",14,-0.74221069843019,-1.97903745856115,0.000246277349476213,0.0146174313689114,0.0096548928907826,1350,"tags=50%, list=10%, signal=45%","4494/6647/4501/4493/4489/4502/5536",0.49849310876659
"GO:0031167","rRNA methylation",27,-0.612996706849062,-1.97596206828469,0.000641154498361431,0.0319569279438808,0.0211077246494098,2357,"tags=41%, list=17%, signal=34%","387338/51504/55695/10528/10436/4809/114049/55178/79922/117246/2091",0.477270815362862
"GO:1902307","positive regulation of sodium ion transmembrane transport",12,-0.778619786631042,-1.96978160374157,0.000294993697243169,0.0165084091904844,0.0109038940227436,783,"tags=33%, list=6%, signal=32%","483/81/54997/53827",0.49849310876659
"GO:0043414","macromolecule methylation",123,-0.459465016802549,-1.96965457021102,3.97996176878926e-06,0.000391548210077378,0.000258619721513785,2357,"tags=30%, list=17%, signal=25%","387338/51504/84705/6632/55695/6637/6301/65990/751071/339175/10528/10436/4809/387893/114049/23463/51451/55178/3028/6636/28989/6628/79091/56339/10785/196483/54496/56257/79922/115708/3276/117246/10419/4234/2091/55621/6633",0.610526878385931
"GO:0032785","negative regulation of DNA-templated transcription, elongation",22,-0.641329756979074,-1.96686932581967,0.00103601591156114,0.04507500244097,0.029772284174695,734,"tags=32%, list=5%, signal=30%","9400/142/5514/80335/51497/23211/6829",0.45505986738723
"GO:0033108","mitochondrial respiratory chain complex assembly",86,-0.489571520123578,-1.96421029936567,1.90627045879201e-05,0.00147224930695622,0.00097242867152588,3169,"tags=47%, list=22%, signal=36%","4724/84275/84300/51300/4720/55969/54949/5018/4722/84334/90871/374291/51103/6341/79064/513/4728/51295/51287/55572/9997/28976/284184/84987/25880/790955/91942/644096/55245/131474/617/28958/4700/283951/440957/9131/132299/55101/84902/7386",0.575610261071129
"GO:1901658","glycosyl compound catabolic process",17,-0.6879722040632,-1.96311433972651,0.00104326077807555,0.04507500244097,0.029772284174695,1699,"tags=53%, list=12%, signal=47%","4668/978/4521/2519/2717/2629/100/4860/7378",0.45505986738723
"GO:0046034","ATP metabolic process",171,-0.43907099824148,-1.95554507071793,5.36634329980959e-07,7.3331705185305e-05,4.84359899625303e-05,3438,"tags=47%, list=24%, signal=36%","5209/201163/517/2597/6389/4695/51024/4702/4708/4724/5214/4710/226/5213/28964/4709/203/54539/4720/4722/7167/4713/4967/126328/2475/374291/706/513/5223/4728/65990/11164/83440/4723/518/10632/4694/271/30968/506/402/57673/6714/4726/65220/84277/7040/4712/4717/84833/9556/522/204/65018/8671/3692/4705/10476/521/790955/2821/4696/3312/64223/9551/339123/7345/4700/7415/4731/516/5604/142/4716/2023/5315/6390/56848/4706/57521/514",0.659444398037935
"GO:0009141","nucleoside triphosphate metabolic process",211,-0.424063181743002,-1.94792004423916,3.48484891383068e-07,4.99438346772417e-05,3.29881743374748e-05,3381,"tags=45%, list=24%, signal=35%","201163/517/2597/6389/4695/51024/4702/4708/4832/4724/5214/4710/226/3704/5213/9567/28964/4709/203/54539/4720/4722/7167/4713/2987/4967/126328/2475/374291/706/1854/513/5223/4728/65990/11164/83440/4723/518/10632/4694/271/30968/506/402/57673/6714/4726/65220/84277/7040/4712/10201/4717/84833/9556/522/204/65018/8671/3692/790/4705/3614/10476/521/790955/2821/4696/1841/3312/64223/9551/339123/7345/4700/7415/4731/1503/516/5604/142/5901/4716/2023/5315/6390/4830/56848/7371/7298/4706/79077/57521/514",0.674962860011025
"GO:0009060","aerobic respiration",222,-0.424303363467031,-1.94232627497371,1.29598343062197e-07,2.00399964166703e-05,1.32365265860679e-05,3456,"tags=49%, list=24%, signal=37%","7385/5209/201163/27010/2597/6389/4695/3421/1349/4702/4708/387/4724/50/84275/1716/215/5214/4710/226/84300/1743/5213/4191/28964/4709/10295/440567/54539/4720/29997/54949/5018/4722/7167/4713/6472/4967/1329/126328/2475/374291/51103/51142/27089/1431/513/7384/2271/5223/1351/4728/65990/83440/4723/10632/4694/29796/30968/506/402/6714/751071/4726/9377/84277/4712/4717/522/65018/8671/23479/3692/4705/10476/521/891/790955/2821/1337/1327/5160/4696/64223/9551/339123/7345/4697/4700/48/8802/7415/4731/11315/10975/9927/4716/2023/5315/6390/10105/9555/3420/4706/1340/57521/7386/514",0.690132458796796
"GO:0048483","autonomic nervous system development",15,0.682033560146692,1.9409842310034,0.000697839233835626,0.0336106830985093,0.0222000389201288,1192,"tags=33%, list=8%, signal=31%","10371/2335/7976/4763/65979",0.477270815362862
"GO:0032689","negative regulation of type II interferon production",23,-0.638202151849593,-1.93304184651335,0.000696008094538823,0.0336106830985093,0.0222000389201288,1536,"tags=30%, list=11%, signal=27%","654346/284194/708/90865/64115/9173/558",0.477270815362862
"GO:0000463","maturation of LSU-rRNA from tricistronic rRNA transcript (SSU-rRNA, 5.8S rRNA, LSU-rRNA)",23,-0.63616705915506,-1.92687778183782,0.00077729234338075,0.0359635418087031,0.0237541148901641,2391,"tags=39%, list=17%, signal=33%","23246/57418/26168/27043/56342/117246/9875/23481/81887",0.477270815362862
"GO:0051205","protein insertion into membrane",62,-0.505697112974856,-1.91908604500448,0.000121815037218898,0.00842100186703816,0.0055621175162315,3575,"tags=56%, list=25%, signal=42%","51016/54543/55831/23787/408050/90580/1678/284361/55969/83460/5018/8266/439/26520/23788/140823/26521/26517/6449/56993/10430/56851/4580/23065/29927/29928/617/56926/25813/51234/23420/283820/10328/26519/10452",0.538434096309916
"GO:0030835","negative regulation of actin filament depolymerization",40,0.507309296060985,1.91885574409166,0.00198202939545122,0.0697389504650982,0.0460629559368515,2546,"tags=38%, list=18%, signal=31%","130271/6840/29767/2059/120/23075/10677/85477/5290/29766/55604/5962/7111/51474/136319",0.431707695803346
"GO:0002227","innate immune response in mucosa",15,-0.701914958146015,-1.90953116907239,0.000641749063542876,0.0319569279438808,0.0211077246494098,874,"tags=33%, list=6%, signal=31%","8970/8349/9075/3017/85236",0.477270815362862
"GO:0006384","transcription initiation at RNA polymerase III promoter",26,-0.606337897475967,-1.90840233119033,0.00136642232990544,0.0546197116362201,0.036076616490549,2257,"tags=46%, list=16%, signal=39%","9328/5434/27297/5435/661/171568/9533/5441/51728/55718/11128/2975",0.45505986738723
"GO:0007006","mitochondrial membrane organization",56,-0.50766605777828,-1.90072747374505,0.000381422600451249,0.0203749018204685,0.0134577334260804,2869,"tags=48%, list=20%, signal=39%","90580/1678/84303/125988/5018/26520/23788/140823/400916/79135/26521/26517/65018/790955/56993/4580/29928/617/25813/57143/3954/9927/55735/8834/26519/10452/92609",0.49849310876659
"GO:2000622","regulation of nuclear-transcribed mRNA catabolic process, nonsense-mediated decay",14,-0.712622751582531,-1.90014388392354,0.000966620199780416,0.0440299247589901,0.0290820046838999,520,"tags=36%, list=4%, signal=34%","10189/3182/9775/9704/56006",0.477270815362862
"GO:0006360","transcription by RNA polymerase I",67,-0.495749226700545,-1.89817004565642,0.00031286981675147,0.0171548948908358,0.01133090134262,2721,"tags=36%, list=19%, signal=29%","29997/6598/2475/80758/2316/4141/51547/284119/5434/64425/5435/55011/1050/1663/9013/10849/9533/5441/10514/25885/55506/9555/6949/7343",0.49849310876659
"GO:0042762","regulation of sulfur metabolic process",13,0.691716415939093,1.8959997714271,0.0038220327419556,0.104945160709024,0.0693168492110424,1587,"tags=46%, list=11%, signal=41%","5165/5163/54704/6667/5166/4780",0.431707695803346
"GO:0044786","cell cycle DNA replication",38,-0.558290601133255,-1.89497378460597,0.000458388209687511,0.0236270975449458,0.0156058263835387,1776,"tags=34%, list=13%, signal=30%","5976/5888/4171/8318/7083/7014/4172/58525/9400/81620/8882/2237/3978",0.49849310876659
"GO:0018105","peptidyl-serine phosphorylation",58,0.463904918788051,1.89276907842693,0.000801020003692644,0.0367718245445154,0.0242879900316158,4067,"tags=55%, list=29%, signal=39%","5165/8658/5613/1457/117854/5728/5599/22853/1389/146057/64324/5591/6789/673/2932/9770/10114/23515/7046/200576/6093/6198/472/3589/154043/28996/127933/3551/219736/23049/29110/3569",0.477270815362862
"GO:0001510","RNA methylation",86,-0.471184119198467,-1.89043819296015,6.60087131054071e-05,0.00478848392848608,0.00316281966865223,2357,"tags=30%, list=17%, signal=25%","387338/51504/84705/6632/55695/6637/6301/339175/10528/10436/4809/114049/55178/3028/6636/6628/56339/10785/56257/79922/115708/117246/4234/2091/55621/6633",0.538434096309916
"GO:1902916","positive regulation of protein polyubiquitination",11,0.724284993840041,1.89036382271653,0.00271124582498718,0.083409845380234,0.0550926563538141,3509,"tags=73%, list=25%, signal=55%","64127/329/8767/7336/331/64844/1654/7335",0.431707695803346
"GO:0031639","plasminogen activation",18,-0.650695759996258,-1.88866718612874,0.00343834888447481,0.0976025992520482,0.06446704744889,1639,"tags=50%, list=12%, signal=44%","2243/2161/302/1522/6281/4241/2023/5270/5329",0.431707695803346
"GO:0009205","purine ribonucleoside triphosphate metabolic process",190,-0.41784300755026,-1.88794206498817,1.58617466499071e-06,0.000190211476152763,0.000125635714135003,3381,"tags=45%, list=24%, signal=35%","201163/517/2597/6389/4695/51024/4702/4708/4832/4724/5214/4710/226/5213/9567/28964/4709/203/54539/4720/4722/7167/4713/4967/126328/2475/374291/706/513/5223/4728/65990/11164/83440/4723/518/10632/4694/271/30968/506/402/57673/6714/4726/65220/84277/7040/4712/10201/4717/84833/9556/522/204/65018/8671/3692/4705/3614/10476/521/790955/2821/4696/3312/64223/9551/339123/7345/4700/7415/4731/516/5604/142/5901/4716/2023/5315/6390/4830/56848/4706/57521/514",0.643551836150722
"GO:0009144","purine nucleoside triphosphate metabolic process",195,-0.417518575093961,-1.88788486402336,6.24597424040718e-07,8.34121469014376e-05,5.50941765210819e-05,3381,"tags=45%, list=24%, signal=35%","201163/517/2597/6389/4695/51024/4702/4708/4832/4724/5214/4710/226/3704/5213/9567/28964/4709/203/54539/4720/4722/7167/4713/2987/4967/126328/2475/374291/706/513/5223/4728/65990/11164/83440/4723/518/10632/4694/271/30968/506/402/57673/6714/4726/65220/84277/7040/4712/10201/4717/84833/9556/522/204/65018/8671/3692/4705/3614/10476/521/790955/2821/4696/3312/64223/9551/339123/7345/4700/7415/4731/516/5604/142/5901/4716/2023/5315/6390/4830/56848/4706/57521/514",0.659444398037935
"GO:0008380","RNA splicing",424,-0.385426884435335,-1.88480644258194,4.83570483038846e-10,1.2354174601462e-07,8.15999949107513e-08,2482,"tags=29%, list=18%, signal=25%","9128/6100/10284/10291/79042/10432/10907/79637/6632/10081/6637/8449/23076/93624/10594/8175/23759/51729/9129/56259/3183/6626/26528/56949/3609/79005/10629/10713/51690/10465/1659/10992/199746/8570/9733/83443/55147/9092/84321/8563/51428/6627/4809/22913/57794/22985/58509/57805/84844/79650/7375/708/84881/221092/10212/3190/26017/7536/3191/6636/5725/55280/11157/3312/10084/283989/79706/8220/79833/6631/6628/10922/5430/50628/2648/6830/60625/56339/79084/23210/29115/11129/6433/4670/9904/79622/55696/23524/10262/51493/8882/10078/10189/27339/24144/58506/9416/80324/10421/11338/24148/8896/54496/79760/9775/25980/9343/3276/984/2521/6625/3185/10419/113146/26121/112869/23450/79171/3006/10921/9785/6633/11100",0.801215574617779
"GO:0051547","regulation of keratinocyte migration",11,0.721909682786561,1.88416432649421,0.00290664582123002,0.0871599256208655,0.0575696047410761,1459,"tags=36%, list=10%, signal=33%","8754/5728/83481/54566",0.431707695803346
"GO:0032926","negative regulation of activin receptor signaling pathway",16,-0.674766142876474,-1.88264974880298,0.00125582149991841,0.0516028470875563,0.034083961054157,958,"tags=44%, list=7%, signal=41%","168002/10272/56926/10468/2280/23420/6497",0.45505986738723
"GO:0070131","positive regulation of mitochondrial translation",13,-0.703349467338418,-1.8758653809492,0.00346171904982948,0.0977935631576827,0.0645931801467885,1190,"tags=54%, list=8%, signal=49%","51204/708/84881/28958/26995/51335/84769",0.431707695803346
"GO:0050819","negative regulation of coagulation",31,-0.579908604911066,-1.87583496912866,0.000677411430647165,0.0331705797206895,0.0219093482463379,1853,"tags=32%, list=13%, signal=28%","634/2243/2161/348/114897/10544/7103/308/5270/5329",0.477270815362862
"GO:1904706","negative regulation of vascular associated smooth muscle cell proliferation",14,0.671015445427354,1.86958313523507,0.00253964068997267,0.081532509961409,0.0538526661030387,820,"tags=43%, list=6%, signal=40%","27250/6648/1027/7168/5728/7043",0.431707695803346
"GO:0070129","regulation of mitochondrial translation",20,-0.64348324375432,-1.86837504805953,0.0014237112558875,0.0555260766333496,0.0366752754988513,3030,"tags=65%, list=21%, signal=51%","84300/285367/6472/8846/115416/51204/708/84881/28958/26995/51335/84769/26164",0.45505986738723
"GO:0000492","box C/D snoRNP assembly",10,-0.762139850879885,-1.86827446535262,0.00185900203474951,0.0682718497261757,0.0450939279225035,1608,"tags=40%, list=11%, signal=35%","55011/4809/8607/10856",0.45505986738723
"GO:1904505","regulation of telomere maintenance in response to DNA damage",16,-0.666282570703413,-1.85897992602189,0.00177000704725636,0.0654123359099268,0.0432052035003513,2565,"tags=50%, list=18%, signal=41%","51750/10445/29844/125476/2067/8607/10856/7515",0.45505986738723
"GO:0090670","RNA localization to Cajal body",19,-0.644870701653204,-1.85769459242196,0.00193348951483982,0.0688556629648411,0.0454795397407005,2151,"tags=47%, list=15%, signal=40%","5394/10574/55505/55651/7203/55135/22948/8607/10856",0.45505986738723
"GO:0090671","telomerase RNA localization to Cajal body",19,-0.644870701653204,-1.85769459242196,0.00193348951483982,0.0688556629648411,0.0454795397407005,2151,"tags=47%, list=15%, signal=40%","5394/10574/55505/55651/7203/55135/22948/8607/10856",0.45505986738723
"GO:0090672","telomerase RNA localization",19,-0.644870701653204,-1.85769459242196,0.00193348951483982,0.0688556629648411,0.0454795397407005,2151,"tags=47%, list=15%, signal=40%","5394/10574/55505/55651/7203/55135/22948/8607/10856",0.45505986738723
"GO:0090685","RNA localization to nucleus",19,-0.644870701653204,-1.85769459242196,0.00193348951483982,0.0688556629648411,0.0454795397407005,2151,"tags=47%, list=15%, signal=40%","5394/10574/55505/55651/7203/55135/22948/8607/10856",0.45505986738723
"GO:0045333","cellular respiration",250,-0.399844202756963,-1.85387844542712,8.93657227317068e-07,0.000109398538910731,7.22583297252643e-05,3726,"tags=50%, list=26%, signal=38%","6834/9167/6391/6622/5211/5224/3052/93058/7385/5209/201163/84883/27010/2597/6389/4695/3421/1349/4702/4708/387/4724/50/84275/1716/215/5214/4710/226/84300/1743/5213/4191/28964/4709/10295/440567/54539/4720/84269/29997/54949/5018/4722/7167/4713/6472/4967/1329/126328/2475/374291/51103/51142/27089/1431/513/7384/2271/163702/5223/1351/4728/65990/83440/4723/10632/4938/4694/205251/55572/29796/30968/506/402/6714/751071/4726/9377/84277/4712/4717/27166/522/65018/8671/23479/3692/4705/10476/521/891/790955/2821/1337/1327/5160/4696/64223/9551/339123/7345/4697/4700/48/8802/7415/10131/4731/2109/283951/11315/10975/9927/4716/2023/5315/6390/10105/9555/3420/4706/1340/57521/7386/514",0.659444398037935
"GO:0006221","pyrimidine nucleotide biosynthetic process",29,-0.571214559799541,-1.85132342310676,0.00171381641791123,0.064142581348066,0.0423665237088784,1665,"tags=41%, list=12%, signal=37%","978/10201/5631/7083/790/1841/1503/1723/4830/7371/7298/7378",0.45505986738723
"GO:0044320","cellular response to leptin stimulus",12,0.695347743408753,1.84966159984328,0.00279651681661259,0.0851416208000807,0.056236503433888,61,"tags=17%, list=0%, signal=17%","7357/3625",0.431707695803346
"GO:0010745","negative regulation of macrophage derived foam cell differentiation",10,0.737048083053135,1.84706211208538,0.0023089494088782,0.0769899515215814,0.0508522815566858,906,"tags=40%, list=6%, signal=37%","19/5465/3685/23461",0.431707695803346
"GO:0071294","cellular response to zinc ion",12,-0.730027495833975,-1.84685099994858,0.00199758013829734,0.0698677434085426,0.0461480243762142,1350,"tags=58%, list=10%, signal=53%","4494/23400/4501/142/4493/4489/4502",0.431707695803346
"GO:0019731","antibacterial humoral response",30,-0.558979093254719,-1.84342426415005,0.00359027147314116,0.100939881225729,0.066671340336542,1946,"tags=30%, list=14%, signal=26%","2197/6590/2243/5266/8970/8349/3017/85236/1755",0.431707695803346
"GO:0010510","regulation of pyruvate decarboxylation to acetyl-CoA",10,0.734773446486983,1.84136181231294,0.00259036225317247,0.081532509961409,0.0538526661030387,882,"tags=40%, list=6%, signal=38%","5165/5163/54704/5166",0.431707695803346
"GO:0050812","regulation of acyl-CoA biosynthetic process",10,0.734773446486983,1.84136181231294,0.00259036225317247,0.081532509961409,0.0538526661030387,882,"tags=40%, list=6%, signal=38%","5165/5163/54704/5166",0.431707695803346
"GO:0010273","detoxification of copper ion",9,-0.781750409809428,-1.84080628352369,0.00208221947751981,0.0711344281971301,0.0469846765657505,1350,"tags=67%, list=10%, signal=60%","4494/11315/4501/4493/4489/4502",0.431707695803346
"GO:1990169","stress response to copper ion",9,-0.781750409809428,-1.84080628352369,0.00208221947751981,0.0711344281971301,0.0469846765657505,1350,"tags=67%, list=10%, signal=60%","4494/11315/4501/4493/4489/4502",0.431707695803346
"GO:1902570","protein localization to nucleolus",22,-0.600005998053649,-1.84013509436776,0.00455065733900469,0.119908800556016,0.0792004146838533,2721,"tags=50%, list=19%, signal=40%","29997/10445/150678/1029/54984/27341/23212/10280/705/5901/25885",0.407017918923954
"GO:0046040","IMP metabolic process",16,-0.659421907182336,-1.83983814395275,0.00231913230417289,0.0769899515215814,0.0508522815566858,2071,"tags=44%, list=15%, signal=37%","271/30833/353/2618/471/4860/5198",0.431707695803346
"GO:0002923","regulation of humoral immune response mediated by circulating immunoglobulin",6,0.838653050262159,1.83734348528331,0.00300198012387881,0.0886413829543311,0.0585481153641733,1185,"tags=50%, list=8%, signal=46%","55061/4179/2302",0.431707695803346
"GO:0007005","mitochondrion organization",320,-0.383254347579846,-1.83553474803079,7.6171580923298e-08,1.35631578637969e-05,8.95853950881164e-06,3171,"tags=40%, list=22%, signal=31%","4832/4724/28978/54974/84275/125170/84300/51300/7157/666/90580/1678/255027/84303/4720/23761/55969/125988/54949/56947/5018/4722/11331/2189/55486/84334/3791/207/90871/8192/64423/2876/374291/51103/284114/51142/835/84895/6341/79064/513/51537/26520/4728/23788/10572/6742/51295/51287/140823/51547/55572/201164/400916/79135/30968/7755/9997/26521/578/5138/292/28976/26517/54471/6832/27166/57805/65018/192111/284184/2021/90529/89941/84987/54978/25880/790955/56993/3028/2537/4580/2810/81554/124997/91942/8326/80179/644096/55245/55154/581/131474/29928/617/28958/4700/23400/23277/25813/283951/11315/440957/9131/57143/9093/142/3954/5245/137994/9927/55735/2931/8834/132299/55101/55210/10105/26519/84902/10452/7386/8878/79594/5329/83858/92609",0.704975715167238
"GO:1905091","positive regulation of type 2 mitophagy",9,-0.779079405348991,-1.83451680579219,0.0022478014017006,0.0754747487793869,0.0498514819076571,1441,"tags=44%, list=10%, signal=40%","65018/11140/7416/79594",0.431707695803346
"GO:0009168","purine ribonucleoside monophosphate biosynthetic process",18,-0.630057842855622,-1.82876491030357,0.00685053171717026,0.149052121458732,0.0984497365856387,1278,"tags=33%, list=9%, signal=30%","3614/353/2618/100/471/5198",0.407017918923954
"GO:0021545","cranial nerve development",19,0.587442915044146,1.82809501475098,0.00622547410176029,0.142664486527853,0.094230668985689,921,"tags=26%, list=7%, signal=25%","10371/5205/55636/3198/51804",0.407017918923954
"GO:0045669","positive regulation of osteoblast differentiation",39,0.497793111584938,1.82800414463466,0.00175092721808813,0.0651167616043409,0.0430099750645423,1851,"tags=31%, list=13%, signal=27%","10979/93/658/860/92/5530/51430/657/7473/659/10413/4090",0.45505986738723
"GO:0071169","establishment of protein localization to chromatin",8,-0.815216770921081,-1.82763018053174,0.00101702125302781,0.0449324577653491,0.0296781326414646,541,"tags=62%, list=4%, signal=60%","142/55506/9555/10856/112869",0.45505986738723
"GO:0010888","negative regulation of lipid storage",15,0.642007697033214,1.8270755120265,0.00290952060125785,0.0871599256208655,0.0575696047410761,595,"tags=27%, list=4%, signal=26%","19/158219/5465/3685",0.431707695803346
"GO:0000491","small nucleolar ribonucleoprotein complex assembly",12,-0.722197592476203,-1.82704261611602,0.00273787925343342,0.0837905129852854,0.0553440893765529,1608,"tags=33%, list=11%, signal=30%","55011/4809/8607/10856",0.431707695803346
"GO:0045048","protein insertion into ER membrane",29,-0.562687707798497,-1.82368764148306,0.00255659353037077,0.081532509961409,0.0538526661030387,3717,"tags=66%, list=26%, signal=48%","7917/51016/55831/408050/284361/55969/83460/8266/439/6449/10430/56851/23065/29927/56926/51234/23420/283820/10328",0.431707695803346
"GO:0006611","protein export from nucleus",51,-0.501605399285035,-1.82348707507346,0.00100979893449192,0.0449324577653491,0.0296781326414646,2144,"tags=37%, list=15%, signal=32%","8498/2010/51547/1029/5905/7040/10411/9531/2810/10541/11315/55696/27351/10204/57510/5901/8021/23214/3553",0.45505986738723
"GO:0031118","rRNA pseudouridine synthesis",10,-0.743679753094928,-1.82302223339056,0.00324982985923497,0.0936078443767876,0.0618284901352157,2643,"tags=80%, list=19%, signal=65%","285367/55505/55651/84881/115939/27079/54433/113000",0.431707695803346
"GO:0072522","purine-containing compound biosynthetic process",210,-0.396101053314333,-1.82120606619344,8.10552125508384e-06,0.000732739121459579,0.00048397817345834,3350,"tags=42%, list=24%, signal=33%","517/27010/6389/4695/107/4702/197322/4708/349565/4832/4724/1716/9060/4710/226/1743/80347/64834/4709/10295/203/54539/4720/4722/4713/2987/4967/126328/374291/513/4728/65990/4723/518/10632/4694/271/30968/506/4726/65220/2639/84277/55229/7040/4712/10201/4717/5631/109/84833/9556/522/204/65018/4705/3614/10476/521/790955/5160/47/4696/9551/353/4700/4522/2618/7415/4731/5635/516/5604/142/111/4716/51703/2023/6390/4830/56848/100/11332/471/4706/4860/514/4923/5198",0.593325476396405
"GO:0043032","positive regulation of macrophage activation",13,-0.681344959482515,-1.81717834636892,0.00689962168767446,0.149052121458732,0.0984497365856387,1526,"tags=38%, list=11%, signal=34%","3735/1050/90865/9173/3566",0.407017918923954
"GO:1901293","nucleoside phosphate biosynthetic process",263,-0.382921061837687,-1.81664958886065,2.79178399334184e-06,0.000287798644646959,0.000190092569484438,3350,"tags=44%, list=24%, signal=34%","517/27010/6389/4695/107/4702/197322/4708/349565/4832/4724/1716/4351/9060/5372/4710/226/1743/80347/1635/64834/4709/10295/203/54539/4720/4722/197258/4713/54187/2987/10007/4967/126328/374291/1854/513/4728/65990/4723/55577/518/10632/4694/271/30968/506/4726/65220/2639/84277/55229/7040/978/4712/10201/4717/5631/109/3735/84833/9556/522/204/65018/5373/51005/29926/7083/790/4705/3614/10476/521/55343/790955/5160/47/4696/29925/1841/9551/353/4700/4522/2618/7415/6241/4731/5635/1503/516/5604/80308/142/111/91373/4716/51703/1723/2023/6390/4830/56848/7371/100/7298/11332/471/4706/4860/7378/514/4923/5198",0.627256739718528
"GO:0006363","termination of RNA polymerase I transcription",15,-0.667331889913478,-1.8154493348761,0.00221793411803224,0.0753328374425285,0.0497577486981228,1906,"tags=53%, list=13%, signal=46%","284119/5434/64425/5435/10849/9533/5441/25885",0.431707695803346
"GO:0010257","NADH dehydrogenase complex assembly",34,-0.546708214997238,-1.80920327613795,0.00142689543424707,0.0555260766333496,0.0366752754988513,3169,"tags=53%, list=22%, signal=41%","4724/51300/4720/5018/4722/90871/374291/51103/4728/51295/55572/28976/284184/25880/91942/617/4700/55101",0.45505986738723
"GO:0032981","mitochondrial respiratory chain complex I assembly",34,-0.546708214997238,-1.80920327613795,0.00142689543424707,0.0555260766333496,0.0366752754988513,3169,"tags=53%, list=22%, signal=41%","4724/51300/4720/5018/4722/90871/374291/51103/4728/51295/55572/28976/284184/25880/91942/617/4700/55101",0.45505986738723
"GO:0006177","GMP biosynthetic process",11,-0.718679264485309,-1.8044257887192,0.00467002600594951,0.121420676154687,0.0801990167364961,2071,"tags=45%, list=15%, signal=39%","271/3614/2618/471/5198",0.407017918923954
"GO:0000963","mitochondrial RNA processing",30,-0.546179662185072,-1.80121377347907,0.00588999972311896,0.138994531618663,0.0918066438154672,2337,"tags=40%, list=17%, signal=33%","84705/9238/55687/6832/3028/84881/10922/26995/60528/81892/80324/51654",0.407017918923954
"GO:0097501","stress response to metal ion",12,-0.709895396351035,-1.79592005793159,0.00429315140243449,0.116251417699102,0.0767846934225109,1350,"tags=50%, list=10%, signal=45%","4494/11315/4501/4493/4489/4502",0.407017918923954
"GO:0000245","spliceosomal complex assembly",70,-0.459067738467966,-1.79588910156729,0.00102639505292407,0.045008189037178,0.0297281535582412,2482,"tags=37%, list=18%, signal=31%","9128/10291/10907/6632/6637/8175/9129/10713/10992/83443/6627/4809/84844/7536/6636/79833/6631/6628/6433/10262/27339/9416/11338/24148/23450/6633",0.45505986738723
"GO:0021602","cranial nerve morphogenesis",9,0.734674514343736,1.79523574230964,0.00614312276291997,0.142114131318574,0.0938671563778055,826,"tags=33%, list=6%, signal=31%","10371/5205/3198",0.407017918923954
"GO:0033260","nuclear DNA replication",34,-0.542152846598837,-1.79412834731062,0.00170667519548639,0.064142581348066,0.0423665237088784,1776,"tags=35%, list=13%, signal=31%","5976/5888/4171/8318/7083/7014/4172/58525/9400/81620/2237/3978",0.45505986738723
"GO:0032200","telomere organization",164,-0.40629350526065,-1.79218096630333,5.34650416779019e-05,0.00397671626454876,0.0026266427132273,2786,"tags=35%, list=20%, signal=29%","85456/10575/6117/8352/51750/5499/10445/56252/197370/2547/80198/64858/5394/9212/3183/1017/11284/4609/6714/10574/5976/55505/4000/3184/7517/23381/54552/3104/5888/29844/8370/54984/7014/328/55651/10459/65057/56160/6118/7203/125476/55135/554313/2067/3021/5371/54433/22948/142/5514/79035/24144/54386/2237/8607/10856/7515/3978",0.557332238758646
"GO:0010887","negative regulation of cholesterol storage",8,0.757747518763172,1.79115241791621,0.00573011379688904,0.137751683608164,0.0909857359474533,243,"tags=38%, list=2%, signal=37%","19/158219/5465",0.407017918923954
"GO:0010649","regulation of cell communication by electrical coupling",11,0.685474900676352,1.78907055183993,0.00794292374658787,0.162057708107466,0.107039997275515,920,"tags=36%, list=7%, signal=34%","5144/288/817/444",0.380730400722792
"GO:0051489","regulation of filopodium assembly",32,0.518894369189283,1.78894448928939,0.00327128145585106,0.0937660967540528,0.0619330166907813,1573,"tags=31%, list=11%, signal=28%","27067/653464/117177/54874/23433/7043/8976/23613/5898/139818",0.431707695803346
"GO:0006362","transcription elongation by RNA polymerase I",13,-0.670355659333407,-1.78786937740278,0.00995174523061754,0.175604969895221,0.115988037339677,1901,"tags=54%, list=13%, signal=47%","5434/64425/5435/10849/9533/5441/25885",0.380730400722792
"GO:0010755","regulation of plasminogen activation",15,-0.657162858539327,-1.78778489754952,0.00323855392357972,0.0936078443767876,0.0618284901352157,1559,"tags=53%, list=11%, signal=48%","2161/302/1522/6281/4241/2023/5270/5329",0.431707695803346
"GO:0002431","Fc receptor mediated stimulatory signaling pathway",23,0.55836437832273,1.78767110971504,0.00657179538671303,0.146383183022071,0.0966868882378185,1818,"tags=39%, list=13%, signal=34%","5747/961/5795/4067/2534/5581/55198/26060/10451",0.407017918923954
"GO:0046777","protein autophosphorylation",93,0.403195893793387,1.7867212514017,0.000204598615801192,0.0123940357365753,0.00818632798753331,2665,"tags=33%, list=19%, signal=27%","79834/23043/3480/3717/5613/23235/54206/9262/22853/4067/9706/27102/4117/65975/23604/3643/6789/92597/1859/2932/9943/9770/10040/2045/440275/51765/6872/9748/225689/7294/200576",0.518848077743792
"GO:0070585","protein localization to mitochondrion",118,-0.4194371295533,-1.78329148788824,0.000321817912225912,0.017348642681096,0.011458872811449,2869,"tags=38%, list=20%, signal=31%","90580/1678/5300/10456/56947/5018/55486/207/10245/706/10134/7384/2671/26520/23788/140823/10953/1029/26521/26517/65018/8314/7332/56993/4580/10469/100287932/4836/131474/84134/29928/617/5880/23203/25813/9131/9636/57602/2931/80273/10055/118424/26519/10452/92609",0.49849310876659
"GO:0071280","cellular response to copper ion",14,-0.668491525102627,-1.78247197420748,0.0044858939830826,0.118987188062622,0.0785916846213715,1350,"tags=36%, list=10%, signal=32%","4494/4501/4493/4489/4502",0.407017918923954
"GO:2000234","positive regulation of rRNA processing",13,-0.666501711947552,-1.77759072245692,0.0105594739332882,0.181073028924921,0.119599720057375,2347,"tags=46%, list=17%, signal=39%","51504/51547/55352/114049/79084/10419",0.380730400722792
"GO:0042573","retinoic acid metabolic process",16,-0.637053641847633,-1.77742895291951,0.0041865838144308,0.113890585618497,0.0752253509979699,848,"tags=25%, list=6%, signal=24%","8644/10170/126/29785",0.407017918923954
"GO:1901028","regulation of mitochondrial outer membrane permeabilization involved in apoptotic signaling pathway",19,-0.61645007082117,-1.77582259533086,0.00434007990180035,0.116983071114582,0.0772679544812673,3162,"tags=63%, list=22%, signal=49%","28978/666/255027/284114/10572/7755/578/292/54978/8326/2931/79594",0.407017918923954
"GO:0042117","monocyte activation",8,0.751081643997018,1.77539572137906,0.00638230823678422,0.143139096180703,0.0945441512417399,206,"tags=50%, list=1%, signal=49%","8754/2335/64332/27086",0.407017918923954
"GO:0019693","ribose phosphate metabolic process",276,-0.37615836373025,-1.77524030647595,2.32541899292186e-06,0.000253040037081645,0.000167134320212983,3381,"tags=41%, list=24%, signal=31%","201163/517/2597/6389/4695/51024/107/4702/4708/4832/4724/9060/5214/4710/226/5213/9567/28964/4709/203/54539/4720/4722/7167/4713/2987/4967/126328/2475/374291/706/513/5223/4728/65990/11164/83440/4723/4354/518/10632/4694/271/30833/30968/506/402/57673/6714/4726/65220/84277/5138/7040/978/4712/5744/10201/4717/5631/109/84833/9556/522/204/65018/8671/3692/790/4705/3614/10476/521/5152/790955/2821/4696/1969/3312/64223/9551/339123/353/7345/4700/2618/7415/4731/5635/1503/516/5604/142/111/5901/4716/1723/2023/5315/6390/4830/56848/7371/100/471/4706/4860/57521/7378/514/4923/5198",0.627256739718528
"GO:0002098","tRNA wobble uridine modification",18,-0.610865777966257,-1.77305927117231,0.00999835629668631,0.175899226345296,0.116182395324756,2483,"tags=56%, list=18%, signal=46%","23587/51504/84705/81605/54859/55687/90353/55140/348180/27304",0.380730400722792
"GO:0017121","plasma membrane phospholipid scrambling",20,0.577169187068453,1.77246438399939,0.00823575042848973,0.162393521871831,0.10726180409262,969,"tags=30%, list=7%, signal=28%","81671/196527/10955/338440/440026/256987",0.380730400722792
"GO:0031424","keratinization",26,-0.56198949851357,-1.76881912467016,0.00680147689250681,0.149052121458732,0.0984497365856387,4139,"tags=65%, list=29%, signal=46%","84518/3855/3887/3851/3892/196374/3854/2125/3868/3853/5493/5266/3858/1001/6698/6707/3852",0.407017918923954
"GO:0030042","actin filament depolymerization",50,0.460221892328909,1.76799401225141,0.00155871527836958,0.0598628168346382,0.0395397159796628,2004,"tags=30%, list=14%, signal=26%","130271/6840/29767/2059/120/23075/10677/1073/11034/85477/5290/29766/55604/5962/7111",0.45505986738723
"GO:0060396","growth hormone receptor signaling pathway",20,0.575685883223519,1.76790921491777,0.00843540256888231,0.164664144293276,0.108761562546837,1179,"tags=40%, list=8%, signal=37%","5747/3717/3716/55777/4067/8835/1438/54741",0.380730400722792
"GO:0009150","purine ribonucleotide metabolic process",252,-0.378172254312733,-1.76773770877426,5.78333377631523e-06,0.000548110794671424,0.000362030159832962,3381,"tags=41%, list=24%, signal=32%","201163/517/2597/6389/4695/51024/107/4702/4708/4832/4724/9060/5214/4710/226/5213/9567/28964/4709/203/54539/4720/4722/7167/4713/2987/4967/126328/2475/374291/706/513/5223/4728/65990/11164/83440/4723/4354/518/10632/4694/271/30833/30968/506/402/57673/6714/4726/65220/84277/5138/7040/4712/5744/10201/4717/109/84833/9556/522/204/65018/8671/3692/4705/3614/10476/521/5152/790955/2821/4696/1969/3312/64223/9551/339123/353/7345/4700/2618/7415/4731/516/5604/142/111/5901/4716/2023/5315/6390/4830/56848/100/471/4706/4860/57521/514/4923/5198",0.610526878385931
"GO:0006686","sphingomyelin biosynthetic process",12,0.664506737913459,1.76762290178762,0.00742852484638717,0.155877982856636,0.102958255149594,1766,"tags=42%, list=12%, signal=36%","259230/9517/142891/166929/10087",0.407017918923954
"GO:0009259","ribonucleotide metabolic process",270,-0.376981135386247,-1.76607327614548,2.06035811023024e-06,0.0002285074898378,0.0001509304393806,3381,"tags=41%, list=24%, signal=32%","201163/517/2597/6389/4695/51024/107/4702/4708/4832/4724/9060/5214/4710/226/5213/9567/28964/4709/203/54539/4720/4722/7167/4713/2987/4967/126328/2475/374291/706/513/5223/4728/65990/11164/83440/4723/4354/518/10632/4694/271/30833/30968/506/402/57673/6714/4726/65220/84277/5138/7040/978/4712/5744/10201/4717/109/84833/9556/522/204/65018/8671/3692/790/4705/3614/10476/521/5152/790955/2821/4696/1969/3312/64223/9551/339123/353/7345/4700/2618/7415/4731/1503/516/5604/142/111/5901/4716/1723/2023/5315/6390/4830/56848/7371/100/471/4706/4860/57521/7378/514/4923/5198",0.627256739718528
"GO:0045117","azole transmembrane transport",9,-0.749924139539832,-1.76586420794784,0.00516163515564468,0.12851596684139,0.0848854948105292,1026,"tags=44%, list=7%, signal=41%","6541/54896/92745/60386",0.407017918923954
"GO:0071360","cellular response to exogenous dsRNA",13,-0.661851004688227,-1.76518707228042,0.0117749330609144,0.191660683285134,0.12659292332494,2084,"tags=38%, list=15%, signal=33%","4938/4940/10084/79594/3661",0.380730400722792
"GO:0018209","peptidyl-serine modification",59,0.441235322766302,1.76426184078378,0.00163465026214445,0.0623714606516933,0.0411966888597479,4067,"tags=54%, list=29%, signal=39%","5165/8658/5613/1457/117854/5728/5599/22853/1389/146057/64324/5591/6789/673/2932/9770/10114/23515/7046/200576/6093/6198/472/3589/154043/28996/127933/3551/219736/23049/29110/3569",0.45505986738723
"GO:0030834","regulation of actin filament depolymerization",45,0.470144860723918,1.76419596005325,0.00245009191783911,0.080428715693981,0.0531236039883267,2004,"tags=31%, list=14%, signal=27%","130271/6840/29767/2059/120/23075/10677/1073/85477/5290/29766/55604/5962/7111",0.431707695803346
"GO:0006188","IMP biosynthetic process",10,-0.71953979812946,-1.76384666160452,0.00689447215611096,0.149052121458732,0.0984497365856387,886,"tags=40%, list=6%, signal=38%","353/2618/471/5198",0.407017918923954
"GO:0070199","establishment of protein localization to chromosome",20,-0.606613254704234,-1.76132180583135,0.00522495304595891,0.129543561595167,0.0855642267321951,1105,"tags=40%, list=8%, signal=37%","65057/55135/142/79035/55506/9555/10856/112869",0.407017918923954
"GO:0019233","sensory perception of pain",28,-0.554732662715719,-1.7601172384687,0.00512655618471436,0.12818571975056,0.084667364811558,837,"tags=18%, list=6%, signal=17%","2171/59344/11343/134/4923",0.407017918923954
"GO:0007216","G protein-coupled glutamate receptor signaling pathway",5,0.858530105390298,1.7597529401085,0.00368588923927743,0.102161722499973,0.0674783731410499,1404,"tags=80%, list=10%, signal=72%","9456/2534/9455/2776",0.431707695803346
"GO:0061548","ganglion development",9,0.719795100749858,1.75887670904142,0.008914412237176,0.16692266612274,0.110253328494262,921,"tags=33%, list=7%, signal=31%","10371/7976/51804",0.380730400722792
"GO:0000723","telomere maintenance",154,-0.400938913840589,-1.755443605324,0.000154567167315748,0.0100915186127482,0.00666550290898878,2786,"tags=35%, list=20%, signal=28%","85456/10575/6117/51750/5499/10445/56252/197370/2547/80198/64858/5394/9212/3183/1017/11284/4609/6714/10574/5976/55505/4000/3184/7517/23381/54552/3104/5888/29844/54984/7014/328/55651/10459/65057/56160/6118/7203/125476/55135/2067/5371/54433/22948/142/5514/79035/24144/54386/2237/8607/10856/7515/3978",0.518848077743792
"GO:0031126","sno(s)RNA 3'-end processing",11,-0.699091885435009,-1.75524672701761,0.00623975034677641,0.142664486527853,0.094230668985689,2151,"tags=45%, list=15%, signal=39%","5394/23404/118460/2091/56915",0.407017918923954
"GO:0043144","sno(s)RNA processing",11,-0.699091885435009,-1.75524672701761,0.00623975034677641,0.142664486527853,0.094230668985689,2151,"tags=45%, list=15%, signal=39%","5394/23404/118460/2091/56915",0.407017918923954
"GO:0003084","positive regulation of systemic arterial blood pressure",8,-0.782261755120883,-1.75374850436321,0.00333632692087816,0.0951662960537868,0.0628578559408175,1968,"tags=62%, list=14%, signal=54%","5770/1535/2022/3291/134",0.431707695803346
"GO:0006400","tRNA modification",95,-0.428320559047657,-1.75365245831837,0.00101001633438307,0.0449324577653491,0.0296781326414646,3160,"tags=38%, list=22%, signal=30%","54974/55226/24140/9836/11180/54733/207/23587/64118/51504/84705/81605/6301/8846/55644/54859/339175/55687/90353/55140/3028/56931/84881/26995/16/348180/81890/126789/10785/27304/80324/54920/51654/115708/4234/55621",0.45505986738723
"GO:0038180","nerve growth factor signaling pathway",9,0.716638168918869,1.75116249444928,0.0093762948502156,0.171102821552382,0.113014343882085,2595,"tags=78%, list=18%, signal=64%","627/6272/9693/9863/8036/57498/5906",0.380730400722792
"GO:0006405","RNA export from nucleus",86,-0.4360758214567,-1.74958016265609,0.000531679001926201,0.0269322915113652,0.0177889249679391,2792,"tags=33%, list=20%, signal=26%","55308/22794/11269/4116/79228/26993/7979/100101267/9883/5976/23381/84321/8563/10482/10212/2079/10189/57510/23511/5901/29107/79902/9775/23636/8021/8480/9688/65083",0.477270815362862
"GO:0009164","nucleoside catabolic process",11,-0.695478791062753,-1.74617514114537,0.00702461483419031,0.15009686096619,0.0991397927103233,1665,"tags=45%, list=12%, signal=40%","978/4521/100/4860/7378",0.407017918923954
"GO:0071806","protein transmembrane transport",68,-0.451482158361125,-1.74605100252433,0.00109194470908335,0.0461601950400991,0.0304890597863626,2497,"tags=38%, list=18%, signal=32%","10245/5830/23480/6748/441150/2671/140823/10953/9409/10952/563/56993/10469/100287932/29927/131474/84134/5195/29928/5192/25813/9131/80273/388552/10452/92609",0.45505986738723
"GO:0009148","pyrimidine nucleoside triphosphate biosynthetic process",15,-0.641566919530838,-1.74535677815694,0.00499013548331464,0.126935221211934,0.0838414037281225,1647,"tags=47%, list=12%, signal=41%","10201/790/1841/1503/4830/7371/7298",0.407017918923954
"GO:0036376","sodium ion export across plasma membrane",9,-0.740849920325511,-1.74449692813808,0.00694988600083464,0.149588022494155,0.0988037021331063,2587,"tags=67%, list=18%, signal=55%","53826/6548/8671/483/476/53827",0.407017918923954
"GO:0048246","macrophage chemotaxis",22,0.538134788158555,1.74159636754758,0.00930571947047367,0.170876273776573,0.112864707844475,934,"tags=27%, list=7%, signal=26%","5747/6288/57509/5795/79647/8995",0.380730400722792
"GO:0006787","porphyrin-containing compound catabolic process",10,-0.709845302718909,-1.74008202285862,0.00860311305276307,0.164664144293276,0.108761562546837,1283,"tags=40%, list=9%, signal=36%","7389/4363/645/3163",0.380730400722792
"GO:0033015","tetrapyrrole catabolic process",10,-0.709845302718909,-1.74008202285862,0.00860311305276307,0.164664144293276,0.108761562546837,1283,"tags=40%, list=9%, signal=36%","7389/4363/645/3163",0.380730400722792
"GO:1902914","regulation of protein polyubiquitination",21,0.556513023299182,1.7398813703038,0.0134664778942834,0.205554449042746,0.135769831145056,3509,"tags=52%, list=25%, signal=39%","64127/65975/329/8767/7336/80254/331/64844/54765/1654/7335",0.380730400722792
"GO:0055006","cardiac cell development",44,0.459667029485021,1.73872586290628,0.00260859630237319,0.081532509961409,0.0538526661030387,896,"tags=20%, list=6%, signal=19%","10529/27250/8470/4211/27086/5465/1525/80206/10611",0.431707695803346
"GO:0061620","glycolytic process through glucose-6-phosphate",18,-0.5990046717023,-1.73863199567869,0.012917538428654,0.202409215484723,0.133692387280069,3673,"tags=61%, list=26%, signal=45%","5211/5224/2597/5214/226/5213/7167/5223/83440/2023/5315",0.380730400722792
"GO:0046688","response to copper ion",25,-0.557379521696609,-1.73847922856859,0.0083514680640168,0.164124502823287,0.108405126422002,2406,"tags=40%, list=17%, signal=33%","1616/513/3931/4494/6647/11315/4501/4493/4489/4502",0.380730400722792
"GO:0030195","negative regulation of blood coagulation",29,-0.536281048813038,-1.73810287221014,0.00636267193169992,0.143139096180703,0.0945441512417399,4012,"tags=48%, list=28%, signal=35%","1906/7391/5055/7056/10019/5154/634/2243/2161/348/114897/7103/5270/5329",0.407017918923954
"GO:1900047","negative regulation of hemostasis",29,-0.536281048813038,-1.73810287221014,0.00636267193169992,0.143139096180703,0.0945441512417399,4012,"tags=48%, list=28%, signal=35%","1906/7391/5055/7056/10019/5154/634/2243/2161/348/114897/7103/5270/5329",0.407017918923954
"GO:0060416","response to growth hormone",30,0.514249529832757,1.73698029218121,0.0054872375850956,0.135474823739587,0.0894818576254946,1579,"tags=33%, list=11%, signal=30%","5747/3717/3488/3716/55777/4067/8835/1438/54741/445",0.407017918923954
"GO:0036315","cellular response to sterol",15,0.609644660136414,1.7349742607764,0.00700847634540475,0.15009686096619,0.0991397927103233,1391,"tags=40%, list=10%, signal=36%","3625/19/51141/4040/5727/151556",0.407017918923954
"GO:0032259","methylation",200,-0.376588609445522,-1.73182232809197,0.000109384931380235,0.00765173639036024,0.00505401348656604,2371,"tags=26%, list=17%, signal=22%","10400/387338/51504/84705/6632/55695/6637/6301/65990/27037/23070/751071/23067/339175/1786/10528/56981/1312/10436/4809/387893/114049/23463/110599564/6839/51451/55178/3028/56978/6636/28989/6628/10322/79091/56339/196410/51603/10785/196483/9739/9757/54496/56257/79922/115708/3276/117246/7298/10419/4234/2091/55621/6633",0.538434096309916
"GO:0006361","transcription initiation at RNA polymerase I promoter",24,-0.575360308241516,-1.73064107370645,0.00509052029177472,0.127828620660121,0.0844314989208572,1906,"tags=42%, list=13%, signal=36%","284119/5434/64425/5435/9013/10849/9533/5441/25885/7343",0.407017918923954
"GO:0000959","mitochondrial RNA metabolic process",62,-0.45597833259591,-1.73040666528926,0.00198061789163025,0.0697389504650982,0.0460629559368515,2541,"tags=39%, list=18%, signal=32%","57505/387338/84705/51067/80222/84148/9238/5442/55687/26024/6832/3028/708/84881/10922/54938/26995/56652/60528/81892/6182/80324/51654/124454",0.431707695803346
"GO:0009304","tRNA transcription",12,-0.683107821838296,-1.7281518450117,0.00970313351631535,0.173299734169815,0.114465416610009,3694,"tags=83%, list=26%, signal=62%","112495/2976/2972/9328/5434/5435/661/5441/11128/2975",0.380730400722792
"GO:0071378","cellular response to growth hormone stimulus",21,0.552505917503693,1.72735356155446,0.0148629771871888,0.217178227840532,0.143447400236809,1179,"tags=38%, list=8%, signal=35%","5747/3717/3716/55777/4067/8835/1438/54741",0.380730400722792
"GO:0007007","inner mitochondrial membrane organization",44,-0.492117675231424,-1.72718255738437,0.00249630864595862,0.0814906089091824,0.0538249902302367,2869,"tags=50%, list=20%, signal=40%","90580/1678/84303/125988/5018/26520/140823/400916/79135/26521/26517/65018/790955/4580/29928/617/25813/57143/3954/55735/8834/26519",0.431707695803346
"GO:1903312","negative regulation of mRNA metabolic process",97,-0.415929451231564,-1.72687510933664,0.00201885102944422,0.0701938973314452,0.0463634508155153,2976,"tags=35%, list=21%, signal=28%","401115/25819/1869/23020/11187/10284/7186/10949/6632/6637/7538/10594/1994/3183/3184/22985/23367/708/6636/5725/6628/8148/6433/81892/10758/115572/3182/11338/25980/9343/2521/10921/6633/9704",0.431707695803346
"GO:1901836","regulation of transcription of nucleolar large rRNA by RNA polymerase I",15,-0.634604716211718,-1.72641638646277,0.0063053413946963,0.143050911332956,0.0944859046703623,2721,"tags=60%, list=19%, signal=49%","29997/6598/2475/4141/51547/55011/1663/55506/9555",0.407017918923954
"GO:0042797","tRNA transcription by RNA polymerase III",11,-0.687414610650688,-1.72592797969313,0.0088945562723632,0.16692266612274,0.110253328494262,2257,"tags=64%, list=16%, signal=54%","9328/5434/5435/661/5441/11128/2975",0.380730400722792
"GO:0009113","purine nucleobase biosynthetic process",10,-0.703541131966613,-1.72462826955056,0.00988952484985755,0.175032674752298,0.115610033286339,1539,"tags=40%, list=11%, signal=36%","5631/353/2618/100",0.380730400722792
"GO:0015980","energy derivation by oxidation of organic compounds",311,-0.359560203695563,-1.72167215122133,1.28807667485838e-05,0.00108124836306683,0.000714170422304622,3726,"tags=45%, list=26%, signal=34%","6834/9167/6391/6622/5211/5224/3795/37/55829/3052/93058/23178/7385/5209/201163/84883/27010/2597/6389/378884/4695/3421/1349/4702/4708/387/4724/50/84275/1716/215/5214/4710/5834/226/84300/1743/5213/4191/28964/4709/10295/440567/54539/4720/84269/29997/54949/5018/4722/7167/4713/6472/4967/1329/126328/207/2475/374291/51103/5499/51142/27089/1431/513/7384/2271/163702/5223/1351/4728/65990/83440/4723/10632/4938/4694/205251/2992/55572/29796/9572/30968/506/23130/402/6714/751071/4726/9377/84277/4712/4717/27166/522/65018/8671/23479/3692/4705/10476/521/891/790955/2821/1337/1327/5160/4696/64223/2997/9551/339123/7345/4697/4700/48/8802/7415/10131/4731/2109/283951/11315/208/10975/9927/4716/5261/2931/2023/5315/6390/10105/9555/3420/4706/1340/57521/7386/514",0.593325476396405
"GO:0055013","cardiac muscle cell development",37,0.479993754335745,1.72142796166689,0.00598110059230657,0.140019709483639,0.0924837793689406,1302,"tags=24%, list=9%, signal=22%","10529/8470/4211/27086/5465/1525/80206/10611/657",0.407017918923954
"GO:0034350","regulation of glial cell apoptotic process",10,0.685987761510057,1.71910358736818,0.00951776567578927,0.17208120341827,0.113660570423742,2006,"tags=60%, list=14%, signal=52%","5885/5583/2621/5578/5584/9590",0.380730400722792
"GO:1900864","mitochondrial RNA modification",17,-0.601609328253045,-1.7166796743118,0.0151517158506959,0.219119599902232,0.144729687038356,2357,"tags=53%, list=17%, signal=44%","387338/84705/55687/26024/3028/84881/26995/80324/51654",0.380730400722792
"GO:0051882","mitochondrial depolarization",16,-0.61527614030648,-1.71666803858076,0.00900809629643788,0.166976573621038,0.110288934689971,3468,"tags=62%, list=25%, signal=47%","25/215/666/3791/706/6714/1029/2537/8326/142",0.380730400722792
"GO:0008535","respiratory chain complex IV assembly",30,-0.520532479793704,-1.71663343962071,0.0116083106498482,0.191065639715709,0.12619989381222,2595,"tags=37%, list=18%, signal=30%","84334/6341/79064/51287/9997/1352/84987/617/28958/440957/84902",0.380730400722792
"GO:0010544","negative regulation of platelet activation",11,-0.683542511462248,-1.7162060968208,0.00951329292622166,0.17208120341827,0.113660570423742,3336,"tags=64%, list=24%, signal=49%","7056/10019/5154/634/348/114897/5270",0.380730400722792
"GO:0070671","response to interleukin-12",9,0.701369075286419,1.71385124694244,0.0135636550876691,0.206476780557367,0.136379036124968,1197,"tags=44%, list=8%, signal=41%","961/64332/3717/23236",0.380730400722792
"GO:0086005","ventricular cardiac muscle cell action potential",18,0.5622831256844,1.71092694351013,0.0207836486009546,0.248726515639937,0.16428521584911,1955,"tags=39%, list=14%, signal=34%","1824/23171/23327/5318/1739/388591/10008",0.352487857583619
"GO:1905089","regulation of type 2 mitophagy",11,-0.681347524330731,-1.71069502730517,0.0101320304703026,0.176217138428977,0.116392377984443,1441,"tags=36%, list=10%, signal=33%","65018/11140/7416/79594",0.380730400722792
"GO:0070486","leukocyte aggregation",8,-0.763030759027961,-1.71063463561711,0.00568793692618255,0.137751683608164,0.0909857359474533,776,"tags=38%, list=5%, signal=35%","5880/3553/4478",0.407017918923954
"GO:0050772","positive regulation of axonogenesis",48,0.440502930497832,1.71034434353781,0.00506678563505862,0.127778679792294,0.0843985127061404,2252,"tags=35%, list=16%, signal=30%","23499/9175/6792/7074/3897/1000/627/6091/26230/5048/22902/659/1946/4131/6498/4898/57698",0.407017918923954
"GO:0006308","DNA catabolic process",24,-0.56837499277955,-1.70962976361413,0.00627952781285578,0.143017462900545,0.0944638117989037,2415,"tags=46%, list=17%, signal=38%","80198/11219/668/2021/3669/328/581/1676/57109/4830/1774",0.407017918923954
"GO:0017004","cytochrome complex assembly",44,-0.487087161053255,-1.70952699087963,0.00303813319586931,0.0888162719349655,0.0586636304867135,2595,"tags=39%, list=18%, signal=32%","84334/6341/79064/51287/9997/1352/1535/84987/790955/55245/617/28958/283951/440957/132299/84902/7386",0.431707695803346
"GO:0016601","Rac protein signal transduction",49,0.447342145586495,1.70940322092278,0.00302544986643035,0.0888162719349655,0.0586636304867135,2950,"tags=41%, list=21%, signal=32%","10152/6792/2059/7074/84078/57531/9710/2339/85440/391/6654/5291/8473/57679/5923/9855/10160/10787/80005/8936",0.431707695803346
"GO:0071677","positive regulation of mononuclear cell migration",55,0.423958299347516,1.70628242322912,0.00299364870861999,0.0886413829543311,0.0585481153641733,934,"tags=20%, list=7%, signal=19%","5747/961/6868/80310/196527/6364/5795/79647/81704/2621/8995",0.431707695803346
"GO:1900044","regulation of protein K63-linked ubiquitination",12,0.641135674550577,1.70545464301408,0.0161517730059031,0.225363311389109,0.148853692421063,3509,"tags=58%, list=25%, signal=44%","64127/329/8767/7336/80254/1654/7335",0.352487857583619
"GO:0042167","heme catabolic process",9,-0.723844253822932,-1.70445328075312,0.0120951975006291,0.194864010868817,0.128708738609719,640,"tags=33%, list=5%, signal=32%","4363/645/3163",0.380730400722792
"GO:0046149","pigment catabolic process",9,-0.723844253822932,-1.70445328075312,0.0120951975006291,0.194864010868817,0.128708738609719,640,"tags=33%, list=5%, signal=32%","4363/645/3163",0.380730400722792
"GO:0006882","intracellular zinc ion homeostasis",24,-0.566522042212831,-1.70405622593283,0.00657678017662128,0.146383183022071,0.0966868882378185,1848,"tags=38%, list=13%, signal=33%","7922/7780/57192/4494/23400/4501/4493/4489/4502",0.407017918923954
"GO:0022616","DNA strand elongation",36,-0.50542778108578,-1.70388205816552,0.00442930301595212,0.118302656916976,0.0781395480780332,2516,"tags=36%, list=18%, signal=30%","10445/64858/5426/5425/4176/29844/54107/4172/283899/125476/8607/10856/3978",0.407017918923954
"GO:0001523","retinoid metabolic process",50,-0.474519405769754,-1.70365423539997,0.0044245542800029,0.118302656916976,0.0781395480780332,1685,"tags=26%, list=12%, signal=23%","10901/231/348/84649/8824/317749/112724/8644/10170/126/3991/5950/29785",0.407017918923954
"GO:0044571","[2Fe-2S] cluster assembly",9,-0.723428001387701,-1.70347312124352,0.0124155954601012,0.198285521246527,0.130968664816163,2382,"tags=56%, list=17%, signal=46%","51218/9054/57128/23479/4706",0.380730400722792
"GO:0006091","generation of precursor metabolites and energy",352,-0.355314038124156,-1.70344070532309,2.06107844816259e-06,0.0002285074898378,0.0001509304393806,3753,"tags=44%, list=27%, signal=33%","10202/6834/9167/6391/6622/5211/5224/3795/2539/37/55829/3052/93058/23178/7385/5209/2230/201163/84883/5467/27010/2597/6389/378884/4695/3421/1349/4702/4708/387/4724/50/84275/1716/215/5214/4710/5834/226/84300/1743/7157/5213/4191/28964/4709/10295/440567/54539/4720/84269/29997/54949/5018/4722/7167/4713/6472/10007/4967/1329/126328/207/2232/2475/374291/51103/5499/1534/51142/27089/1431/513/7384/2271/163702/5223/1351/4728/65990/83440/4723/10632/4938/4694/205251/2992/55572/29796/9572/30968/506/23130/402/6714/751071/4726/9377/84277/4712/4717/27166/522/65018/27158/1050/8671/23479/3692/4705/10476/521/891/790955/2821/1337/1327/5160/4696/64223/2997/9551/339123/7345/4697/4700/48/8802/7415/10131/4731/2109/283951/11315/291/208/10975/10840/9927/4716/5261/2931/2023/5226/5315/6390/3651/10105/9555/3420/4706/1340/57521/7386/514",0.627256739718528
"GO:1901880","negative regulation of protein depolymerization",60,0.427300008734114,1.70283380971268,0.00204292127311937,0.070612972946173,0.0466402525374609,2061,"tags=32%, list=15%, signal=27%","130271/6840/29767/2059/120/23075/10677/23332/50810/146057/85477/6314/5290/29766/55604/5962/4131/7111/57551",0.431707695803346
"GO:0030837","negative regulation of actin filament polymerization",48,0.438484256812159,1.7025064226508,0.00554776825894172,0.136396176943689,0.0900904164259892,2004,"tags=27%, list=14%, signal=23%","51571/6840/29767/2059/120/10677/85464/10565/85477/29766/55604/5962/7111",0.407017918923954
"GO:0009119","ribonucleoside metabolic process",18,-0.586525398634529,-1.70241046943119,0.0199929315592366,0.245202021752276,0.161957268474446,1665,"tags=33%, list=12%, signal=29%","978/23463/353/100/4860/7378",0.352487857583619
"GO:0006356","regulation of transcription by RNA polymerase I",42,-0.482525275474439,-1.70168367850867,0.00576941740606462,0.137751683608164,0.0909857359474533,2721,"tags=33%, list=19%, signal=27%","29997/6598/2475/80758/2316/4141/51547/55011/1663/5441/10514/55506/9555/7343",0.407017918923954
"GO:0055078","sodium ion homeostasis",16,-0.609383961716101,-1.700228404405,0.0108248160409588,0.18297716878372,0.120857414786483,1933,"tags=38%, list=14%, signal=32%","6548/133308/483/476/54997/53827",0.380730400722792
"GO:0001732","formation of cytoplasmic translation initiation complex",15,-0.624673577799919,-1.69939912728968,0.00769791624184323,0.158875435947233,0.104938089212398,2765,"tags=53%, list=20%, signal=43%","8664/8668/728689/8663/8666/8662/8665/27335",0.407017918923954
"GO:0006883","intracellular sodium ion homeostasis",14,-0.637304800908627,-1.69931540489329,0.0105034059301026,0.180991241188513,0.119545698812816,783,"tags=29%, list=6%, signal=27%","483/476/54997/53827",0.380730400722792
"GO:0048813","dendrite morphogenesis",91,0.389755821072529,1.69730164896695,0.00132840897228514,0.0534639117886814,0.0353132044074314,1826,"tags=25%, list=13%, signal=22%","27067/10371/10152/23043/6792/9743/8301/8609/22903/5764/23327/5728/10611/2043/8976/23181/9693/7436/5048/4205/54664/9762/2932",0.45505986738723
"GO:1903490","positive regulation of mitotic cytokinesis",13,-0.636118767545056,-1.69655801222879,0.0226077636943754,0.260895615533618,0.172322972489487,2166,"tags=54%, list=15%, signal=46%","23265/9212/3619/9727/26073/23636/332",0.352487857583619
"GO:0045332","phospholipid translocation",41,0.456296420730098,1.69598921058933,0.0049323754542703,0.12642673361331,0.083505544904701,969,"tags=24%, list=7%, signal=23%","81671/19/5205/196527/55754/23120/10955/338440/440026/256987",0.407017918923954
"GO:0006334","nucleosome assembly",60,-0.45664098428517,-1.69463241987475,0.00243282830242156,0.0803106691293767,0.0530456335906135,2678,"tags=35%, list=19%, signal=28%","8352/266812/1616/8208/55723/29855/6749/9733/54107/8370/3014/10036/8970/79903/554313/8349/3021/55506/9555/3006/83743",0.431707695803346
"GO:0034453","microtubule anchoring",25,0.517388286113084,1.69423171325179,0.0121043846097886,0.194864010868817,0.128708738609719,3507,"tags=56%, list=25%, signal=42%","22981/80323/84376/23332/2932/636/9648/9857/11116/51199/11127/5108/399693/23122",0.380730400722792
"GO:0051168","nuclear export",158,-0.390462688673066,-1.69243238593154,0.000200713822600006,0.0122853585583087,0.00811454612043534,2150,"tags=27%, list=15%, signal=23%","7979/8498/2010/51547/100101267/9883/1029/5976/5905/7040/23381/84321/8563/10411/9531/3692/10482/10212/2810/2079/10541/11315/161424/7329/55696/27351/10204/10189/57510/23511/5901/5902/29107/79902/9775/23636/8021/23214/8480/3553/9688/65083",0.518848077743792
"GO:0006123","mitochondrial electron transport, cytochrome c to oxygen",14,-0.634625414330915,-1.69217106378574,0.0114101597660802,0.188862250099964,0.124744542991697,3927,"tags=71%, list=28%, signal=52%","1347/9167/1349/1329/1351/9377/1337/1327/4697/1340",0.380730400722792
"GO:0071816","tail-anchored membrane protein insertion into ER membrane",17,-0.592984046857172,-1.69206761369015,0.0183879119480961,0.240783648872975,0.159038909165989,3717,"tags=71%, list=26%, signal=52%","7917/51016/55831/284361/83460/8266/439/6449/56851/23065/51234/10328",0.352487857583619
"GO:0009127","purine nucleoside monophosphate biosynthetic process",20,-0.582587036727205,-1.69156088104702,0.0108989123679888,0.18297716878372,0.120857414786483,1278,"tags=30%, list=9%, signal=27%","3614/353/2618/100/471/5198",0.380730400722792
"GO:0002713","negative regulation of B cell mediated immunity",7,0.753540724550653,1.69023471251559,0.00803217008081919,0.162189111322658,0.107126789813558,1185,"tags=43%, list=8%, signal=39%","55061/4179/2302",0.380730400722792
"GO:0002890","negative regulation of immunoglobulin mediated immune response",7,0.753540724550653,1.69023471251559,0.00803217008081919,0.162189111322658,0.107126789813558,1185,"tags=43%, list=8%, signal=39%","55061/4179/2302",0.380730400722792
"GO:0009117","nucleotide metabolic process",368,-0.349059176780735,-1.689912537928,3.99810970126662e-06,0.000391548210077378,0.000258619721513785,3350,"tags=38%, list=24%, signal=30%","517/2597/6389/4695/51024/107/4702/1267/128240/4708/349565/4832/4724/1716/9060/5214/4710/226/4913/3704/25819/7157/5213/1635/4191/9567/28964/4709/8402/203/54539/4720/4722/7167/4713/2987/4967/126328/2475/374291/10591/706/1854/513/5223/4728/65990/11164/83440/4723/4354/518/10632/4694/271/30833/30968/506/402/57673/6714/5091/4726/65220/84277/5138/7040/978/4712/5744/10201/4717/5631/109/3735/84833/9556/522/204/65018/8671/7083/3692/790/4705/3614/10476/521/5152/790955/2821/4696/1969/1841/3312/64223/9551/339123/353/7345/4700/4522/48/2618/7415/6241/4731/5635/1503/516/5604/80308/142/10840/7374/111/5901/4716/1723/2023/5226/5315/6390/4830/56848/7371/9555/100/7298/471/4706/4860/79077/57521/7378/514/4923/2806/5198",0.610526878385931
"GO:0051900","regulation of mitochondrial depolarization",13,-0.632578519828327,-1.68711600872955,0.0232066362101426,0.262022596936292,0.173067349833092,3116,"tags=62%, list=22%, signal=48%","215/666/3791/706/6714/2537/8326/142",0.352487857583619
"GO:0006167","AMP biosynthetic process",12,-0.666688848778144,-1.68661450979171,0.0132738207248512,0.204180551254518,0.134862364186365,886,"tags=33%, list=6%, signal=31%","353/2618/471/5198",0.380730400722792
"GO:0038096","Fc-gamma receptor signaling pathway involved in phagocytosis",18,0.554152351110555,1.68618645130157,0.0268369697543476,0.286196069467417,0.189034059865517,1818,"tags=39%, list=13%, signal=34%","5747/4067/2534/5581/55198/26060/10451",0.352487857583619
"GO:0034111","negative regulation of homotypic cell-cell adhesion",9,-0.71606886431377,-1.68614438614211,0.014658383968746,0.215871338847999,0.142584192951986,1853,"tags=44%, list=13%, signal=39%","634/114897/5604/5270",0.380730400722792
"GO:0006007","glucose catabolic process",18,-0.579901748715486,-1.68318509403521,0.0231572295797487,0.262022596936292,0.173067349833092,3673,"tags=56%, list=26%, signal=41%","5211/5224/2597/5214/226/5213/7167/5223/2023/5315",0.352487857583619
"GO:0051987","positive regulation of attachment of spindle microtubules to kinetochore",11,-0.670181260297636,-1.68265930152228,0.0136897825738453,0.207694077000191,0.137183067043614,2127,"tags=55%, list=15%, signal=46%","9212/3619/891/22933/55920/332",0.380730400722792
"GO:0050818","regulation of coagulation",45,-0.469952991966596,-1.68140855728321,0.007306496771919,0.154992689645473,0.102373514170486,3502,"tags=40%, list=25%, signal=30%","5055/7056/10019/7001/5154/2150/2152/634/2243/2161/348/114897/84034/10544/7103/308/5270/5329",0.407017918923954
"GO:0061621","canonical glycolysis",17,-0.58919168307278,-1.68124618270409,0.0201531154889323,0.245202021752276,0.161957268474446,5303,"tags=82%, list=38%, signal=52%","5230/3607/2027/3098/5211/5224/2597/5214/226/5213/7167/5223/2023/5315",0.352487857583619
"GO:0061718","glucose catabolic process to pyruvate",17,-0.58919168307278,-1.68124618270409,0.0201531154889323,0.245202021752276,0.161957268474446,5303,"tags=82%, list=38%, signal=52%","5230/3607/2027/3098/5211/5224/2597/5214/226/5213/7167/5223/2023/5315",0.352487857583619
"GO:0038094","Fc-gamma receptor signaling pathway",19,0.539959074900361,1.68032751390102,0.0202494894079394,0.24533195827021,0.162043092250977,1818,"tags=37%, list=13%, signal=32%","5747/4067/2534/5581/55198/26060/10451",0.352487857583619
"GO:0043248","proteasome assembly",15,-0.617454663481303,-1.67976036373537,0.00876749118275801,0.166724201261767,0.110122241374582,3213,"tags=60%, list=23%, signal=46%","8624/5715/84262/7979/389362/51371/5693/5717/11047",0.380730400722792
"GO:0010042","response to manganese ion",14,0.60251110810367,1.67871636067186,0.0167061816903162,0.226710216194684,0.149743330367957,102,"tags=14%, list=1%, signal=14%","8754/6648",0.352487857583619
"GO:0072528","pyrimidine-containing compound biosynthetic process",39,-0.483731292657556,-1.67786857855335,0.00947921189129093,0.17208120341827,0.113660570423742,1665,"tags=33%, list=12%, signal=29%","978/10201/5631/7083/790/1841/1503/1723/4830/7371/60386/7298/7378",0.380730400722792
"GO:0071397","cellular response to cholesterol",11,0.642403218155497,1.67665465048421,0.0252428871129255,0.27672985946931,0.182781576696158,1391,"tags=45%, list=10%, signal=41%","3625/19/4040/5727/151556",0.352487857583619
"GO:0034728","nucleosome organization",75,-0.430075494082742,-1.67600864920799,0.00131060044906131,0.0531109533702362,0.0350800734530945,2678,"tags=35%, list=19%, signal=28%","8352/3159/266812/1616/8208/55723/29855/6749/9733/54107/8370/6602/92815/3014/10036/8970/79903/6830/554313/8349/3021/6603/55506/9555/3006/83743",0.45505986738723
"GO:0006271","DNA strand elongation involved in DNA replication",15,-0.615499942786242,-1.67444262538156,0.00891996548035066,0.16692266612274,0.110253328494262,3195,"tags=53%, list=23%, signal=41%","5111/4173/5426/5425/4176/54107/4172/3978",0.380730400722792
"GO:0034351","negative regulation of glial cell apoptotic process",9,0.685238301371582,1.67443441497448,0.0179330971035328,0.236432727005587,0.156165101617617,1820,"tags=56%, list=13%, signal=48%","5885/5583/2621/5578/5584",0.352487857583619
"GO:0030431","sleep",9,-0.710444306047176,-1.67290010501444,0.0161001785200186,0.225249164246736,0.148778297612934,1109,"tags=44%, list=8%, signal=41%","1437/142/134/100",0.352487857583619
"GO:0006517","protein deglycosylation",17,0.570006809522693,1.67169034988296,0.0201553057362746,0.245202021752276,0.161957268474446,2490,"tags=53%, list=18%, signal=44%","11236/10299/9695/10724/4121/10206/80267/55757/7844",0.352487857583619
"GO:0106027","neuron projection organization",67,0.402509631327214,1.67166377017528,0.00292214182221077,0.0871599256208655,0.0575696047410761,2429,"tags=33%, list=17%, signal=27%","27067/5357/10152/9743/3480/5663/5728/9456/2534/10611/2043/8976/23181/23613/5048/3643/9762/2932/4739/91752/51104/26128",0.431707695803346
"GO:0006163","purine nucleotide metabolic process",315,-0.350851441037162,-1.67105035559618,1.45485390918732e-05,0.00115523264464658,0.000763037442523589,3381,"tags=38%, list=24%, signal=30%","201163/517/2597/6389/4695/51024/107/4702/4708/349565/4832/4724/1716/9060/5214/4710/226/25819/7157/5213/4191/9567/28964/4709/8402/203/54539/4720/4722/7167/4713/2987/4967/126328/2475/374291/10591/706/513/5223/4728/65990/11164/83440/4723/4354/518/10632/4694/271/30833/30968/506/402/57673/6714/5091/4726/65220/84277/5138/7040/4712/5744/10201/4717/5631/109/84833/9556/522/204/65018/8671/3692/4705/3614/10476/521/5152/790955/2821/4696/1969/3312/64223/9551/339123/353/7345/4700/4522/48/2618/7415/4731/5635/516/5604/142/10840/111/5901/4716/2023/5226/5315/6390/4830/56848/9555/100/471/4706/4860/57521/514/4923/2806/5198",0.593325476396405
"GO:0051930","regulation of sensory perception of pain",8,-0.744973111130054,-1.67015129000298,0.00898400278048828,0.166976573621038,0.110288934689971,837,"tags=38%, list=6%, signal=35%","2171/11343/134",0.380730400722792
"GO:0051931","regulation of sensory perception",8,-0.744973111130054,-1.67015129000298,0.00898400278048828,0.166976573621038,0.110288934689971,837,"tags=38%, list=6%, signal=35%","2171/11343/134",0.380730400722792
"GO:0000729","DNA double-strand break processing",17,0.569117677139514,1.66908274239495,0.0205466587182532,0.247401980796016,0.163410353383508,5752,"tags=88%, list=41%, signal=52%","92797/7336/472/4683/55218/4361/5893/1763/56916/641/113510/10111/6419/51444/5932",0.352487857583619
"GO:0009220","pyrimidine ribonucleotide biosynthetic process",20,-0.574630624525287,-1.66845917300035,0.0127028437093156,0.200169710826171,0.132213182277423,1665,"tags=40%, list=12%, signal=35%","978/10201/790/1503/1723/4830/7371/7378",0.380730400722792
"GO:1903428","positive regulation of reactive oxygen species biosynthetic process",14,0.598404148855342,1.66727355141896,0.0188554919032854,0.242004437551724,0.159845246725451,1388,"tags=29%, list=10%, signal=26%","6648/2309/5873/6526",0.352487857583619
"GO:0090306","meiotic spindle assembly",9,0.682135738740517,1.66685305585653,0.0184792781803797,0.241298307973135,0.159378844299729,744,"tags=22%, list=5%, signal=21%","9897/5728",0.352487857583619
"GO:1902686","mitochondrial outer membrane permeabilization involved in programmed cell death",29,-0.513961644810305,-1.66576501822662,0.0144244632304783,0.21349658927529,0.141015657948244,3162,"tags=52%, list=22%, signal=40%","28978/666/255027/284114/10572/7755/578/292/90529/89941/54978/8326/2931/10105/79594",0.380730400722792
"GO:0048599","oocyte development",22,0.51386237604937,1.66304217315025,0.0171375619687047,0.230435501437319,0.152203901524238,428,"tags=18%, list=3%, signal=18%","9897/80336/23424/23318",0.352487857583619
"GO:0008154","actin polymerization or depolymerization",138,0.354511970582586,1.66297323071825,0.000415999446631254,0.0220217364721193,0.0145454766669575,2004,"tags=25%, list=14%, signal=21%","51571/9897/130271/6840/29767/10152/2059/3717/120/23075/343578/5921/10677/10602/85464/9530/93663/55740/10810/8976/10565/51429/5581/1073/11034/85477/9873/5290/29766/55761/55604/5962/4690/7111",0.49849310876659
"GO:0017062","respiratory chain complex III assembly",14,-0.623258300682073,-1.66186168700855,0.0156372800864582,0.220876581221222,0.145890182751853,1181,"tags=50%, list=8%, signal=46%","790955/55245/617/283951/440957/132299/7386",0.352487857583619
"GO:0034551","mitochondrial respiratory chain complex III assembly",14,-0.623258300682073,-1.66186168700855,0.0156372800864582,0.220876581221222,0.145890182751853,1181,"tags=50%, list=8%, signal=46%","790955/55245/617/283951/440957/132299/7386",0.352487857583619
"GO:0042572","retinol metabolic process",33,-0.501868083856035,-1.66175503874686,0.00915948933894708,0.169248928791362,0.111789837634243,1685,"tags=30%, list=12%, signal=27%","10901/231/84649/8824/112724/8644/10170/126/3991/5950",0.380730400722792
"GO:0034656","nucleobase-containing small molecule catabolic process",13,-0.622659808564597,-1.66066234956397,0.0270993121564265,0.286910915731823,0.189506219709613,1665,"tags=38%, list=12%, signal=34%","978/4521/100/4860/7378",0.352487857583619
"GO:0046847","filopodium assembly",48,0.42690791823245,1.65755887783808,0.00808382624787402,0.162362763773655,0.10724148820155,2983,"tags=38%, list=21%, signal=30%","27067/653464/117177/26052/54874/23433/7043/8976/23613/5898/23380/139818/121512/387804/2332/55785/89846/998",0.380730400722792
"GO:0038093","Fc receptor signaling pathway",36,0.459726379931627,1.6572619938172,0.00799450769182619,0.162189111322658,0.107126789813558,2330,"tags=39%, list=16%, signal=33%","5747/5602/5599/4067/2534/5601/5581/6654/55198/26060/10451/4214/5284/6416",0.380730400722792
"GO:0022410","circadian sleep/wake cycle process",8,-0.738569496949681,-1.65579506113479,0.0108920641220884,0.18297716878372,0.120857414786483,1109,"tags=50%, list=8%, signal=46%","1437/142/134/100",0.380730400722792
"GO:0045187","regulation of circadian sleep/wake cycle, sleep",8,-0.738569496949681,-1.65579506113479,0.0108920641220884,0.18297716878372,0.120857414786483,1109,"tags=50%, list=8%, signal=46%","1437/142/134/100",0.380730400722792
"GO:0050802","circadian sleep/wake cycle, sleep",8,-0.738569496949681,-1.65579506113479,0.0108920641220884,0.18297716878372,0.120857414786483,1109,"tags=50%, list=8%, signal=46%","1437/142/134/100",0.380730400722792
"GO:0009130","pyrimidine nucleoside monophosphate biosynthetic process",16,-0.593087606712281,-1.65476031301032,0.0162617501751161,0.225363311389109,0.148853692421063,1665,"tags=44%, list=12%, signal=39%","978/7083/790/1723/7371/7298/7378",0.352487857583619
"GO:1990481","mRNA pseudouridine synthesis",11,-0.658982289210099,-1.65454145641936,0.0169201252828771,0.228557830257898,0.150963689501764,1136,"tags=45%, list=8%, signal=42%","84881/27079/26995/126789/80324",0.352487857583619
"GO:0009264","deoxyribonucleotide catabolic process",27,-0.512970456972079,-1.65353280662415,0.0156245776810315,0.220876581221222,0.145890182751853,450,"tags=19%, list=3%, signal=18%","7374/100/4860/79077/7378",0.380730400722792
"GO:0046386","deoxyribose phosphate catabolic process",27,-0.512970456972079,-1.65353280662415,0.0156245776810315,0.220876581221222,0.145890182751853,450,"tags=19%, list=3%, signal=18%","7374/100/4860/79077/7378",0.380730400722792
"GO:0006368","transcription elongation by RNA polymerase II",136,-0.380828159382248,-1.65318125833168,0.000999736044760757,0.0449324577653491,0.0296781326414646,2863,"tags=33%, list=20%, signal=27%","9862/51586/219541/55756/5499/5439/5518/79034/80789/9878/81857/55090/5434/55723/84337/6749/2962/80349/6923/5435/9733/5436/8178/9442/9150/54973/84656/9441/5430/84246/6830/9400/5438/5604/142/8812/5514/80335/5441/51497/55588/5432/54623/11047/6829",0.45505986738723
"GO:0019896","axonal transport of mitochondrion",14,0.593118497762874,1.6525466711235,0.0202175360385558,0.24533195827021,0.162043092250977,1242,"tags=29%, list=9%, signal=26%","9823/6683/51566/55860",0.352487857583619
"GO:0033077","T cell differentiation in thymus",42,-0.468543329737562,-1.6523746576893,0.00865318590815101,0.165084806481478,0.109039412209188,2119,"tags=33%, list=15%, signal=28%","2736/1029/5691/5692/9760/5689/8772/677/6647/6469/101/5688/3553/1209",0.380730400722792
"GO:0031638","zymogen activation",35,-0.498478422364648,-1.65197604924108,0.0116629849654747,0.19110682030499,0.126227093815329,2324,"tags=40%, list=16%, signal=34%","55848/1512/5646/2243/2161/302/1522/6281/5045/4241/64115/2023/5270/5329",0.380730400722792
"GO:0051127","positive regulation of actin nucleation",11,0.632874096485741,1.6517839062054,0.0316002504042815,0.312597763258515,0.206472522154482,2950,"tags=55%, list=21%, signal=43%","10152/10810/85477/9873/10787/8936",0.321775918075361
"GO:0090646","mitochondrial tRNA processing",18,-0.568792092709793,-1.65093892918045,0.0291981763464089,0.299055934361421,0.197528070544139,1631,"tags=39%, list=12%, signal=34%","55687/3028/84881/26995/60528/80324/51654",0.352487857583619
"GO:0043484","regulation of RNA splicing",169,-0.370315085920448,-1.65055679103907,0.000718999492135196,0.034348300941353,0.0226872395155858,1153,"tags=18%, list=8%, signal=17%","708/3190/3191/6636/5725/10084/6628/10922/5430/2648/79084/23210/29115/6433/9904/55696/8882/11338/25980/9343/984/2521/6625/3185/10419/113146/112869/23450/3006/10921/6633",0.477270815362862
"GO:0016180","snRNA processing",37,-0.49011391759985,-1.64916029969076,0.0106921125168139,0.18263620101395,0.120632203720786,2790,"tags=43%, list=20%, signal=35%","55756/64852/5518/79034/80789/23016/79068/55505/23404/55651/79650/54973/114034/118460/56257/56915",0.380730400722792
"GO:1903319","positive regulation of protein maturation",17,-0.577796627259788,-1.64873062853438,0.0272139519355869,0.287414958507957,0.189839142703614,2324,"tags=47%, list=16%, signal=39%","55848/2161/302/6281/4241/7036/101/2023",0.352487857583619
"GO:0006352","DNA-templated transcription initiation",233,-0.35804547646188,-1.64863160688177,0.000185459357508088,0.011471149312816,0.00757675648711881,2868,"tags=31%, list=20%, signal=25%","6874/9862/51586/219541/55756/4286/6598/404672/5439/5518/27350/79034/10432/51504/80789/9328/6944/1019/10467/4150/81857/51547/84148/55090/4609/5442/10629/284119/5434/27297/2962/64425/6923/5435/661/5436/1050/9442/328/6602/54973/84656/9013/10589/6928/9441/5430/84246/10849/1870/3725/11091/171568/5438/9533/11240/5441/2068/25885/51728/55718/6927/56848/55588/5432/11128/2975/9555/26155/8061/112869/7343/79798",0.518848077743792
"GO:0051984","positive regulation of chromosome segregation",26,-0.523567652679542,-1.64788929253609,0.0193941347421746,0.243024349680214,0.160518904231346,2286,"tags=35%, list=16%, signal=29%","29781/9212/3619/9587/891/23397/22933/55920/332",0.352487857583619
"GO:0090132","epithelium migration",69,0.396387703248475,1.64765356505088,0.00410386777840077,0.112159660771548,0.0740820657259195,1798,"tags=22%, list=13%, signal=19%","8754/5747/23499/79977/100506658/5801/11221/23332/5728/5581/1793/83481/54566/659/5586",0.407017918923954
"GO:0048485","sympathetic nervous system development",9,0.67388774815273,1.64669843334502,0.0206321396860052,0.247631669975921,0.163562064335603,3035,"tags=56%, list=21%, signal=44%","10371/7976/4763/6659/2625",0.352487857583619
"GO:0009123","nucleoside monophosphate metabolic process",67,-0.429937123868779,-1.64618263849829,0.00574496234334791,0.137751683608164,0.0909857359474533,2904,"tags=36%, list=21%, signal=29%","1635/203/2987/10591/1854/4354/271/30833/978/5631/204/7083/790/3614/353/2618/1723/7371/100/7298/471/4860/7378/5198",0.407017918923954
"GO:0032305","positive regulation of icosanoid secretion",7,-0.744721192828732,-1.64611272896907,0.0170703613923965,0.230058356747069,0.151954795405879,77,"tags=29%, list=1%, signal=28%","4923/3553",0.352487857583619
"GO:0098901","regulation of cardiac muscle cell action potential",23,0.514004395687884,1.64564725851238,0.0198540747165143,0.244625435728886,0.161576430271231,1691,"tags=35%, list=12%, signal=31%","1824/1525/817/5318/153396/57657/1739/10142",0.352487857583619
"GO:0001973","G protein-coupled adenosine receptor signaling pathway",6,-0.783855317741222,-1.64511166753109,0.019899754642343,0.244625435728886,0.161576430271231,307,"tags=33%, list=2%, signal=33%","134/100",0.352487857583619
"GO:0035588","G protein-coupled purinergic receptor signaling pathway",6,-0.783855317741222,-1.64511166753109,0.019899754642343,0.244625435728886,0.161576430271231,307,"tags=33%, list=2%, signal=33%","134/100",0.352487857583619
"GO:0009219","pyrimidine deoxyribonucleotide metabolic process",23,-0.543015530242628,-1.64473237864139,0.0176746064697956,0.23496829777493,0.155197838149002,3171,"tags=52%, list=22%, signal=41%","4832/4913/1635/1854/30833/978/7083/1841/7374/7298/79077/7378",0.352487857583619
"GO:2001256","regulation of store-operated calcium entry",8,0.695206682862683,1.64331931167984,0.0273237918198687,0.287414958507957,0.189839142703614,2291,"tags=62%, list=16%, signal=52%","6786/9456/9455/51669/196996",0.352487857583619
"GO:0033617","mitochondrial respiratory chain complex IV assembly",28,-0.517738455302849,-1.64273791944301,0.0129903939478082,0.202647966818364,0.133850083833975,2595,"tags=36%, list=18%, signal=29%","84334/6341/79064/51287/9997/84987/617/28958/440957/84902",0.380730400722792
"GO:0051549","positive regulation of keratinocyte migration",9,0.672243801715981,1.64268131917531,0.0217085726913238,0.25614372115305,0.169184320416164,1459,"tags=22%, list=10%, signal=20%","8754/54566",0.352487857583619
"GO:0072594","establishment of protein localization to organelle",320,-0.342739831920509,-1.64149702409641,1.76036679346846e-05,0.00137918870378942,0.000910961637185087,2702,"tags=30%, list=19%, signal=25%","5018/8692/8943/9789/11331/207/10245/5830/23480/6748/51307/441150/2671/8266/25930/26520/7879/23788/6734/2316/26262/1994/4851/140823/100101267/1072/9883/55723/10953/26521/9409/84313/55764/7040/28972/10952/26517/128866/7249/58477/79720/9531/6449/56993/4580/65057/10469/3312/100287932/6396/30000/29927/131474/55135/84134/5195/29928/9679/617/22879/10155/90637/55275/5192/25813/27183/9146/90865/9131/9709/55696/8882/10204/142/10758/5514/79035/51172/6730/23511/5901/84315/79902/80273/23163/55506/9555/23636/8021/55612/26519/10856/10452/8878/112869/9688/92609",0.575610261071129
"GO:0042749","regulation of circadian sleep/wake cycle",9,-0.696805821786918,-1.64078524174223,0.0219434614674548,0.257205859011714,0.169885868246411,1928,"tags=56%, list=14%, signal=48%","9572/1437/142/134/100",0.352487857583619
"GO:0060392","negative regulation of SMAD protein signal transduction",17,-0.574940655115775,-1.6405811715699,0.0292733667846167,0.299055934361421,0.197528070544139,1917,"tags=29%, list=14%, signal=25%","163126/22943/2022/56937/6497",0.352487857583619
"GO:0016101","diterpenoid metabolic process",53,-0.445749325036643,-1.64054361975956,0.00840718332593234,0.164664144293276,0.108761562546837,1685,"tags=25%, list=12%, signal=22%","10901/231/348/84649/8824/317749/112724/8644/10170/126/3991/5950/29785",0.380730400722792
"GO:0006287","base-excision repair, gap-filling",13,-0.614892621709735,-1.63994690495926,0.0327536786587544,0.317068559800396,0.209425507577089,2525,"tags=54%, list=18%, signal=44%","5428/5424/11284/5426/328/2237/3978",0.321775918075361
"GO:0043576","regulation of respiratory gaseous exchange",9,-0.695619122743691,-1.6379908932801,0.0228906452407901,0.261987606177908,0.173044238246943,307,"tags=33%, list=2%, signal=33%","134/4923/26164",0.352487857583619
"GO:0007000","nucleolus organization",13,-0.614119785527258,-1.6378857153129,0.033343819207909,0.321193904369956,0.212150320093833,1891,"tags=46%, list=13%, signal=40%","57673/6223/1663/6839/22933/57602",0.321775918075361
"GO:0010248","establishment or maintenance of transmembrane electrochemical gradient",7,-0.740463147844366,-1.6367008549459,0.0200915913600771,0.245202021752276,0.161957268474446,1753,"tags=57%, list=12%, signal=50%","578/581/476/53827",0.352487857583619
"GO:0010632","regulation of epithelial cell migration",52,0.42120156684945,1.6359480853705,0.0047301512225623,0.122442152351437,0.0808737073179804,1721,"tags=23%, list=12%, signal=20%","8754/5747/23499/5801/11221/23332/5728/5581/1793/83481/54566/659",0.407017918923954
"GO:0003298","physiological muscle hypertrophy",15,0.57448759894528,1.63492155755497,0.0155512910907541,0.220876581221222,0.145890182751853,896,"tags=33%, list=6%, signal=31%","8470/4211/27086/5465/10611",0.380730400722792
"GO:0003301","physiological cardiac muscle hypertrophy",15,0.57448759894528,1.63492155755497,0.0155512910907541,0.220876581221222,0.145890182751853,896,"tags=33%, list=6%, signal=31%","8470/4211/27086/5465/10611",0.380730400722792
"GO:0061049","cell growth involved in cardiac muscle cell development",15,0.57448759894528,1.63492155755497,0.0155512910907541,0.220876581221222,0.145890182751853,896,"tags=33%, list=6%, signal=31%","8470/4211/27086/5465/10611",0.380730400722792
"GO:0048024","regulation of mRNA splicing, via spliceosome",97,-0.393179163654738,-1.63241941443371,0.00810981473652457,0.162362763773655,0.10724148820155,1153,"tags=20%, list=8%, signal=18%","708/3190/3191/6636/5725/6628/79084/23210/29115/6433/9904/11338/25980/9343/984/10419/3006/10921/6633",0.380730400722792
"GO:0071025","RNA surveillance",39,-0.47059128788948,-1.63229120645226,0.0139575020140655,0.209057046412284,0.138083315750453,2917,"tags=41%, list=21%, signal=33%","53918/9567/55756/5518/79034/80789/5394/23016/6832/23404/54973/80335/118460/23211/56915/79798",0.380730400722792
"GO:0006479","protein methylation",39,-0.470463395998031,-1.63184760110902,0.0141067786951012,0.209851725601049,0.138608205675121,2347,"tags=33%, list=17%, signal=28%","51504/65990/751071/387893/23463/51451/28989/6628/79091/196483/54496/3276/10419",0.380730400722792
"GO:0008213","protein alkylation",39,-0.470463395998031,-1.63184760110902,0.0141067786951012,0.209851725601049,0.138608205675121,2347,"tags=33%, list=17%, signal=28%","51504/65990/751071/387893/23463/51451/28989/6628/79091/196483/54496/3276/10419",0.380730400722792
"GO:0006354","DNA-templated transcription elongation",157,-0.371626078594438,-1.63159189428732,0.000771361159558738,0.0359635418087031,0.0237541148901641,2529,"tags=30%, list=18%, signal=25%","5499/5439/5518/79034/80789/9878/81857/55090/5434/55723/84337/6749/2962/64425/80349/6923/5435/9733/5436/8178/57805/9442/9150/54973/84656/9441/5430/84246/10849/6830/9400/5438/5604/142/8812/9533/5514/80335/5441/51497/25885/55588/5432/23211/54623/11047/6829",0.477270815362862
"GO:1990173","protein localization to nucleoplasm",14,-0.611780353495552,-1.63125678266326,0.0195092630477823,0.243074287844522,0.160551888660374,2777,"tags=50%, list=20%, signal=40%","10575/29997/10574/7203/55135/22948/56257",0.352487857583619
"GO:2000114","regulation of establishment of cell polarity",19,0.523729009813778,1.62982030662347,0.0320450060996672,0.314877016457599,0.207977981284253,3324,"tags=47%, list=24%, signal=36%","51571/81704/10565/22902/57698/9585/6093/889/9475",0.321775918075361
"GO:0035279","miRNA-mediated gene silencing by mRNA destabilization",6,0.743869968518776,1.62969018013901,0.036733189597095,0.336205953384004,0.222065860084674,2093,"tags=67%, list=15%, signal=57%","192669/27161/9337/57472",0.321775918075361
"GO:1990116","ribosome-associated ubiquitin-dependent protein catabolic process",18,-0.561446000922739,-1.6296166410122,0.0320328656322134,0.314877016457599,0.207977981284253,1752,"tags=39%, list=12%, signal=34%","6923/55666/7415/7353/84164/90850/64763",0.321775918075361
"GO:0000184","nuclear-transcribed mRNA catabolic process, nonsense-mediated decay",41,-0.463851768275342,-1.62935272250498,0.0100857312026323,0.176217138428977,0.116392377984443,2784,"tags=34%, list=20%, signal=28%","22794/4116/84305/5394/5976/80349/23381/9811/10189/3182/9775/10921/9704/56006",0.380730400722792
"GO:0009159","deoxyribonucleoside monophosphate catabolic process",13,-0.610854863828666,-1.62917801896804,0.0368846677709897,0.336543956245863,0.222289112812576,2519,"tags=46%, list=18%, signal=38%","10591/30833/978/100/4860/7378",0.321775918075361
"GO:0072393","microtubule anchoring at microtubule organizing center",14,0.584650168763024,1.62895221411118,0.0232982164581942,0.262022596936292,0.173067349833092,3055,"tags=57%, list=22%, signal=45%","22981/80323/84376/2932/636/51199/11127/5108",0.352487857583619
"GO:1900025","negative regulation of substrate adhesion-dependent cell spreading",13,-0.610709138578495,-1.628789363023,0.0368846677709897,0.336543956245863,0.222289112812576,928,"tags=31%, list=7%, signal=29%","4241/2192/81/55920",0.321775918075361
"GO:1905907","negative regulation of amyloid fibril formation",10,-0.663620302496471,-1.62676819013252,0.0261460375575665,0.282935758173592,0.186880606530383,1491,"tags=50%, list=11%, signal=45%","3339/348/5201/5202/10471",0.352487857583619
"GO:0006457","protein folding",191,-0.359831471472125,-1.62550131380379,0.000528377730057236,0.0269322915113652,0.0177889249679391,2395,"tags=27%, list=17%, signal=22%","6903/23386/2671/64772/7846/9141/23759/402/10574/8260/10465/8570/1861/81562/3310/23753/6902/9531/10598/84987/6904/7456/5201/7203/3312/5202/10726/131474/1155/28958/23640/10131/10471/9131/22948/2280/5480/8882/9093/169714/9894/8425/9526/642489/11140/3306/80273/80331/10105/6625/10856",0.477270815362862
"GO:0071359","cellular response to dsRNA",15,-0.597257811462075,-1.62481564714218,0.0139516404559672,0.209057046412284,0.138083315750453,1236,"tags=27%, list=9%, signal=24%","4940/10084/79594/3661",0.380730400722792
"GO:0060339","negative regulation of type I interferon-mediated signaling pathway",18,-0.55942290037047,-1.62374452094901,0.0331667432888324,0.320012780895204,0.211370181617263,2094,"tags=44%, list=15%, signal=38%","23170/4938/9470/58509/4940/56339/9636/79594",0.321775918075361
"GO:0043173","nucleotide salvage",24,-0.539449976284619,-1.62262546233245,0.0148658344195507,0.217178227840532,0.143447400236809,2071,"tags=38%, list=15%, signal=32%","271/978/10201/7083/353/7371/100/4860/7378",0.380730400722792
"GO:0009994","oocyte differentiation",23,0.50663535902394,1.62205439610569,0.0225012093587984,0.260575087050805,0.172111261683949,428,"tags=17%, list=3%, signal=17%","9897/80336/23424/23318",0.352487857583619
"GO:0090130","tissue migration",70,0.389439026566237,1.62109578021845,0.00686727555555001,0.149052121458732,0.0984497365856387,1798,"tags=21%, list=13%, signal=19%","8754/5747/23499/79977/100506658/5801/11221/23332/5728/5581/1793/83481/54566/659/5586",0.407017918923954
"GO:0055003","cardiac myofibril assembly",5,0.790562477764861,1.62043781091838,0.0211202522777328,0.251436792227364,0.166075368270256,733,"tags=40%, list=5%, signal=38%","10529/80206",0.352487857583619
"GO:0002021","response to dietary excess",10,0.64637424968808,1.61983107245989,0.0187580960697429,0.242004437551724,0.159845246725451,1838,"tags=50%, list=13%, signal=44%","6653/1432/115209/55198/9462",0.352487857583619
"GO:1902110","positive regulation of mitochondrial membrane permeability involved in apoptotic process",27,-0.502272998145818,-1.61905012077681,0.0193514466794148,0.243024349680214,0.160518904231346,3162,"tags=52%, list=22%, signal=40%","28978/666/255027/284114/10572/7755/578/292/90529/89941/54978/8326/2931/79594",0.352487857583619
"GO:0043030","regulation of macrophage activation",32,-0.488798819515085,-1.61885612828482,0.0186502592892376,0.242004437551724,0.159845246725451,1928,"tags=25%, list=14%, signal=22%","9572/3735/1050/51063/90865/9173/8877/3566",0.352487857583619
"GO:0008306","associative learning",32,-0.48814392195644,-1.61668716861495,0.0189394048487921,0.242004437551724,0.159845246725451,1527,"tags=25%, list=11%, signal=22%","109/10636/10411/84446/10280/9775/4900/4923",0.352487857583619
"GO:0009158","ribonucleoside monophosphate catabolic process",13,-0.606089008476976,-1.6164672635328,0.0421959537602161,0.364581860881766,0.240808301260237,1970,"tags=38%, list=14%, signal=33%","30833/978/100/4860/7378",0.321775918075361
"GO:0002687","positive regulation of leukocyte migration",86,0.369721291237145,1.61646520718614,0.00377641249389621,0.104179341850395,0.0688110216913369,2155,"tags=27%, list=15%, signal=23%","5747/961/6868/80310/90550/23075/196527/6364/5764/5795/79647/81704/2621/8995/3576/64065/23604/375056/9943/102/4739/5594/3383",0.431707695803346
"GO:0070286","axonemal dynein complex assembly",20,0.52627286883524,1.61616374743341,0.027336746328139,0.287414958507957,0.189839142703614,2475,"tags=30%, list=18%, signal=25%","1767/6674/79645/54970/83544/79819",0.352487857583619
"GO:0009147","pyrimidine nucleoside triphosphate metabolic process",20,-0.556558849545671,-1.61598717194393,0.019109948778761,0.242004437551724,0.159845246725451,1647,"tags=40%, list=12%, signal=35%","10201/790/1841/1503/4830/7371/7298/79077",0.352487857583619
"GO:0097119","postsynaptic density protein 95 clustering",6,0.737441634912437,1.61560681530877,0.0402994116018168,0.355554568426841,0.234845725514443,1223,"tags=50%, list=9%, signal=46%","1000/9419/23613",0.321775918075361
"GO:0006171","cAMP biosynthetic process",7,-0.73072054247959,-1.61516604855297,0.0231128300852914,0.262022596936292,0.173067349833092,1527,"tags=43%, list=11%, signal=38%","109/111/4923",0.352487857583619
"GO:0060368","regulation of Fc receptor mediated stimulatory signaling pathway",8,0.68288470598565,1.61419280432706,0.0356474884753129,0.331094306226012,0.218689589345969,2595,"tags=75%, list=18%, signal=61%","961/5795/4067/55198/26060/5906",0.321775918075361
"GO:1901077","regulation of relaxation of muscle",7,0.719596207127517,1.61409522890322,0.0175571205738014,0.234239492640108,0.154716458395107,1261,"tags=43%, list=9%, signal=39%","5144/817/2770",0.352487857583619
"GO:0032272","negative regulation of protein polymerization",59,0.403666921966059,1.61404608848272,0.00741649685801695,0.155877982856636,0.102958255149594,2004,"tags=25%, list=14%, signal=22%","51571/6840/29767/2059/120/10677/85464/10565/85477/8874/1859/29766/55604/5962/7111",0.407017918923954
"GO:0042026","protein refolding",24,-0.536486344319007,-1.61371107749643,0.0165977247216749,0.226710216194684,0.149743330367957,1837,"tags=29%, list=13%, signal=25%","8260/3310/23753/3312/2280/3306/6625",0.352487857583619
"GO:0097345","mitochondrial outer membrane permeabilization",25,-0.517369484267203,-1.61368702451784,0.0192283101175703,0.242458262340865,0.160145000466019,3162,"tags=52%, list=22%, signal=40%","28978/666/255027/284114/10572/7755/578/292/89941/54978/8326/2931/79594",0.352487857583619
"GO:0051156","glucose 6-phosphate metabolic process",21,-0.542357085073297,-1.61262148043531,0.0366913644610889,0.336205953384004,0.222065860084674,4315,"tags=52%, list=31%, signal=36%","25796/7086/3098/2539/7157/2475/92579/2821/64223/5226/57521",0.321775918075361
"GO:0044321","response to leptin",15,0.566297565459002,1.61161372231467,0.018642194483565,0.242004437551724,0.159845246725451,61,"tags=13%, list=0%, signal=13%","7357/3625",0.352487857583619
"GO:0002690","positive regulation of leukocyte chemotaxis",57,0.408205013320919,1.61154284930181,0.0104092494923236,0.179896323579099,0.118822499778983,1883,"tags=28%, list=13%, signal=24%","5747/6868/90550/23075/196527/5764/5795/79647/2621/8995/3576/64065/23604/9943/102/4739",0.380730400722792
"GO:0071379","cellular response to prostaglandin stimulus",11,-0.64123962224879,-1.60999401028069,0.0239319071971386,0.265667182589325,0.175474618471695,1964,"tags=45%, list=14%, signal=39%","2778/10270/8644/2782/1646",0.352487857583619
"GO:0006284","base-excision repair",46,-0.456349690881861,-1.6095006819705,0.0082327807049867,0.162393521871831,0.10726180409262,2698,"tags=33%, list=19%, signal=26%","6117/3159/5428/4350/5424/11284/5426/328/27301/6118/142/7374/2237/7515/3978",0.380730400722792
"GO:0061615","glycolytic process through fructose-6-phosphate",20,-0.55418847229798,-1.6091047025913,0.0202950388374459,0.245377876972906,0.162073421803757,3673,"tags=55%, list=26%, signal=41%","5211/5224/2597/5214/226/5213/7167/5223/83440/2023/5315",0.352487857583619
"GO:0035739","CD4-positive, alpha-beta T cell proliferation",10,-0.656391129141192,-1.60904692812308,0.0280475450703867,0.291149903113833,0.192306093921831,1536,"tags=40%, list=11%, signal=36%","654346/284194/975/64115",0.352487857583619
"GO:2000561","regulation of CD4-positive, alpha-beta T cell proliferation",10,-0.656391129141192,-1.60904692812308,0.0280475450703867,0.291149903113833,0.192306093921831,1536,"tags=40%, list=11%, signal=36%","654346/284194/975/64115",0.352487857583619
"GO:1901879","regulation of protein depolymerization",74,0.381275334401741,1.60898413963683,0.0109434816600473,0.183201989271902,0.121005909941224,2061,"tags=30%, list=15%, signal=26%","130271/6840/29767/2059/120/23075/10677/23332/6683/444/50810/146057/1073/85477/6314/5290/29766/55604/5962/4131/7111/57551",0.380730400722792
"GO:0036092","phosphatidylinositol-3-phosphate biosynthetic process",23,0.502125723697775,1.60761625302043,0.0259046787857737,0.280841130157207,0.185497093337549,4392,"tags=65%, list=31%, signal=45%","8503/3631/8821/9896/5291/5290/5286/200576/472/5289/8867/22863/4952/5294/8678",0.352487857583619
"GO:0070327","thyroid hormone transport",7,-0.727012280137949,-1.60696940005994,0.0243213272965044,0.268631802996729,0.177432766368746,3443,"tags=86%, list=24%, signal=65%","8140/6520/6567/23428/1428/28231",0.352487857583619
"GO:0019673","GDP-mannose metabolic process",10,-0.655069020822832,-1.60580597279347,0.0293152175276002,0.299055934361421,0.197528070544139,3133,"tags=70%, list=22%, signal=55%","4351/5372/2987/5373/29926/55343/29925",0.352487857583619
"GO:0048667","cell morphogenesis involved in neuron differentiation",336,0.30516494654561,1.6048985733748,2.50718840087912e-05,0.00188874859532894,0.00124752871590702,2602,"tags=26%, list=18%, signal=22%","5747/27067/23499/59277/10371/9175/5357/4897/6868/10152/23022/23043/6792/9743/7976/8301/7074/9252/3897/51062/7204/8609/288/1000/80208/84612/5727/22903/56288/5764/23327/6259/5795/5728/6683/9706/2534/153478/10611/55740/2043/8976/627/23181/203228/23032/6091/9693/7436/157657/8997/85440/26230/5048/5578/22902/4205/6654/54798/54664/10890/9762/64218/659/25942/4781/2932/4983/1946/4131/214/2045/6498/345651/4898/66008/57698/23390/999/1948/10160/26128/144165/5532/8239/55605/57453/2803",0.575610261071129
"GO:0035999","tetrahydrofolate interconversion",10,-0.654502838816006,-1.60441806034554,0.0293152175276002,0.299055934361421,0.197528070544139,813,"tags=30%, list=6%, signal=28%","4522/10840/7298",0.352487857583619
"GO:0035023","regulation of Rho protein signal transduction",73,0.379553398419362,1.6042174372569,0.00581388998210084,0.137751683608164,0.0909857359474533,1634,"tags=25%, list=12%, signal=22%","10979/64283/19/57493/2059/50650/202243/286205/11214/81704/56990/6091/8502/85440/137735/23348/139818/8087",0.407017918923954
"GO:0061734","type 2 mitophagy",14,-0.601516931981141,-1.60389030078287,0.0254661877639709,0.278139998700916,0.183712981325238,1441,"tags=43%, list=10%, signal=39%","65018/100287932/9927/11140/7416/79594",0.352487857583619
"GO:0032486","Rap protein signal transduction",15,0.563583318594198,1.60388930716639,0.0190285577863278,0.242004437551724,0.159845246725451,3515,"tags=60%, list=25%, signal=45%","10769/9771/9693/57826/5962/5906/5911/51735/9928",0.352487857583619
"GO:0032204","regulation of telomere maintenance",104,-0.387324381213727,-1.60387514341578,0.00259329966894288,0.081532509961409,0.0538526661030387,2565,"tags=33%, list=18%, signal=27%","51750/10445/56252/197370/5394/9212/3183/11284/4609/6714/10574/5976/4000/3184/23381/54552/29844/54984/7014/65057/56160/7203/125476/55135/2067/5371/22948/142/5514/79035/54386/8607/10856/7515",0.431707695803346
"GO:0030808","regulation of nucleotide biosynthetic process",16,-0.574843366645973,-1.60385747157326,0.0225275943195726,0.260575087050805,0.172111261683949,2239,"tags=50%, list=16%, signal=42%","65990/84277/65018/7415/5604/142/2023/56848",0.352487857583619
"GO:1900371","regulation of purine nucleotide biosynthetic process",16,-0.574843366645973,-1.60385747157326,0.0225275943195726,0.260575087050805,0.172111261683949,2239,"tags=50%, list=16%, signal=42%","65990/84277/65018/7415/5604/142/2023/56848",0.352487857583619
"GO:2001169","regulation of ATP biosynthetic process",16,-0.574843366645973,-1.60385747157326,0.0225275943195726,0.260575087050805,0.172111261683949,2239,"tags=50%, list=16%, signal=42%","65990/84277/65018/7415/5604/142/2023/56848",0.352487857583619
"GO:0034114","regulation of heterotypic cell-cell adhesion",15,-0.589536595856199,-1.60381039331272,0.0172794169870294,0.231812452547453,0.153113385218649,390,"tags=20%, list=3%, signal=19%","4680/91663/3553",0.352487857583619
"GO:0034204","lipid translocation",46,0.422724705234499,1.60375522079586,0.0115971382046207,0.191065639715709,0.12619989381222,969,"tags=22%, list=7%, signal=20%","81671/19/5205/196527/55754/23120/10955/338440/440026/256987",0.380730400722792
"GO:0002420","natural killer cell mediated cytotoxicity directed against tumor cell target",5,-0.805750835827635,-1.60350799357341,0.0166877431380097,0.226710216194684,0.149743330367957,2297,"tags=80%, list=16%, signal=67%","5819/634/7040/5817",0.352487857583619
"GO:0002423","natural killer cell mediated immune response to tumor cell",5,-0.805750835827635,-1.60350799357341,0.0166877431380097,0.226710216194684,0.149743330367957,2297,"tags=80%, list=16%, signal=67%","5819/634/7040/5817",0.352487857583619
"GO:0002855","regulation of natural killer cell mediated immune response to tumor cell",5,-0.805750835827635,-1.60350799357341,0.0166877431380097,0.226710216194684,0.149743330367957,2297,"tags=80%, list=16%, signal=67%","5819/634/7040/5817",0.352487857583619
"GO:0000012","single strand break repair",15,-0.589412486900698,-1.603472759934,0.0175799210779931,0.234239492640108,0.154716458395107,2386,"tags=47%, list=17%, signal=39%","55775/11284/54840/7014/142/7374/7515",0.352487857583619
"GO:0042745","circadian sleep/wake cycle",10,-0.654077279418399,-1.60337486367354,0.0296321357281544,0.300722676232531,0.198628962611699,1928,"tags=50%, list=14%, signal=43%","9572/1437/142/134/100",0.352487857583619
"GO:1901029","negative regulation of mitochondrial outer membrane permeabilization involved in apoptotic signaling pathway",10,-0.65395291756305,-1.60307000875938,0.0296321357281544,0.300722676232531,0.198628962611699,3162,"tags=70%, list=22%, signal=54%","28978/666/255027/578/292/54978/8326",0.352487857583619
"GO:0006085","acetyl-CoA biosynthetic process",22,0.495321229934417,1.60303640241302,0.0274550820707826,0.287568738409837,0.189940715164872,1015,"tags=23%, list=7%, signal=21%","5165/5163/54704/5166/23181",0.352487857583619
"GO:0006086","pyruvate decarboxylation to acetyl-CoA",15,0.563179796808698,1.60274093343775,0.0190285577863278,0.242004437551724,0.159845246725451,882,"tags=27%, list=6%, signal=25%","5165/5163/54704/5166",0.352487857583619
"GO:0051204","protein insertion into mitochondrial membrane",30,-0.485988498583569,-1.60271287638045,0.0323800181077826,0.315530657381975,0.208409714668499,2869,"tags=50%, list=20%, signal=40%","90580/1678/5018/26520/23788/140823/26521/26517/56993/4580/29928/617/25813/26519/10452",0.321775918075361
"GO:0016137","glycoside metabolic process",14,-0.600214091456752,-1.6004163947805,0.0254661877639709,0.278139998700916,0.183712981325238,2799,"tags=71%, list=20%, signal=57%","57016/1645/4668/231/8574/2519/8644/2717/1646/2629",0.352487857583619
"GO:0043242","negative regulation of protein-containing complex disassembly",69,0.384500209417463,1.59824115535786,0.00673069022267397,0.149052121458732,0.0984497365856387,2061,"tags=29%, list=15%, signal=25%","130271/6840/29767/2059/120/23075/10677/23332/11213/50810/146057/85477/6314/5290/29766/55604/5962/4131/7111/57551",0.407017918923954
"GO:0033081","regulation of T cell differentiation in thymus",14,-0.599055271137275,-1.59732650558214,0.0266575750838281,0.285628094606502,0.188658909381934,2119,"tags=50%, list=15%, signal=43%","2736/1029/9760/6647/6469/101/1209",0.352487857583619
"GO:0036507","protein demannosylation",15,0.561212670818919,1.59714273307099,0.0196081028656065,0.243074287844522,0.160551888660374,2490,"tags=53%, list=18%, signal=44%","11236/10299/9695/4121/10206/80267/55757/7844",0.352487857583619
"GO:0036508","protein alpha-1,2-demannosylation",15,0.561212670818919,1.59714273307099,0.0196081028656065,0.243074287844522,0.160551888660374,2490,"tags=53%, list=18%, signal=44%","11236/10299/9695/4121/10206/80267/55757/7844",0.352487857583619
"GO:0046073","dTMP metabolic process",9,-0.678173498089993,-1.59691126597251,0.0314153204517837,0.311292450210255,0.205610355789419,2904,"tags=67%, list=21%, signal=53%","1635/1854/30833/7083/7298/7378",0.321775918075361
"GO:0002097","tRNA wobble base modification",28,-0.50326727856771,-1.5968221669655,0.0181162288117987,0.238145325499171,0.157296282233633,3073,"tags=50%, list=22%, signal=39%","55226/54733/23587/51504/84705/81605/8846/54859/55687/90353/55140/348180/81890/27304",0.352487857583619
"GO:1904869","regulation of protein localization to Cajal body",10,-0.651340280955497,-1.59666551192655,0.0302659722251779,0.3045254328684,0.201140704044405,2777,"tags=50%, list=20%, signal=40%","10575/10574/7203/22948/56257",0.352487857583619
"GO:1904871","positive regulation of protein localization to Cajal body",10,-0.651340280955497,-1.59666551192655,0.0302659722251779,0.3045254328684,0.201140704044405,2777,"tags=50%, list=20%, signal=40%","10575/10574/7203/22948/56257",0.352487857583619
"GO:0042407","cristae formation",18,-0.550036466357289,-1.59650006815657,0.0405369675440024,0.35711427479544,0.235875920050668,2804,"tags=50%, list=20%, signal=40%","84303/125988/79135/65018/790955/25813/57143/3954/55735",0.321775918075361
"GO:0016074","sno(s)RNA metabolic process",13,-0.598370197942386,-1.5958808407994,0.0463269618233537,0.381583395349394,0.252037907209543,2151,"tags=38%, list=15%, signal=33%","5394/23404/118460/2091/56915",0.321775918075361
"GO:0048477","oogenesis",40,0.421745241159763,1.59521673430059,0.0270165039754828,0.286910915731823,0.189506219709613,641,"tags=15%, list=5%, signal=14%","9897/80336/23424/658/23318/5764",0.352487857583619
"GO:0033044","regulation of chromosome organization",231,-0.34707882207143,-1.59502439705282,0.000429483065809673,0.0223796645475542,0.014781890106755,2777,"tags=31%, list=20%, signal=25%","10575/51434/29882/9319/6598/51750/51433/10445/56252/197370/25906/991/5394/9212/3619/3183/1017/11284/6047/4609/6714/10574/605/8260/51112/11130/5976/4000/9587/8110/3184/7517/23381/8655/54552/29844/1663/54984/9274/7014/9275/10459/6602/51451/83903/283899/891/23397/65057/56160/7203/10460/125476/55135/8193/2067/5347/5371/1503/55743/22948/6603/142/5514/79035/54386/2237/8607/9555/10856/7515/332",0.49849310876659
"GO:0046112","nucleobase biosynthetic process",20,-0.54930049518012,-1.59491229809415,0.0232577689662333,0.262022596936292,0.173067349833092,1539,"tags=40%, list=11%, signal=36%","5631/790/353/2618/1503/1723/100/7298",0.352487857583619
"GO:1903599","positive regulation of autophagy of mitochondrion",23,-0.52621775623338,-1.59385382864897,0.0273425734863764,0.287414958507957,0.189839142703614,1705,"tags=35%, list=12%, signal=31%","292/10273/65018/11315/291/11140/7416/79594",0.352487857583619
"GO:0090303","positive regulation of wound healing",46,0.420093380786759,1.59377236370609,0.0124181538153033,0.198285521246527,0.130968664816163,1205,"tags=20%, list=9%, signal=18%","5747/1824/10979/100506658/196527/9076/301/10565/5581",0.380730400722792
"GO:0006222","UMP biosynthetic process",10,-0.649904418439869,-1.59314570480636,0.0318505639827066,0.314544393214091,0.20775828182352,1665,"tags=50%, list=12%, signal=44%","978/790/1723/7371/7378",0.321775918075361
"GO:1902455","negative regulation of stem cell population maintenance",19,0.511727004289312,1.59247062394895,0.0399087223426383,0.353168151333347,0.23326948404979,3249,"tags=53%, list=23%, signal=41%","5928/64426/58516/8473/25942/51742/5926/3066/79685/3622",0.321775918075361
"GO:0006403","RNA localization",186,-0.355217728348323,-1.59212849476683,0.0014128420830878,0.0555260766333496,0.0366752754988513,1924,"tags=22%, list=14%, signal=19%","100101267/10574/9883/8086/5976/7263/55505/8570/23381/84321/55011/8563/677/55651/10482/10212/2079/7203/6396/55135/6830/29074/22948/10204/10189/57510/23511/5901/3182/29107/79902/24148/8607/9775/23636/8021/10856/8480/2091/9688/65083",0.45505986738723
"GO:0010765","positive regulation of sodium ion transport",18,-0.548410274389848,-1.59177998913336,0.0422377921639827,0.364581860881766,0.240808301260237,783,"tags=22%, list=6%, signal=21%","483/81/54997/53827",0.321775918075361
"GO:0046710","GDP metabolic process",10,0.635025197880975,1.59139004658521,0.0219736795820082,0.257205859011714,0.169885868246411,1689,"tags=50%, list=12%, signal=44%","8573/260425/9583/1739/9414",0.352487857583619
"GO:0010828","positive regulation of D-glucose transmembrane transport",27,0.473034572165814,1.5908023352521,0.028182807137719,0.291149903113833,0.192306093921831,2595,"tags=44%, list=18%, signal=36%","23596/100506658/23433/1389/3643/4780/673/9847/26060/5584/10776/5906",0.352487857583619
"GO:0051125","regulation of actin nucleation",32,0.461321905203627,1.5904571895662,0.0183988867161276,0.240783648872975,0.159038909165989,3654,"tags=50%, list=26%, signal=37%","9897/10152/10810/374666/348110/85477/9873/55604/23647/10787/8936/23325/55435/27236/51019/2764",0.352487857583619
"GO:0031123","RNA 3'-end processing",88,-0.39482127628003,-1.59044090770775,0.00758855496498375,0.157563070580369,0.104071264752555,2790,"tags=33%, list=20%, signal=27%","55756/64852/10898/6227/255374/80789/5394/57455/23016/23283/26024/6832/389421/23404/677/79650/1478/891/54973/3028/114034/79869/60528/8189/118460/54623/29101/2091/56915",0.407017918923954
"GO:0099116","tRNA 5'-end processing",15,-0.584200829629859,-1.58929465774984,0.019082443290961,0.242004437551724,0.159845246725451,3160,"tags=53%, list=22%, signal=41%","54974/138716/10775/10940/10248/3028/51367/54913",0.352487857583619
"GO:0003140","determination of left/right asymmetry in lateral mesoderm",7,-0.718316267370754,-1.58774795524918,0.0279468231726314,0.291149903113833,0.192306093921831,1206,"tags=57%, list=9%, signal=52%","6469/56926/6608/23420",0.352487857583619
"GO:0062125","regulation of mitochondrial gene expression",28,-0.500398941977069,-1.587721190913,0.0190145342401035,0.242004437551724,0.159845246725451,2643,"tags=46%, list=19%, signal=38%","285367/6472/8846/115416/84148/51204/708/84881/28958/26995/51335/84769/26164",0.352487857583619
"GO:0033145","positive regulation of intracellular steroid hormone receptor signaling pathway",11,-0.632232186535501,-1.58737856818507,0.0306388577442341,0.306701751456762,0.202578174304163,1291,"tags=27%, list=9%, signal=25%","79447/142/5536",0.352487857583619
"GO:0051693","actin filament capping",36,0.440324517305647,1.58732045697505,0.0127064843666034,0.200169710826171,0.132213182277423,2004,"tags=28%, list=14%, signal=24%","6840/29767/2059/120/10677/85477/29766/55604/5962/7111",0.380730400722792
"GO:0006692","prostanoid metabolic process",35,-0.47889507106133,-1.5870760939662,0.021314315161436,0.253015991694137,0.167118438103805,1458,"tags=34%, list=10%, signal=31%","221955/231/873/7132/8824/8644/2171/1646/10280/3553/6916/29785",0.352487857583619
"GO:0045917","positive regulation of complement activation",3,-0.922694157760573,-1.58691881426441,0.00775669636221808,0.159364852532844,0.10526135152804,506,"tags=67%, list=4%, signal=64%","5245/3553",0.407017918923954
"GO:0007264","small GTPase-mediated signal transduction",410,0.298459225142266,1.58679676557984,6.81385198990234e-06,0.000635526893534384,0.000419768968393196,2998,"tags=32%, list=21%, signal=26%","51571/10979/51196/57221/64283/10152/6792/19/9743/57493/27314/2059/23362/8301/5337/7074/4646/50650/23075/7204/10769/202243/343578/6016/9367/286205/84078/55103/57531/10602/9771/3685/11214/64121/9710/23179/84986/23433/57148/57186/26269/23677/81704/9265/56990/93663/10617/153478/10672/9649/10144/2339/10565/79658/6091/9693/6655/4763/6453/8997/65979/8502/55667/23365/85440/23779/26230/5898/1793/9732/137735/23380/253959/391/23348/6654/5291/3845/8473/139818/8874/8087/121512/5500/57139/10451/57679/4983/57826/94134/85004/5962/9886/84144/9901/115273/394/8036/57584/57698/10260/5923/5922/9855/285282/10160/10564/55704/23092/5906/89839/5911/10251/6093/1121/23647/89846/4649/10787/83452/390/51735/10928/201475/10252/4925/80005/84033/23607/8936/28512/998/889",0.610526878385931
"GO:0043094","metabolic compound salvage",41,-0.451626907992385,-1.5864109666541,0.0159917320213426,0.224265912547516,0.148128854519886,3172,"tags=41%, list=22%, signal=32%","349565/1716/8566/1635/197258/10591/271/978/10201/7083/55343/55256/353/7371/100/4860/7378",0.352487857583619
"GO:0006693","prostaglandin metabolic process",33,-0.478960722889493,-1.58590558002443,0.015963377886553,0.224265912547516,0.148128854519886,1458,"tags=33%, list=10%, signal=30%","221955/231/7132/8824/8644/2171/1646/10280/3553/6916/29785",0.352487857583619
"GO:1903405","protein localization to nuclear body",12,-0.626738627366452,-1.5855469379764,0.0298323609016629,0.301712483060536,0.199282735402949,3540,"tags=58%, list=25%, signal=44%","1736/10575/10574/7203/55135/22948/56257",0.352487857583619
"GO:1904867","protein localization to Cajal body",12,-0.626738627366452,-1.5855469379764,0.0298323609016629,0.301712483060536,0.199282735402949,3540,"tags=58%, list=25%, signal=44%","1736/10575/10574/7203/55135/22948/56257",0.352487857583619
"GO:0070936","protein K48-linked ubiquitination",99,0.358722056242569,1.58427015572967,0.0050661405347728,0.127778679792294,0.0843985127061404,3241,"tags=36%, list=23%, signal=28%","6737/8945/81790/57162/51366/10299/84078/57531/117854/23327/7324/7328/27246/7267/25948/329/81847/11074/80263/223082/3093/81545/7128/7321/26268/7320/7323/83737/29945/10210/54765/54708/7337/92912/23077/996",0.407017918923954
"GO:0006220","pyrimidine nucleotide metabolic process",46,-0.448921743745193,-1.58330303963397,0.0111469732356445,0.18555131652308,0.12255765336338,1665,"tags=30%, list=12%, signal=27%","978/10201/5631/7083/790/1841/1503/7374/1723/4830/7371/7298/79077/7378",0.380730400722792
"GO:0010763","positive regulation of fibroblast migration",13,0.577591940142662,1.58318374590238,0.0418353804686817,0.364550440633402,0.240787548015368,2006,"tags=38%, list=14%, signal=33%","5747/9530/5581/8874/9590",0.321775918075361
"GO:0006099","tricarboxylic acid cycle",30,-0.479885943728042,-1.58258761976578,0.0372217581882069,0.338568190578799,0.223626130594777,3313,"tags=50%, list=23%, signal=38%","6389/3421/50/1743/4191/54949/4967/1431/2271/751071/5160/48/8802/6390/3420",0.321775918075361
"GO:0032925","regulation of activin receptor signaling pathway",21,-0.532015823150136,-1.58187321223514,0.0453584539106703,0.376982001667749,0.248998661666096,1206,"tags=38%, list=9%, signal=35%","6469/168002/10272/56926/10468/2280/23420/6497",0.321775918075361
"GO:0071616","acyl-CoA biosynthetic process",50,0.411599017219912,1.58120378457203,0.0103868862031518,0.179896323579099,0.118822499778983,1015,"tags=22%, list=7%, signal=20%","5165/5163/54704/5095/2182/2180/84869/5538/2181/5166/23181",0.380730400722792
"GO:0048368","lateral mesoderm development",9,-0.67150068178209,-1.58119862670267,0.0357802730519942,0.331094306226012,0.218689589345969,1206,"tags=56%, list=9%, signal=51%","6469/55897/56926/6608/23420",0.321775918075361
"GO:0006607","NLS-bearing protein import into nucleus",17,0.53913793352922,1.58115949788624,0.0385490282349314,0.346882220380486,0.229117592480262,6396,"tags=94%, list=45%, signal=52%","23633/3841/868/729540/727851/5903/3839/653489/53371/84220/729857/3838/3837/3840/3836/3843",0.321775918075361
"GO:0010499","proteasomal ubiquitin-independent protein catabolic process",19,-0.547902345026395,-1.57835550742421,0.0238941857328529,0.265667182589325,0.175474618471695,2760,"tags=47%, list=20%, signal=38%","5686/90007/5691/5692/5689/5693/5694/5695/5688",0.352487857583619
"GO:0034315","regulation of Arp2/3 complex-mediated actin nucleation",26,0.476325093331585,1.57827954595812,0.0300376481245077,0.303266701683174,0.200309305253131,3654,"tags=54%, list=26%, signal=40%","9897/10152/10810/374666/9873/55604/23647/10787/8936/23325/55435/27236/51019/2764",0.352487857583619
"GO:0010759","positive regulation of macrophage chemotaxis",13,0.575369029021395,1.5770907302088,0.0433429216743475,0.369641520694435,0.244150234074713,934,"tags=31%, list=7%, signal=29%","5747/5795/79647/8995",0.321775918075361
"GO:2000193","positive regulation of fatty acid transport",9,-0.669743685046885,-1.57706138470099,0.0364025231218893,0.334743702447921,0.221100035391469,399,"tags=33%, list=3%, signal=32%","51703/4923/3553",0.321775918075361
"GO:1903036","positive regulation of response to wounding",52,0.405791457567154,1.57609517702476,0.00770583717579328,0.158875435947233,0.104938089212398,1205,"tags=19%, list=9%, signal=18%","5747/1824/10979/100506658/196527/9076/5764/301/10565/5581",0.407017918923954
"GO:0150078","positive regulation of neuroinflammatory response",10,-0.642914185092034,-1.5760101693065,0.0470809792843691,0.383867012402259,0.253546248688462,1075,"tags=30%, list=8%, signal=28%","6352/90865/3553",0.287857117255149
"GO:0141188","nucleic acid catabolic process",353,-0.324340816856395,-1.57597715893167,0.000239625880934291,0.0143677722078561,0.00948999165756607,2976,"tags=30%, list=21%, signal=24%","401115/25819/25804/28960/53918/9567/57819/55756/85456/22794/1869/64852/79002/54915/11187/4116/4849/207/678/84305/5518/79034/7186/80198/10949/387338/80789/6637/7538/5394/1994/3183/9470/11219/9238/23016/79068/668/51013/51690/80153/10940/5976/80349/6923/8570/3184/23381/5436/9271/9811/6832/389421/149986/2021/6050/23404/677/3669/328/1478/23367/54973/708/6636/11157/6628/10922/581/8148/56339/23357/162989/23644/54555/1676/8882/60528/55095/57109/8189/90850/81892/10758/10189/80335/115572/3182/118460/2237/4830/9775/23211/2521/84069/7431/51154/1774/4234/56915/79798/124245/10921/9704/56006",0.518848077743792
"GO:1903715","regulation of aerobic respiration",22,-0.513666747376584,-1.57534459942661,0.0411703576618775,0.361267189543996,0.238618942820534,3180,"tags=59%, list=22%, signal=46%","387/84275/215/84300/29997/6472/402/65018/23479/7415/11315/10105/9555",0.321775918075361
"GO:0030262","apoptotic nuclear changes",19,-0.546624760439267,-1.5746751386731,0.0244805388509635,0.269883013674036,0.178259197823652,1976,"tags=42%, list=14%, signal=36%","668/22985/2021/581/162989/1676/10904/4830",0.352487857583619
"GO:0060612","adipose tissue development",38,0.43086271199501,1.57426137662194,0.0211384913819465,0.251436792227364,0.166075368270256,2348,"tags=34%, list=17%, signal=29%","93/84159/8609/157680/6653/8648/9517/10499/10424/9658/9462/23369/8450",0.352487857583619
"GO:0007409","axonogenesis",256,0.308069497779066,1.57399061327297,0.000165239783404602,0.0105537931226679,0.00697083773607105,2602,"tags=27%, list=18%, signal=23%","5747/23499/59277/10371/9175/4897/6868/23022/6792/7976/8301/7074/9252/3897/51062/7204/8609/288/1000/80208/84612/5727/56288/6259/5795/5728/6683/9706/2534/153478/55740/2043/627/203228/23032/6091/8997/85440/26230/5048/5578/22902/6654/54798/10890/64218/659/25942/4781/2932/4983/1946/4131/214/2045/6498/345651/4898/66008/57698/23390/999/1948/26128/144165/5532/8239/55605/57453/2803",0.518848077743792
"GO:0048596","embryonic camera-type eye morphogenesis",9,0.644017042635164,1.57370698319101,0.0378342215843601,0.342819785115228,0.226434331901032,1527,"tags=44%, list=11%, signal=40%","204851/64220/65979/7855",0.321775918075361
"GO:0055002","striated muscle cell development",74,0.37246524493594,1.57180551059832,0.0162589850300697,0.225363311389109,0.148853692421063,921,"tags=18%, list=7%, signal=17%","10529/29767/8470/4211/27086/5465/7168/1525/11214/80206/10611/5530/51804",0.352487857583619
"GO:0061387","regulation of extent of cell growth",62,0.389700748476683,1.57154361606307,0.00858644756898536,0.164664144293276,0.108761562546837,2399,"tags=32%, list=17%, signal=27%","23499/10371/9175/4897/6792/3897/1000/9706/627/5048/22902/659/25942/2932/1946/4131/2045/57698/23369/999",0.380730400722792
"GO:0002637","regulation of immunoglobulin production",35,-0.47378054150757,-1.57012635261959,0.0232646180471077,0.262022596936292,0.173067349833092,3537,"tags=46%, list=25%, signal=34%","942/149840/933/56941/2590/4292/11331/7040/23529/10459/2821/6830/6810/90865/5245/5950",0.352487857583619
"GO:0009116","nucleoside metabolic process",37,-0.466352659879311,-1.56920720818229,0.0263774604594796,0.284915363345409,0.188188146509026,1665,"tags=27%, list=12%, signal=24%","978/4521/23463/7083/2079/1841/353/100/4860/7378",0.352487857583619
"GO:0090201","negative regulation of release of cytochrome c from mitochondria",15,-0.576336753753505,-1.56790075834996,0.0226885057075696,0.260895615533618,0.172322972489487,4692,"tags=80%, list=33%, signal=54%","2395/51499/8996/27069/598/55486/207/2876/578/27166/2537/10105",0.352487857583619
"GO:0086001","cardiac muscle cell action potential",49,0.410201806824798,1.56748094659253,0.0132609537759453,0.204180551254518,0.134862364186365,2081,"tags=33%, list=15%, signal=28%","1824/23171/288/1525/23327/817/5318/153396/57657/6334/481/1739/10142/388591/10008/30819",0.380730400722792
"GO:1904705","regulation of vascular associated smooth muscle cell proliferation",40,0.413962484521004,1.56577909655749,0.0356781360632295,0.331094306226012,0.218689589345969,1674,"tags=30%, list=12%, signal=27%","27250/6648/3717/3488/1027/7168/3248/5728/7043/657/5031/4193",0.321775918075361
"GO:1901526","positive regulation of mitophagy",20,-0.538807045891681,-1.56444421829737,0.0294795172549309,0.30021082043323,0.198290879073419,1705,"tags=35%, list=12%, signal=31%","292/10273/65018/291/11140/7416/79594",0.352487857583619
"GO:0060113","inner ear receptor cell differentiation",20,0.509360792891183,1.56422741240037,0.0393569888540304,0.350928173757637,0.231789966682789,1348,"tags=30%, list=10%, signal=27%","5357/5205/4646/84059/54845/5048",0.321775918075361
"GO:0120254","olefinic compound metabolic process",99,-0.379906730101466,-1.56352533618328,0.00886351952394145,0.16692266612274,0.110253328494262,4050,"tags=48%, list=29%, signal=35%","127281/8228/1609/2879/5742/728635/8854/8630/1181/30/9415/57406/215/54884/1056/8912/80142/64834/9536/57016/3292/2950/2876/8605/1645/654/4259/2053/10901/2166/221955/231/84649/8824/1555/317749/112724/8644/59344/1646/10170/11343/3291/10280/126/3991/5950/29785",0.380730400722792
"GO:0009176","pyrimidine deoxyribonucleoside monophosphate metabolic process",11,-0.622462916674369,-1.56285034906773,0.0357503700168079,0.331094306226012,0.218689589345969,2904,"tags=64%, list=21%, signal=51%","1635/1854/30833/978/7083/7298/7378",0.321775918075361
"GO:0042490","mechanoreceptor differentiation",22,0.482819855339954,1.56257748940059,0.0341706091873184,0.326001919525894,0.215326040244405,586,"tags=23%, list=4%, signal=22%","5357/5205/4646/84059/54845",0.321775918075361
"GO:0061644","protein localization to CENP-A containing chromatin",6,-0.743849929841215,-1.56115059855721,0.047866092031788,0.385868137641187,0.254868002788432,3465,"tags=83%, list=25%, signal=63%","8365/1058/8370/8970/554313",0.321775918075361
"GO:1904645","response to amyloid-beta",32,0.452784050806674,1.5610220126194,0.0210358648782116,0.25123321549669,0.165940904732847,2185,"tags=31%, list=15%, signal=26%","4322/2309/3480/5663/2534/2043/2932/58533/3383/837",0.352487857583619
"GO:0045777","positive regulation of blood pressure",13,-0.585136609878985,-1.56058625273663,0.0444839857651246,0.373411286222674,0.246640184701464,1968,"tags=46%, list=14%, signal=40%","5770/151/1535/2022/3291/134",0.287857117255149
"GO:0030261","chromosome condensation",32,-0.471151540176613,-1.56040998405522,0.0281920936355921,0.291149903113833,0.192306093921831,2567,"tags=38%, list=18%, signal=31%","26993/29781/23310/387893/22985/5119/891/23397/10270/5347/1503/3006",0.352487857583619
"GO:0051056","regulation of small GTPase mediated signal transduction",262,0.307248869367273,1.55822629748071,0.000123573963261571,0.00844326288517432,0.00557682103973847,1983,"tags=25%, list=14%, signal=22%","51571/10979/57221/64283/6792/19/9743/57493/2059/23362/8301/7074/50650/23075/7204/202243/343578/286205/84078/55103/3685/11214/84986/57148/57186/26269/81704/9265/56990/93663/10617/153478/10672/9649/10144/2339/10565/79658/6091/6453/8997/8502/55667/23365/85440/23779/26230/137735/23380/253959/23348/6654/5291/3845/8473/139818/8087/121512/5500/10451/57679/4983/94134/5962/84144/9901",0.518848077743792
"GO:0002639","positive regulation of immunoglobulin production",30,-0.47248977359443,-1.55819622543528,0.0420635123807772,0.364550440633402,0.240787548015368,3537,"tags=47%, list=25%, signal=35%","942/149840/56941/2590/4292/11331/7040/23529/10459/2821/6810/90865/5245/5950",0.321775918075361
"GO:0032535","regulation of cellular component size",236,0.30530922702802,1.55551796978007,0.000430378164376043,0.0223796645475542,0.014781890106755,2005,"tags=24%, list=14%, signal=21%","51571/130271/23499/6840/10371/9175/5357/29767/4897/6792/2059/8301/6558/3897/120/23075/343578/5921/196527/51652/1000/10677/10602/85464/5728/9530/9706/93663/8800/627/10565/51429/5581/1073/5048/22902/85477/9873/5290/659/25942/29766/1182/10451/55604/2932/9943/64798/57679/1946/5865/5962/4131/4690/7111/2045",0.49849310876659
"GO:0008064","regulation of actin polymerization or depolymerization",107,0.345427314156335,1.5541565851383,0.00576342148257239,0.137751683608164,0.0909857359474533,2004,"tags=24%, list=14%, signal=21%","51571/130271/6840/29767/2059/120/23075/343578/5921/10677/10602/85464/9530/93663/10565/51429/5581/1073/85477/9873/5290/29766/55604/5962/4690/7111",0.407017918923954
"GO:0030832","regulation of actin filament length",107,0.345427314156335,1.5541565851383,0.00576342148257239,0.137751683608164,0.0909857359474533,2004,"tags=24%, list=14%, signal=21%","51571/130271/6840/29767/2059/120/23075/343578/5921/10677/10602/85464/9530/93663/10565/51429/5581/1073/85477/9873/5290/29766/55604/5962/4690/7111",0.407017918923954
"GO:0006122","mitochondrial electron transport, ubiquinol to cytochrome c",12,-0.614016015369238,-1.55336079591586,0.0382924421830273,0.345631935894729,0.22829177277991,4153,"tags=83%, list=29%, signal=59%","1537/7388/7385/440567/27089/7384/29796/790955/10975/7386",0.321775918075361
"GO:1904177","regulation of adipose tissue development",19,0.499060782248013,1.55305393038361,0.0499824841635023,0.395285433303822,0.261088177773275,748,"tags=26%, list=5%, signal=25%","93/8609/6653/8648/10499",0.321775918075361
"GO:0072527","pyrimidine-containing compound metabolic process",59,-0.407780681964318,-1.55160418607401,0.0190592268470075,0.242004437551724,0.159845246725451,1665,"tags=27%, list=12%, signal=24%","978/10201/5631/7083/790/2079/1841/1503/7374/1723/4830/7371/60386/7298/79077/7378",0.352487857583619
"GO:0001682","tRNA 5'-leader removal",12,-0.61291686773648,-1.55058013091867,0.039498478811445,0.351124147497808,0.231919408403637,2498,"tags=50%, list=18%, signal=41%","138716/10775/10940/10248/51367/54913",0.321775918075361
"GO:0071027","nuclear RNA surveillance",34,-0.468520482724485,-1.55045921943418,0.0195583026122966,0.243074287844522,0.160551888660374,2790,"tags=38%, list=20%, signal=31%","55756/5518/79034/80789/5394/23016/23404/54973/80335/118460/23211/56915/79798",0.352487857583619
"GO:0006690","icosanoid metabolic process",67,-0.404659186877688,-1.54939615810008,0.0154926133425092,0.220876581221222,0.145890182751853,1467,"tags=27%, list=10%, signal=24%","2166/221955/231/4258/873/7132/8824/1555/8644/2171/4363/59344/1646/11343/10280/3553/6916/29785",0.380730400722792
"GO:1904507","positive regulation of telomere maintenance in response to DNA damage",12,-0.612047221629531,-1.5483800675082,0.039498478811445,0.351124147497808,0.231919408403637,2516,"tags=42%, list=18%, signal=34%","10445/29844/125476/8607/10856",0.321775918075361
"GO:0014854","response to inactivity",5,0.755352193414753,1.54826631568701,0.0429568337790742,0.367415364317089,0.242679845684375,2356,"tags=60%, list=17%, signal=50%","847/5290/114907",0.321775918075361
"GO:0000727","double-strand break repair via break-induced replication",12,-0.611903935336911,-1.54801757645915,0.0401014973981207,0.354340449190011,0.23404379315763,3021,"tags=67%, list=21%, signal=52%","4173/80198/4176/4171/8318/4174/4172/51659",0.321775918075361
"GO:0046049","UMP metabolic process",13,-0.580416801576731,-1.54799830690023,0.0498220640569395,0.395285433303822,0.261088177773275,1970,"tags=46%, list=14%, signal=40%","30833/978/790/1723/7371/7378",0.271288554688953
"GO:0035872","nucleotide-binding domain, leucine rich repeat containing receptor signaling pathway",24,0.477843499725821,1.54657029094015,0.0383561605049391,0.345676072280709,0.228320925102809,3090,"tags=46%, list=22%, signal=36%","330/5608/64127/6565/329/8767/55914/7128/331/83737/1540",0.321775918075361
"GO:0006913","nucleocytoplasmic transport",268,-0.325290012177863,-1.54638595329767,0.00106484397171331,0.045340747665126,0.0299478103400457,2792,"tags=28%, list=20%, signal=23%","55308/22794/84934/8692/11269/4116/79228/11331/26993/207/3429/51307/2316/7979/8498/1994/4851/2010/51547/100101267/1072/9883/55723/8086/1029/5976/146059/5905/7040/23381/84321/8563/7249/10636/10411/1026/9531/3692/10482/10212/2810/2079/6396/10541/30000/9679/10155/11315/90865/161424/7329/55696/8882/27351/10204/10758/10189/5514/57510/23511/5901/5902/29107/79902/9775/23636/8021/55612/23214/8878/8480/3553/9688/65083",0.45505986738723
"GO:0051169","nuclear transport",268,-0.325290012177863,-1.54638595329767,0.00106484397171331,0.045340747665126,0.0299478103400457,2792,"tags=28%, list=20%, signal=23%","55308/22794/84934/8692/11269/4116/79228/11331/26993/207/3429/51307/2316/7979/8498/1994/4851/2010/51547/100101267/1072/9883/55723/8086/1029/5976/146059/5905/7040/23381/84321/8563/7249/10636/10411/1026/9531/3692/10482/10212/2810/2079/6396/10541/30000/9679/10155/11315/90865/161424/7329/55696/8882/27351/10204/10758/10189/5514/57510/23511/5901/5902/29107/79902/9775/23636/8021/55612/23214/8878/8480/3553/9688/65083",0.45505986738723
"GO:0002922","positive regulation of humoral immune response",4,-0.825177793380592,-1.54601538208272,0.0224049293901705,0.260575087050805,0.172111261683949,1969,"tags=75%, list=14%, signal=65%","7784/5245/3553",0.352487857583619
"GO:0034116","positive regulation of heterotypic cell-cell adhesion",9,-0.656053426801097,-1.54482460799363,0.046358552375103,0.381583395349394,0.252037907209543,1639,"tags=33%, list=12%, signal=29%","2243/4680/3553",0.321775918075361
"GO:0070900","mitochondrial tRNA modification",14,-0.579265738624861,-1.54455951338934,0.0337537797109963,0.323551728518457,0.213707675762867,2337,"tags=50%, list=17%, signal=42%","84705/55687/3028/84881/26995/80324/51654",0.321775918075361
"GO:0006383","transcription by RNA polymerase III",61,-0.404090357873114,-1.54441348831508,0.0162023271272901,0.225363311389109,0.148853692421063,1987,"tags=26%, list=14%, signal=23%","4665/5434/27297/5435/661/8178/6621/171568/9533/5441/10514/51728/55718/11128/2975/57521",0.352487857583619
"GO:0035332","positive regulation of hippo signaling",14,0.554076423726947,1.54376765019399,0.0436404703357274,0.371101886675448,0.245114813744847,1585,"tags=29%, list=11%, signal=25%","6788/57561/5784/6789",0.321775918075361
"GO:0061564","axon development",286,0.300939813000608,1.54283081368858,0.000180957700225995,0.011311781346042,0.00747149307861752,2602,"tags=27%, list=18%, signal=22%","5747/23499/59277/10371/9175/4897/6868/23022/6792/7976/3717/8301/1719/7074/9252/3897/51062/7204/8609/288/1000/80208/84612/5727/56288/5764/6259/5795/5728/6683/9706/2534/153478/55740/2043/627/203228/23032/6091/8997/85440/26230/5048/5578/22902/6654/54798/10890/64218/659/25942/4781/2932/10675/4983/1946/4131/214/2045/6498/22876/345651/4898/66008/57698/23390/23369/999/1948/26128/144165/5532/8239/55605/57453/2803",0.518848077743792
"GO:0030048","actin filament-based movement",78,0.355089443630575,1.54269737999607,0.0165229980158878,0.226710216194684,0.149743330367957,1968,"tags=27%, list=14%, signal=23%","22998/1824/55930/5144/23171/4646/7168/23327/54874/817/23224/8976/5318/6334/4628/1739/5290/10142/388591/10008/7341",0.352487857583619
"GO:0071425","hematopoietic stem cell proliferation",15,0.541160485254651,1.54007666147031,0.032552932322723,0.316166992278215,0.208830017327073,2137,"tags=33%, list=15%, signal=28%","2120/861/2122/10443/51441",0.321775918075361
"GO:0021795","cerebral cortex cell migration",25,0.470308246536391,1.54006414074794,0.0279243147170087,0.291149903113833,0.192306093921831,1348,"tags=32%, list=10%, signal=29%","653464/85458/114327/23224/6091/5194/23380/5048",0.352487857583619
"GO:0046717","acid secretion",12,-0.608608177768172,-1.53967984507759,0.0413075350766347,0.361267189543996,0.238618942820534,1513,"tags=33%, list=11%, signal=30%","9368/8647/9075/4923",0.321775918075361
"GO:0061136","regulation of proteasomal protein catabolic process",194,-0.341114482231873,-1.53921217941886,0.00260238958706254,0.081532509961409,0.0538526661030387,1788,"tags=22%, list=13%, signal=20%","5691/6923/5692/10273/57805/5689/65018/1050/5709/348/6449/150684/6613/8078/5693/1263/5694/9817/22933/2648/8263/5695/474384/23640/7415/5710/5347/5702/11315/9709/8312/56893/27351/5717/9491/2931/5708/10197/5705/11047/5688/5704/5714",0.431707695803346
"GO:0048484","enteric nervous system development",3,0.899324158963904,1.5389270968532,0.0130017500834791,0.202647966818364,0.133850083833975,1192,"tags=67%, list=8%, signal=61%","2335/65979",0.380730400722792
"GO:1903276","regulation of sodium ion export across plasma membrane",5,-0.772145926396363,-1.53663156167867,0.0345487925542725,0.327962366799524,0.216620926327139,783,"tags=40%, list=6%, signal=38%","483/53827",0.321775918075361
"GO:1903278","positive regulation of sodium ion export across plasma membrane",5,-0.772145926396363,-1.53663156167867,0.0345487925542725,0.327962366799524,0.216620926327139,783,"tags=40%, list=6%, signal=38%","483/53827",0.321775918075361
"GO:0032782","bile acid secretion",3,-0.893236168105278,-1.53625474793083,0.0192014899501408,0.242458262340865,0.160145000466019,1513,"tags=100%, list=11%, signal=89%","9368/8647/9075",0.352487857583619
"GO:0042921","nuclear receptor-mediated glucocorticoid signaling pathway",11,-0.611597422874493,-1.53556978291183,0.042359538694773,0.364581860881766,0.240808301260237,506,"tags=27%, list=4%, signal=26%","5245/7533/5536",0.321775918075361
"GO:0097035","regulation of membrane lipid distribution",51,0.398437661480185,1.53482259165793,0.0139822020490176,0.209057046412284,0.138083315750453,1753,"tags=25%, list=12%, signal=22%","81671/19/5205/196527/55754/23120/10955/338440/440026/256987/57194/727910/23200",0.380730400722792
"GO:2001259","positive regulation of cation channel activity",15,0.539203876389051,1.53450839155474,0.0340758595528572,0.326001919525894,0.215326040244405,4063,"tags=53%, list=29%, signal=38%","2631/6786/444/246329/134145/57620/6769/84766",0.321775918075361
"GO:0009129","pyrimidine nucleoside monophosphate metabolic process",20,-0.528466655494975,-1.53442055009479,0.0411663122526667,0.361267189543996,0.238618942820534,2454,"tags=45%, list=17%, signal=37%","1854/30833/978/7083/790/1723/7371/7298/7378",0.321775918075361
"GO:0010954","positive regulation of protein processing",16,-0.549627716513916,-1.53350385663838,0.0396941203645798,0.352330288915817,0.232716071367746,2324,"tags=44%, list=16%, signal=37%","55848/2161/302/6281/4241/101/2023",0.321775918075361
"GO:0009174","pyrimidine ribonucleoside monophosphate biosynthetic process",11,-0.610561551638685,-1.53296896657546,0.044162042652993,0.372865172587116,0.246279473676084,1665,"tags=45%, list=12%, signal=40%","978/790/1723/7371/7378",0.321775918075361
"GO:0007292","female gamete generation",66,0.366863242159566,1.53260688494669,0.0158885271433086,0.22388725538149,0.147878749403054,744,"tags=14%, list=5%, signal=13%","9897/80336/23424/3625/658/23318/3248/5764/5728",0.352487857583619
"GO:1990874","vascular associated smooth muscle cell proliferation",41,0.4121859671678,1.53203689819521,0.0152685614115414,0.219897222681905,0.145243311112086,1674,"tags=29%, list=12%, signal=26%","27250/6648/3717/3488/1027/7168/3248/5728/7043/657/5031/4193",0.380730400722792
"GO:0006213","pyrimidine nucleoside metabolic process",11,-0.610086541028876,-1.53177633248038,0.044162042652993,0.372865172587116,0.246279473676084,1665,"tags=45%, list=12%, signal=40%","978/7083/2079/1841/7378",0.321775918075361
"GO:0060071","Wnt signaling pathway, planar cell polarity pathway",33,0.439115169407142,1.53156491994037,0.0193972804629034,0.243024349680214,0.160518904231346,1697,"tags=27%, list=12%, signal=24%","4300/7976/7074/6259/8324/8323/64750/23002/9863",0.352487857583619
"GO:1901031","regulation of response to reactive oxygen species",7,0.682226633257379,1.53027314883597,0.0342242998469925,0.326001919525894,0.215326040244405,3884,"tags=71%, list=27%, signal=52%","1719/2643/4780/27244/143686",0.321775918075361
"GO:0070988","demethylation",9,-0.649787835351131,-1.53007087078241,0.0487804878048781,0.390509736160032,0.257933803845434,2535,"tags=44%, list=18%, signal=36%","54784/8846/23210/25974",0.282013350011725
"GO:0010833","telomere maintenance via telomere lengthening",68,-0.395532765573295,-1.52967369600477,0.0105697836829898,0.181073028924921,0.119599720057375,3544,"tags=46%, list=25%, signal=34%","7015/1736/3326/55226/7157/85456/10575/6117/51750/10445/64858/5394/3183/10574/55505/3184/23381/54552/3104/5888/54984/7014/55651/65057/7203/55135/5371/54433/22948/142/54386",0.380730400722792
"GO:0030193","regulation of blood coagulation",43,-0.431835492505738,-1.52932794684185,0.0233645124455668,0.262022596936292,0.173067349833092,3737,"tags=40%, list=26%, signal=29%","7391/5055/7056/10019/7001/5154/2150/2152/634/2243/2161/348/114897/84034/7103/5270/5329",0.352487857583619
"GO:1900046","regulation of hemostasis",43,-0.431835492505738,-1.52932794684185,0.0233645124455668,0.262022596936292,0.173067349833092,3737,"tags=40%, list=26%, signal=29%","7391/5055/7056/10019/7001/5154/2150/2152/634/2243/2161/348/114897/84034/7103/5270/5329",0.352487857583619
"GO:0000018","regulation of DNA recombination",105,-0.370134529075539,-1.52862844228977,0.00983207764469367,0.174541656314864,0.11528571293886,1694,"tags=23%, list=12%, signal=20%","7040/23529/5888/387893/26168/7014/5531/10459/708/6118/55135/6830/5347/55257/56893/142/8914/2068/54386/8607/3276/2521/10856/3006",0.380730400722792
"GO:0030007","intracellular potassium ion homeostasis",11,-0.608803178916662,-1.52855412779745,0.0471014492753623,0.383867012402259,0.253546248688462,783,"tags=27%, list=6%, signal=26%","483/476/53827",0.282013350011725
"GO:0016358","dendrite development",143,0.322133217717801,1.52756593592176,0.00284111445897677,0.0860535492832346,0.0568388371549568,2505,"tags=28%, list=18%, signal=23%","27067/10371/10152/23043/6792/9743/653464/8301/5663/8609/22903/5764/23327/5728/4086/10611/2043/8976/23181/9693/7436/6453/23613/657/23380/5048/4205/2861/54664/9762/2932/54149/4131/6801/66008/1608/2332/22849/10160/144165",0.431707695803346
"GO:0030239","myofibril assembly",30,0.451745726335051,1.52586123700737,0.0324338391247131,0.315531852147043,0.208410503817322,921,"tags=20%, list=7%, signal=19%","10529/29767/7168/11214/80206/51804",0.321775918075361
"GO:0007266","Rho protein signal transduction",112,0.333955610531675,1.52570867928107,0.00741090672643762,0.155877982856636,0.102958255149594,1634,"tags=23%, list=12%, signal=21%","10979/64283/19/57493/2059/4646/50650/202243/286205/10602/11214/23677/81704/56990/10672/6091/65979/8502/23365/85440/137735/391/23348/139818/8874/8087",0.407017918923954
"GO:0051893","regulation of focal adhesion assembly",58,0.373879636002565,1.5254587425543,0.0264895189541409,0.285077680173136,0.188295357656219,744,"tags=14%, list=5%, signal=13%","79834/5747/22998/10979/23499/23332/5795/5728",0.352487857583619
"GO:0090109","regulation of cell-substrate junction assembly",58,0.373879636002565,1.5254587425543,0.0264895189541409,0.285077680173136,0.188295357656219,744,"tags=14%, list=5%, signal=13%","79834/5747/22998/10979/23499/23332/5795/5728",0.352487857583619
"GO:0007160","cell-matrix adhesion",171,0.319828910232579,1.52516512470164,0.00122345170177697,0.0509858312031311,0.0336764187079206,1615,"tags=20%, list=11%, signal=18%","8754/3696/79834/5747/22998/10979/23499/2335/7074/3897/26515/5921/8613/5314/3694/8573/8910/3685/79987/23332/5795/5796/5728/59339/4585/4763/9358/80144/341640/5291/23243/7402/56477/8874",0.45505986738723
"GO:0051281","positive regulation of release of sequestered calcium ion into cytosol",14,-0.571199932855923,-1.52305277442159,0.0419719044482149,0.364550440633402,0.240787548015368,1196,"tags=29%, list=8%, signal=26%","9446/57214/5335/4923",0.321775918075361
"GO:0071604","transforming growth factor beta production",26,0.459457525962122,1.52238969899857,0.0422857772432658,0.364581860881766,0.240808301260237,1302,"tags=31%, list=9%, signal=28%","5743/2335/55353/3694/2355/3685/4179/657",0.321775918075361
"GO:0030041","actin filament polymerization",117,0.329708135916429,1.52192427362824,0.00594566305881011,0.139746864534273,0.0923035637964889,2004,"tags=23%, list=14%, signal=20%","51571/9897/6840/29767/2059/3717/120/343578/5921/10677/10602/85464/9530/93663/10810/8976/10565/51429/5581/85477/9873/29766/55761/55604/5962/4690/7111",0.407017918923954
"GO:0031145","anaphase-promoting complex-dependent catabolic process",23,-0.502095364451419,-1.52078984317449,0.0467428232400804,0.383867012402259,0.253546248688462,3130,"tags=48%, list=22%, signal=37%","51343/51434/29882/207/51433/25906/27338/991/1017/5347/79791",0.321775918075361
"GO:0009163","nucleoside biosynthetic process",18,-0.523945869419984,-1.52077119864268,0.0444444444444444,0.373411286222674,0.246640184701464,2904,"tags=44%, list=21%, signal=35%","1635/10591/978/7083/1841/353/100/4860",0.282013350011725
"GO:0034404","nucleobase-containing small molecule biosynthetic process",18,-0.523945869419984,-1.52077119864268,0.0444444444444444,0.373411286222674,0.246640184701464,2904,"tags=44%, list=21%, signal=35%","1635/10591/978/7083/1841/353/100/4860",0.282013350011725
"GO:0045039","protein insertion into mitochondrial inner membrane",18,-0.523925376801885,-1.5207117181024,0.0444444444444444,0.373411286222674,0.246640184701464,2869,"tags=56%, list=20%, signal=44%","90580/1678/5018/26520/140823/26521/26517/29928/617/26519",0.282013350011725
"GO:0046686","response to cadmium ion",27,-0.471663874027922,-1.5203832478155,0.0353137705064672,0.331094306226012,0.218689589345969,1350,"tags=30%, list=10%, signal=27%","4494/6647/2821/4501/4493/4489/4502/5536",0.321775918075361
"GO:0060079","excitatory postsynaptic potential",48,-0.425066107262971,-1.51989221106356,0.031093863861858,0.310199565453782,0.204888499466006,3951,"tags=44%, list=28%, signal=32%","154/5590/112755/85358/57596/1140/2185/1742/207/5026/1855/7476/57465/6804/5575/10458/2931/2030/134/66000/9775",0.352487857583619
"GO:0000079","regulation of cyclin-dependent protein serine/threonine kinase activity",28,-0.478855370700764,-1.51936536164567,0.032163538397281,0.314960773186932,0.208033303059344,529,"tags=21%, list=4%, signal=21%","8812/29950/7023/9088/11140/51654",0.321775918075361
"GO:0099565","chemical synaptic transmission, postsynaptic",56,-0.405226733046073,-1.51718944529676,0.0266237970755499,0.285628094606502,0.188658909381934,2138,"tags=25%, list=15%, signal=21%","4851/5026/1855/7476/57465/6804/5575/10458/2931/2030/134/66000/9775/4923",0.352487857583619
"GO:0046633","alpha-beta T cell proliferation",24,-0.504207225748823,-1.51661788629014,0.0378316013189818,0.342819785115228,0.226434331901032,1990,"tags=29%, list=14%, signal=25%","4609/654346/284194/51561/975/2000/64115",0.321775918075361
"GO:0060123","regulation of growth hormone secretion",4,0.827001331519492,1.51605133101882,0.0239679755685098,0.265667182589325,0.175474618471695,2439,"tags=75%, list=17%, signal=62%","55636/6453/2550",0.352487857583619
"GO:0050770","regulation of axonogenesis",81,0.35765416175256,1.51583013461256,0.00858541811221569,0.164664144293276,0.108761562546837,2399,"tags=30%, list=17%, signal=25%","23499/9175/6792/7074/3897/1000/5728/9706/2043/627/6091/26230/5048/22902/659/2932/1946/4131/2045/6498/4898/66008/57698/999",0.380730400722792
"GO:0021675","nerve development",30,0.448427891770666,1.51465458942341,0.0357698565329057,0.331094306226012,0.218689589345969,984,"tags=20%, list=7%, signal=19%","10371/5205/55636/3198/51804/627",0.321775918075361
"GO:0006921","cellular component disassembly involved in execution phase of apoptosis",21,-0.509187824763238,-1.51399741312195,0.0470383275261324,0.383867012402259,0.253546248688462,1976,"tags=38%, list=14%, signal=33%","668/22985/2021/581/162989/1676/10904/4830",0.276500599254472
"GO:1903749","positive regulation of protein localization to mitochondrion",32,-0.456959970213605,-1.51340882716333,0.0413157847810697,0.361267189543996,0.238618942820534,1441,"tags=28%, list=10%, signal=25%","65018/8314/7332/4836/5880/57602/2931/10055/118424",0.321775918075361
"GO:0090435","protein localization to nuclear envelope",11,-0.602313106804259,-1.51225916275675,0.0489130434782609,0.391038154392192,0.258282826960664,2336,"tags=45%, list=17%, signal=38%","84823/4000/10430/10204/199953",0.276500599254472
"GO:0048662","negative regulation of smooth muscle cell proliferation",30,0.447718546771425,1.51225863529499,0.0361405253213978,0.332855371141902,0.21985278229742,820,"tags=23%, list=6%, signal=22%","27250/6648/3488/1027/7168/5728/7043",0.321775918075361
"GO:0034308","primary alcohol metabolic process",67,-0.394934790640925,-1.51216249911574,0.0223148864405752,0.260575087050805,0.172111261683949,1685,"tags=24%, list=12%, signal=21%","10901/51573/231/8574/84649/8824/112724/8644/11315/1646/219/10170/3291/126/3991/5950",0.352487857583619
"GO:1905517","macrophage migration",28,0.451780214451543,1.51135462910494,0.0388203026423845,0.347725759644286,0.229674754750131,934,"tags=21%, list=7%, signal=20%","5747/6288/57509/5795/79647/8995",0.321775918075361
"GO:0090231","regulation of spindle checkpoint",29,-0.466103491510867,-1.51065531615429,0.0475818682776313,0.385645988924259,0.254721272353129,2464,"tags=34%, list=17%, signal=29%","25906/9212/3619/11130/9587/7517/8655/51451/891/332",0.321775918075361
"GO:0050684","regulation of mRNA processing",117,-0.355118060430668,-1.50925094027262,0.0117083824557176,0.19110682030499,0.126227093815329,2951,"tags=31%, list=21%, signal=25%","9588/6427/51564/23020/4116/10284/10432/6632/6637/10594/26528/84148/55147/22985/677/1478/891/708/3190/3191/6636/5725/6628/79084/23210/29115/6433/9904/11338/25980/9343/984/10419/3006/10921/6633",0.380730400722792
"GO:0018107","peptidyl-threonine phosphorylation",28,0.45089430792733,1.50839097801201,0.0388203026423845,0.347725759644286,0.229674754750131,2152,"tags=39%, list=15%, signal=33%","8658/117854/56288/5599/22853/5591/65975/1386/3093/10114/5594",0.321775918075361
"GO:0018210","peptidyl-threonine modification",28,0.45089430792733,1.50839097801201,0.0388203026423845,0.347725759644286,0.229674754750131,2152,"tags=39%, list=15%, signal=33%","8658/117854/56288/5599/22853/5591/65975/1386/3093/10114/5594",0.321775918075361
"GO:0045589","regulation of regulatory T cell differentiation",32,-0.454911814408699,-1.50662552605032,0.0441651055344848,0.372865172587116,0.246279473676084,1839,"tags=34%, list=13%, signal=30%","64410/5691/5696/5692/7040/5689/2648/8651/2175/64115/5688",0.321775918075361
"GO:0006520","amino acid metabolic process",204,-0.331391184707313,-1.50538142981845,0.00270281698540185,0.083409845380234,0.0550926563538141,2810,"tags=30%, list=20%, signal=25%","10295/65263/5092/6567/6472/1757/80150/57505/1892/22928/2271/6301/51067/51686/2747/80222/4141/10056/5188/22929/113675/2639/2937/51078/64087/5832/10667/3735/23463/23438/7407/790/4482/9673/3028/4143/55256/2193/4953/83475/4522/54938/2109/92935/11315/3712/16/3172/79814/23395/79587/8659/5184/587/5860/3035/84842/7453/124454/57470/7965/2806",0.431707695803346
"GO:0033559","unsaturated fatty acid metabolic process",73,-0.383961215128581,-1.50267630593551,0.0163686826241654,0.225780232628159,0.149129071166161,3393,"tags=41%, list=24%, signal=31%","30/9415/4282/57406/215/80142/64834/9536/2950/2876/8605/1645/4259/2166/221955/231/873/7132/8824/1555/8644/2171/26063/59344/1646/11343/10280/3553/6916/29785",0.352487857583619
"GO:0065004","protein-DNA complex assembly",141,-0.343704535509376,-1.50217393546364,0.00729080609746515,0.154992689645473,0.102373514170486,3004,"tags=32%, list=21%, signal=25%","2972/7290/7157/6874/9862/51586/219541/8352/6598/404672/266812/1616/8208/375757/81857/55090/10629/55723/29855/6749/64425/9733/5888/8318/54107/8370/9442/9013/3014/10589/10036/9441/84246/8970/79903/554313/8349/3021/81620/55588/55506/9555/7343/3006/83743",0.407017918923954
"GO:0030336","negative regulation of cell migration",203,0.302384438490573,1.50008678053482,0.00124542987606039,0.0515362390966962,0.0340399661140616,2650,"tags=29%, list=19%, signal=24%","22998/5928/64426/79772/2309/94241/25932/653464/3488/286205/7168/5801/58516/11221/23332/5795/493/5796/5728/2043/8976/6091/4763/9747/23236/23613/657/348110/23380/83481/196528/8473/375056/4780/56477/9863/25942/8434/2932/4739/57826/1845/9901/4070/79812/51742/51765/1545/55333/51474/999/225689/5926/727/647135/7046/4856/5911",0.45505986738723
"GO:0046033","AMP metabolic process",21,-0.503945389952953,-1.49840978051325,0.0487804878048781,0.390509736160032,0.257933803845434,1442,"tags=29%, list=10%, signal=26%","204/353/2618/100/471/5198",0.271288554688953
"GO:0034504","protein localization to nucleus",255,-0.316927696299252,-1.4979531321317,0.00254360476466289,0.081532509961409,0.0538526661030387,2560,"tags=26%, list=18%, signal=22%","207/2475/221927/10445/51307/84823/4487/2316/1994/4851/1855/150678/100101267/1072/402/10574/9883/55723/1029/4000/5905/1861/7040/7249/9531/54984/10542/6612/27341/6469/10430/3068/7203/6396/30000/55135/9679/10155/23212/23400/5347/5371/11315/90865/22948/55696/8882/10204/142/10758/5514/10280/705/23511/5901/25885/79902/29775/56257/23636/8021/55612/54623/8878/9688/199953",0.431707695803346
"GO:0006310","DNA recombination",279,-0.31452057650977,-1.49701278693927,0.00111848961735007,0.0469446070824929,0.0310071682050318,1810,"tags=21%, list=13%, signal=19%","27434/9907/8940/201254/7517/7040/126074/23529/29128/4176/5888/387893/4171/6832/29844/8318/26168/2021/7156/4174/7014/328/5531/79447/27301/10459/4172/51659/283899/78995/23397/708/56160/3014/6118/125476/23503/55135/6830/2067/5347/9400/55257/56893/142/8914/79035/2068/54386/118460/2237/55317/8607/3276/2521/10856/7515/3006/3978",0.45505986738723
"GO:0060078","regulation of postsynaptic membrane potential",59,-0.392836357374862,-1.49474107897597,0.0275298632481789,0.287838926061031,0.190119175577433,2102,"tags=24%, list=15%, signal=20%","5026/1855/7476/57465/2563/6804/5575/10458/2931/2030/134/66000/9775/4923",0.352487857583619
"GO:0006401","RNA catabolic process",332,-0.309866803419552,-1.4907980020776,0.00129061254574406,0.0526641619360564,0.0347849652817164,2976,"tags=29%, list=21%, signal=23%","401115/25819/25804/28960/53918/9567/57819/55756/85456/22794/1869/64852/79002/54915/11187/4116/4849/207/678/84305/5518/79034/7186/10949/387338/80789/6637/7538/5394/1994/3183/9470/9238/23016/79068/51013/51690/80153/10940/5976/80349/6923/8570/3184/23381/5436/9271/9811/6832/389421/149986/6050/23404/677/3669/328/1478/23367/54973/708/6636/11157/6628/10922/8148/56339/23357/162989/23644/54555/8882/60528/55095/8189/90850/81892/10758/10189/80335/115572/3182/118460/2237/9775/23211/2521/84069/7431/51154/4234/56915/79798/124245/10921/9704/56006",0.45505986738723
"GO:0009615","response to virus",307,-0.317207455974237,-1.49025624888999,0.000777019342770042,0.0359635418087031,0.0237541148901641,2787,"tags=27%, list=20%, signal=22%","100507436/375/5970/11274/8692/90933/11331/59/10581/27350/3627/3429/8729/81559/163702/84993/8449/9447/23076/550/2736/4938/79102/1687/3609/1072/8372/27297/2962/7040/8815/661/8517/5452/8772/6895/4277/3669/51561/23087/10542/4940/55324/708/2537/1174/6352/1984/10084/7706/4953/8638/581/7726/10155/54606/8165/5371/29115/4486/22948/171568/201292/9636/10758/5245/9020/55054/5987/51728/2023/55718/81570/54920/11128/55210/8061/79594/56915/3553/1755/3661/11100",0.477270815362862
"GO:0000956","nuclear-transcribed mRNA catabolic process",136,-0.342976276794982,-1.48886561794588,0.00967722417198174,0.173299734169815,0.114465416610009,2926,"tags=30%, list=21%, signal=24%","25804/28960/53918/57819/85456/22794/4116/4849/678/84305/6637/7538/5394/23016/51690/80153/5976/80349/3184/23381/5436/9811/23404/677/1478/6636/11157/6628/23357/23644/55095/8189/10189/3182/118460/9775/51154/56915/10921/9704/56006",0.380730400722792
"GO:0045066","regulatory T cell differentiation",35,-0.449216008794873,-1.48871857671292,0.0447019867549669,0.374645205687262,0.247455195216362,1839,"tags=34%, list=13%, signal=30%","64410/5691/5696/5692/7040/9760/5689/2648/8651/2175/64115/5688",0.276500599254472
"GO:0010631","epithelial cell migration",68,0.371397926960413,1.48869876038798,0.00964658655845016,0.173299734169815,0.114465416610009,1798,"tags=21%, list=13%, signal=18%","8754/5747/23499/100506658/5801/11221/23332/5728/5581/1793/83481/54566/659/5586",0.380730400722792
"GO:0042445","hormone metabolic process",122,-0.348751194290606,-1.48779442941517,0.00926433421411344,0.170649617059971,0.112714999850879,3753,"tags=39%, list=27%, signal=29%","10202/51083/54578/1514/8854/8630/1181/2230/5947/9060/9486/54884/1056/2494/8912/590/57016/3292/6567/1889/79154/706/1645/654/51200/10273/10901/1522/9159/231/84649/5045/8824/25825/6469/3028/1735/7849/112724/8644/1428/1646/10170/126/3991/5950/29785",0.380730400722792
"GO:0035051","cardiocyte differentiation",78,0.342394708400589,1.48754469908614,0.0281933789774968,0.291149903113833,0.192306093921831,973,"tags=15%, list=7%, signal=14%","10529/27250/8470/4211/27086/5465/5460/1525/11214/80206/10611/8324",0.352487857583619
"GO:0006720","isoprenoid metabolic process",78,-0.377873704986216,-1.48559505589873,0.0195015087369425,0.243074287844522,0.160551888660374,1421,"tags=19%, list=10%, signal=17%","231/348/84649/8824/317749/79947/10654/112724/8644/10170/126/4830/3991/5950/29785",0.352487857583619
"GO:0045590","negative regulation of regulatory T cell differentiation",16,-0.532172677657498,-1.48480294764153,0.0478723404255319,0.385868137641187,0.254868002788432,1788,"tags=31%, list=13%, signal=27%","5691/5696/5692/5689/5688",0.276500599254472
"GO:0110053","regulation of actin filament organization",201,0.298485638809905,1.4844543538971,0.00365325318239564,0.101737041231075,0.0671978688540483,1329,"tags=15%, list=9%, signal=14%","51571/9897/22998/130271/10979/6840/961/29767/10152/2059/120/23075/343578/5921/10677/10602/7168/23332/85464/80206/7043/9530/93663/10810/10565/203228/51429/374666/5581/1073/348110",0.431707695803346
"GO:0071824","protein-DNA complex organization",158,-0.342396586233148,-1.484093328719,0.00558930443581662,0.136844803603577,0.0903867367739257,3004,"tags=32%, list=21%, signal=26%","2972/7290/7157/6874/9862/51586/219541/8352/6598/404672/3159/266812/1616/8208/375757/81857/55090/4609/10629/55723/29855/6749/64425/9733/5888/8318/54107/8370/9442/6602/9013/92815/3014/10589/10036/9441/84246/8970/79903/6830/554313/8349/3021/81620/6603/55588/55506/9555/7343/3006/83743",0.407017918923954
"GO:0002573","myeloid leukocyte differentiation",134,-0.34487940677787,-1.48263882553922,0.0134680842208062,0.205554449042746,0.135769831145056,2813,"tags=28%, list=20%, signal=23%","150290/84522/10456/6522/2475/7030/6988/5026/4609/6714/634/56834/5138/7040/284266/8563/302/22985/1050/8314/8772/677/51561/375387/975/1437/1969/10272/8651/90865/161882/116071/142/81570/9173/57521/54997/3553",0.380730400722792
"GO:0097061","dendritic spine organization",60,0.372004128721876,1.48247412776087,0.0174655783852612,0.233776169912972,0.154410431214854,1883,"tags=27%, list=13%, signal=23%","27067/10152/9743/3480/5728/9456/2534/10611/2043/8976/23181/23613/5048/3643/9762/4739",0.352487857583619
"GO:1903317","regulation of protein maturation",38,-0.436748841497154,-1.48243155699588,0.0417383588106924,0.364419905455615,0.24070132882075,1639,"tags=32%, list=12%, signal=28%","2243/2161/302/1522/6281/5045/4241/7036/101/2023/5270/5329",0.321775918075361
"GO:0045773","positive regulation of axon extension",29,0.439599614175453,1.4820981188744,0.0461764782971257,0.381583395349394,0.252037907209543,2602,"tags=38%, list=18%, signal=31%","23499/9175/6792/3897/1000/5048/22902/659/4131/57698/2803",0.321775918075361
"GO:0006098","pentose-phosphate shunt",16,-0.530950873131055,-1.48139401847537,0.0478723404255319,0.385868137641187,0.254868002788432,4315,"tags=50%, list=31%, signal=35%","25796/7086/2539/7157/2475/64223/5226/57521",0.276500599254472
"GO:0010569","regulation of double-strand break repair via homologous recombination",76,-0.372065006978104,-1.47923508393704,0.0238268009103879,0.265666569543528,0.175474213551614,1548,"tags=24%, list=11%, signal=21%","5888/387893/26168/5531/10459/708/6118/55135/5347/55257/56893/142/8914/54386/8607/3276/2521/10856",0.352487857583619
"GO:0051865","protein autoubiquitination",65,0.357813599442763,1.47550350139749,0.0312838818290798,0.311239090050414,0.205575111113737,3744,"tags=43%, list=26%, signal=32%","6737/153769/867/54800/26994/55128/27246/57630/138065/81847/4193/10206/6872/51136/4591/7320/11342/7323/83737/64844/84851/54708/7337/7189/26046/151636/57674/8452",0.321775918075361
"GO:0006721","terpenoid metabolic process",69,-0.387610494653039,-1.473316018876,0.0178073241066187,0.235666298311918,0.155658871298552,3653,"tags=38%, list=26%, signal=28%","728635/8854/8630/39/5947/54884/1056/2224/57016/1645/4597/8818/10901/231/348/84649/8824/317749/10654/112724/8644/10170/126/3991/5950/29785",0.352487857583619
"GO:0045727","positive regulation of translation",115,-0.347764361191603,-1.47304128030222,0.0126892847241553,0.200169710826171,0.132213182277423,2683,"tags=33%, list=19%, signal=27%","54915/285367/2475/84305/8892/55695/65094/1994/6199/3184/8893/5436/9811/65018/8890/3692/8663/23367/3872/51204/708/84881/6352/1984/10322/28958/56339/26995/1981/208/115572/23/5315/51335/9775/84769/3276/23645",0.380730400722792
"GO:0051170","import into nucleus",130,-0.339943270004716,-1.4725514173179,0.0149505441882979,0.217178227840532,0.143447400236809,2188,"tags=24%, list=15%, signal=20%","2316/1994/4851/100101267/1072/9883/55723/146059/7040/7249/1026/9531/6396/30000/9679/10155/90865/7329/55696/8882/10204/10758/5514/23511/5901/79902/23636/8021/55612/8878/9688",0.380730400722792
"GO:0030833","regulation of actin filament polymerization",95,0.324960868459934,1.47157125612423,0.02291722763367,0.261987606177908,0.173044238246943,2004,"tags=23%, list=14%, signal=20%","51571/6840/29767/2059/120/343578/5921/10677/10602/85464/9530/93663/10565/51429/5581/85477/9873/29766/55604/5962/4690/7111",0.352487857583619
"GO:0008053","mitochondrial fusion",31,-0.454403330161063,-1.46986206030752,0.0458404074702886,0.380449483468102,0.251288952247131,3171,"tags=45%, list=22%, signal=35%","4832/54974/55486/84895/23788/201164/30968/54471/81554/55154/581/57143/9927/79594",0.276500599254472
"GO:0051494","negative regulation of cytoskeleton organization",120,0.320098303045622,1.46945426417692,0.00851029270513434,0.164664144293276,0.108761562546837,2061,"tags=24%, list=15%, signal=21%","51571/130271/6840/29767/2059/120/23075/10677/23332/85464/91147/50810/10565/146057/348110/85477/8850/6314/8874/5290/1859/29766/55604/55755/5962/4131/7111/4070/57551",0.380730400722792
"GO:0032609","type II interferon production",78,-0.373682858991713,-1.46911891583576,0.0235926734421356,0.263556177083628,0.174080287858131,1969,"tags=24%, list=14%, signal=21%","7784/5691/5696/5692/3115/654346/5689/284194/8772/51561/708/90865/161882/9636/64115/9173/5688/3553/558",0.352487857583619
"GO:0032649","regulation of type II interferon production",78,-0.373682858991713,-1.46911891583576,0.0235926734421356,0.263556177083628,0.174080287858131,1969,"tags=24%, list=14%, signal=21%","7784/5691/5696/5692/3115/654346/5689/284194/8772/51561/708/90865/161882/9636/64115/9173/5688/3553/558",0.352487857583619
"GO:0006766","vitamin metabolic process",28,-0.462435152949859,-1.46726547594345,0.0480427046263345,0.386181850046979,0.25507521153804,1193,"tags=25%, list=8%, signal=23%","6615/8644/874/29914/55163/1594/60386",0.276500599254472
"GO:0045862","positive regulation of proteolysis",53,-0.398162380344239,-1.46540379539178,0.0354951768618086,0.331094306226012,0.218689589345969,1904,"tags=38%, list=13%, signal=33%","1072/578/10273/2161/302/27166/9798/54982/348/8772/6281/5045/55851/4241/54998/101/57333/64115/2023/3553",0.321775918075361
"GO:0009112","nucleobase metabolic process",30,-0.444260264038045,-1.46509978675044,0.0492700729927007,0.39229125867901,0.259110509154948,1665,"tags=30%, list=12%, signal=27%","978/5631/790/353/2618/1503/1723/100/7298",0.276500599254472
"GO:1903311","regulation of mRNA metabolic process",284,-0.310397446631126,-1.46351314114413,0.00224219880046718,0.0754747487793869,0.0498514819076571,2976,"tags=30%, list=21%, signal=24%","401115/9588/25819/6427/25804/28960/9567/57819/85456/22794/1869/51564/23020/64852/54915/11187/4116/4849/207/678/10284/10432/7186/10949/6632/6637/7538/10594/1994/3183/26528/84148/9238/79068/51690/80153/5976/8570/3184/5436/55147/9271/22985/677/328/1478/23367/891/708/3190/3191/6636/5725/11157/6628/10922/8148/56339/79084/23210/29115/6433/23644/9904/55095/81892/10758/10189/115572/3182/11338/9775/25980/9343/984/2521/84069/10419/7431/3006/10921/6633/9704/56006",0.431707695803346
"GO:0002688","regulation of leukocyte chemotaxis",72,0.347235662009445,1.46342713665565,0.0198995562687761,0.244625435728886,0.161576430271231,1883,"tags=25%, list=13%, signal=22%","5747/6868/90550/23075/196527/57509/5764/5795/79647/2621/4067/8995/3576/64065/23604/9943/102/4739",0.352487857583619
"GO:0098771","inorganic ion homeostasis",247,-0.312296050952376,-1.4628643613022,0.00365206066346062,0.101737041231075,0.0671978688540483,1990,"tags=21%, list=14%, signal=18%","4609/6548/30968/2260/7922/7780/9997/578/83636/57192/57130/23479/133308/4494/150684/6647/1760/6352/8326/10523/581/55177/7036/771/249/48/23400/483/5371/9709/794/4682/475/4501/3954/1594/476/4493/4489/134/388962/9914/9114/7466/79734/2512/4502/309/54997/6916/53827",0.431707695803346
"GO:0090207","regulation of triglyceride metabolic process",28,-0.460596142944817,-1.4614304612974,0.0480427046263345,0.386181850046979,0.25507521153804,3065,"tags=39%, list=22%, signal=31%","23399/10524/341/7376/150094/10298/79143/221955/84649/84879/949",0.276500599254472
"GO:0043244","regulation of protein-containing complex disassembly",107,0.324800374039828,1.46135125823003,0.021407947782193,0.253104831324277,0.167177117162513,2061,"tags=26%, list=15%, signal=23%","130271/6840/29767/2059/3480/120/23075/10677/23332/6683/10241/11213/444/50810/146057/1073/9474/3643/85477/6314/5290/29766/55604/5962/4131/664/7111/57551",0.352487857583619
"GO:0002181","cytoplasmic translation",206,-0.319853653276311,-1.46022264903529,0.00460710464894954,0.120854227309051,0.0798248741943013,3968,"tags=35%, list=28%, signal=26%","5317/11224/6203/10642/1939/25873/57409/116832/65992/6176/6231/6169/6152/6210/6499/6209/2597/85451/7311/24140/6187/6137/22980/6218/53918/9567/8664/23521/6158/1819/2475/6193/8892/138428/6227/25946/51121/6301/8668/28985/9470/2197/6205/6223/80349/3184/10985/8893/55666/6217/728689/8890/8663/8666/6141/100101490/10322/56339/7415/4733/6166/16/7353/84164/1981/3396/208/90850/64320/8662/8665/5315/27335",0.407017918923954
"GO:0048469","cell maturation",70,0.350791720453475,1.46022082783216,0.0258067993934672,0.280297140916845,0.185137785486745,605,"tags=13%, list=4%, signal=12%","9897/80336/23424/9175/4897/23318/11057/5991/9991",0.352487857583619
"GO:0015931","nucleobase-containing compound transport",199,-0.322072498658471,-1.45953523550651,0.00613929418389948,0.142114131318574,0.0938671563778055,1981,"tags=21%, list=14%, signal=18%","7355/100101267/9883/56172/8086/5976/7263/8570/114789/292/23381/84321/8563/677/10237/10482/55343/10212/51063/6573/2079/6396/6830/29074/291/4363/10204/10189/57510/23511/5901/29107/79902/2030/134/9775/23636/60386/8021/8480/9688/65083",0.407017918923954
"GO:0022412","cellular process involved in reproduction in multicellular organism",153,0.303436138129582,1.4591682625,0.00579664005019528,0.137751683608164,0.0909857359474533,3249,"tags=31%, list=23%, signal=24%","9897/27067/80336/23424/64395/658/23318/11057/144132/157680/5727/5764/7419/57683/64753/65975/5048/57639/28981/221656/55779/8087/147650/54970/9702/9665/84072/51441/117155/51542/84236/79846/3267/6732/79820/9403/80217/23198/346653/10658/127579/1730/6045/22862/79670/2241/3622",0.407017918923954
"GO:0010821","regulation of mitochondrion organization",98,-0.354185447831049,-1.45816319225186,0.0313039996970379,0.311239090050414,0.205575111113737,2927,"tags=39%, list=21%, signal=31%","7157/666/255027/23761/56947/55486/3791/207/64423/2876/284114/23788/10572/6742/51547/201164/7755/578/5138/292/54471/27166/65018/192111/2021/54978/2537/8326/80179/55154/581/23400/57143/2931/10105/8878/79594/5329",0.321775918075361
"GO:0006406","mRNA export from nucleus",67,-0.380750899958646,-1.45785391934618,0.0322143336768799,0.314960773186932,0.208033303059344,2792,"tags=31%, list=20%, signal=25%","55308/22794/11269/4116/79228/26993/7979/5976/23381/84321/8563/10482/10212/2079/10189/29107/79902/9775/8021/8480/9688",0.321775918075361
"GO:0051053","negative regulation of DNA metabolic process",113,-0.347413674818878,-1.45683551423432,0.0137403783030309,0.207694077000191,0.137183067043614,2151,"tags=26%, list=15%, signal=22%","5394/3183/6282/6714/6923/8655/54552/387893/26168/122769/1026/54984/7014/10459/708/65057/84309/2067/5347/5371/81620/56893/1676/142/8914/24144/54386/7515/3006",0.380730400722792
"GO:0051100","negative regulation of binding",31,-0.450072451006555,-1.45585293111665,0.0492359932088285,0.39229125867901,0.259110509154948,1900,"tags=32%, list=13%, signal=28%","8904/2962/6590/1663/51042/581/3725/8189/10763/7023",0.266350657088526
"GO:0061448","connective tissue development",140,0.307497699067892,1.45535993448459,0.0107359669058502,0.182853743590655,0.120775891775429,1838,"tags=21%, list=13%, signal=18%","3696/93/84159/129642/80310/658/861/8609/157680/860/2202/6653/538/8648/9517/7227/64764/10499/57211/1432/657/85477/9451/10424/659/9658/4781/1386/9462",0.380730400722792
"GO:2000146","negative regulation of cell motility",214,0.291804682897407,1.45502213174807,0.00262996745631032,0.0817655490649705,0.0540065896979212,2650,"tags=29%, list=19%, signal=24%","22998/5928/64426/79772/2309/94241/25932/653464/202243/3488/286205/7168/5801/58516/11221/23332/5795/493/5796/5728/84978/2043/8976/6091/4763/9747/23236/23613/657/348110/23380/83481/196528/8473/375056/4780/56477/9863/25942/8434/2932/4739/57826/1845/9901/4070/79812/51742/51765/1545/55333/51474/50859/999/225689/5926/727/647135/7046/4856/5911",0.431707695803346
"GO:0055007","cardiac muscle cell differentiation",59,0.363861976026658,1.45488759964038,0.0267351007545228,0.285628094606502,0.188658909381934,973,"tags=17%, list=7%, signal=16%","10529/8470/4211/27086/5465/1525/11214/80206/10611/8324",0.352487857583619
"GO:0150116","regulation of cell-substrate junction organization",65,0.352723618025062,1.45451412196764,0.0360303315396232,0.33236142563081,0.219526528601875,744,"tags=12%, list=5%, signal=12%","79834/5747/22998/10979/23499/23332/5795/5728",0.321775918075361
"GO:0030516","regulation of axon extension",53,0.362793628563629,1.4529298346351,0.0320064498194534,0.314877016457599,0.207977981284253,1923,"tags=25%, list=14%, signal=21%","23499/10371/9175/4897/6792/3897/1000/5048/22902/659/25942/2932/4131",0.321775918075361
"GO:0050657","nucleic acid transport",144,-0.33728021888055,-1.45263689925703,0.0101363840689235,0.176217138428977,0.116392377984443,1924,"tags=20%, list=14%, signal=18%","100101267/9883/8086/5976/7263/8570/23381/84321/8563/677/10482/10212/2079/6396/6830/29074/10204/10189/57510/23511/5901/29107/79902/9775/23636/8021/8480/9688/65083",0.380730400722792
"GO:0050658","RNA transport",144,-0.33728021888055,-1.45263689925703,0.0101363840689235,0.176217138428977,0.116392377984443,1924,"tags=20%, list=14%, signal=18%","100101267/9883/8086/5976/7263/8570/23381/84321/8563/677/10482/10212/2079/6396/6830/29074/10204/10189/57510/23511/5901/29107/79902/9775/23636/8021/8480/9688/65083",0.380730400722792
"GO:0048259","regulation of receptor-mediated endocytosis",86,0.33223947480413,1.4525902732775,0.0251490087374746,0.276216028675516,0.182442188663277,2633,"tags=30%, list=19%, signal=25%","8301/867/6386/55061/22848/5538/9779/64854/88455/8650/60682/8976/5898/3643/5291/4193/9863/868/4983/636/54806/4289/2332/1948/84896/1950",0.352487857583619
"GO:0007030","Golgi organization",123,0.315170217645481,1.45246312449495,0.00818074688628934,0.162393521871831,0.10726180409262,2983,"tags=35%, list=21%, signal=28%","81671/10133/137886/5862/27314/54808/5205/7534/84272/157680/9712/57531/23332/64083/400451/116068/55204/10565/80124/23015/8874/55014/10142/2804/60684/3998/9648/9950/5594/57511/8615/57584/10466/79659/8674/22796/10959/165324/9321/5861/83452/22878/998",0.380730400722792
"GO:2001252","positive regulation of chromosome organization",92,-0.355880780206854,-1.45184928336716,0.0284067398244135,0.292325749926889,0.193082747134664,2127,"tags=27%, list=15%, signal=23%","9212/1017/11284/4609/10574/9587/3184/29844/1663/7014/23397/65057/7203/125476/55135/2067/5371/22948/5514/79035/54386/2237/8607/9555/10856",0.352487857583619
"GO:1902105","regulation of leukocyte differentiation",195,-0.320478791701322,-1.44910213864679,0.00494862980446925,0.12642673361331,0.083505544904701,3240,"tags=31%, list=23%, signal=24%","2242/4323/9580/56998/387/60/10524/5914/150290/5686/10456/6522/6598/678/2475/2547/7030/6988/150372/2736/4609/634/64410/1029/5691/5696/56834/5692/7040/864/9760/9092/27166/22985/5689/8772/677/51561/6647/6602/6469/28959/3561/2648/10272/56339/8651/161882/101/6603/2175/64115/84807/4860/57521/5688/54997/1209/558/3566",0.407017918923954
"GO:0032206","positive regulation of telomere maintenance",69,-0.381157032606449,-1.44878626763961,0.0251476260212531,0.276216028675516,0.182442188663277,2127,"tags=28%, list=15%, signal=24%","9212/11284/4609/10574/3184/29844/7014/65057/7203/125476/55135/2067/5371/22948/5514/79035/54386/8607/10856",0.352487857583619
"GO:0007411","axon guidance",132,0.314286788108055,1.44772562964968,0.0121536608698708,0.195122708391696,0.12887960973006,2005,"tags=23%, list=14%, signal=20%","5747/59277/10371/4897/6868/23022/7976/9252/3897/7204/8609/5727/6259/5795/2534/153478/55740/2043/627/23032/6091/8997/6654/64218/659/4781/4983/1946/214/2045",0.380730400722792
"GO:1901570","fatty acid derivative biosynthetic process",33,0.414873539655342,1.44701391301395,0.0336186369009583,0.322782860179789,0.213199834045016,698,"tags=21%, list=5%, signal=20%","124975/2182/2180/84869/3248/5538/2181",0.321775918075361
"GO:0032786","positive regulation of DNA-templated transcription, elongation",59,-0.380136663107322,-1.44641878304852,0.0419463087248322,0.364550440633402,0.240787548015368,2863,"tags=32%, list=20%, signal=26%","9862/51586/219541/5499/9878/81857/55090/2962/8178/9442/9441/84246/5604/142/8812/5514/80335/55588/6829",0.287857117255149
"GO:0097485","neuron projection guidance",133,0.312567504706476,1.44636602144489,0.011704724968584,0.19110682030499,0.126227093815329,2005,"tags=23%, list=14%, signal=20%","5747/59277/10371/4897/6868/23022/7976/9252/3897/7204/8609/5727/6259/5795/2534/153478/55740/2043/627/23032/6091/8997/6654/64218/659/4781/4983/1946/214/2045",0.380730400722792
"GO:0051236","establishment of RNA localization",147,-0.328642975127721,-1.44567860267431,0.0149162966722366,0.217178227840532,0.143447400236809,1924,"tags=20%, list=14%, signal=17%","100101267/9883/8086/5976/7263/8570/23381/84321/8563/677/10482/10212/2079/6396/6830/29074/10204/10189/57510/23511/5901/29107/79902/9775/23636/8021/8480/9688/65083",0.380730400722792
"GO:0014744","positive regulation of muscle adaptation",2,0.935903784931022,1.4406774072189,0.0357027161429877,0.331094306226012,0.218689589345969,908,"tags=100%, list=6%, signal=94%","2309/5530",0.321775918075361
"GO:0051261","protein depolymerization",98,0.325146892334291,1.44033920489176,0.0240077048936234,0.265667182589325,0.175474618471695,2061,"tags=26%, list=15%, signal=22%","130271/6840/29767/2059/9829/120/23075/10677/23332/6683/444/50810/146057/1073/11034/85477/6314/5290/29766/55604/5962/4131/126731/7111/57551",0.352487857583619
"GO:0046364","monosaccharide biosynthetic process",66,-0.376131096496836,-1.4369611039492,0.042833607907743,0.366895451991105,0.242336440766419,3960,"tags=39%, list=28%, signal=28%","1609/51548/5224/2539/55829/5209/1642/6652/4191/1468/8402/140710/7167/150094/5223/9878/51547/5091/92579/231/84649/2821/2648/2023/283871/5950",0.282013350011725
"GO:0006575","modified amino acid metabolic process",124,-0.336974924619639,-1.43521421687383,0.0131116209782119,0.203719941757248,0.13455812910919,2780,"tags=30%, list=20%, signal=24%","6567/2950/6472/1757/2876/1374/22928/114879/23474/223/22929/347735/2937/78991/9791/55229/2356/55748/23463/4258/6647/9446/1159/23659/6573/1735/7849/4522/1428/11315/10840/126129/8659/25974/7298/471/2806",0.380730400722792
"GO:0031346","positive regulation of cell projection organization",260,0.280833484956379,1.4347738101019,0.00190346082306715,0.0688556629648411,0.0454795397407005,2650,"tags=27%, list=19%, signal=22%","9897/27067/23499/9175/51196/10152/23043/6792/2059/7074/3897/100506658/55754/1000/10677/10602/5764/6259/79647/54874/4086/23433/7043/4067/51762/2043/8976/627/9896/6091/9693/7436/23613/26230/5898/657/5048/22902/8850/139818/4780/8874/5290/950/9863/659/5584/55604/2932/4739/1946/4131/6498/202018/81545/4898/51765/8036/57698/2033/23369/91752/2332/285282/55704/57498/5906/2803/23064/5911",0.45505986738723
"GO:0051052","regulation of DNA metabolic process",433,-0.290293037094034,-1.43411517193546,0.00154749432142813,0.0598228725836295,0.0395133325847038,2565,"tags=25%, list=18%, signal=21%","51750/207/10445/56252/80174/55611/197370/55775/441161/2271/6944/93624/5394/6742/9212/2736/55658/3183/1017/51547/11284/6282/4609/10629/6714/10574/605/993/2305/54840/5976/4000/6923/8110/3184/7040/83443/23381/8655/23529/54552/25970/4176/5888/387893/4171/29844/26168/122769/54107/1026/1663/2021/54984/9274/4174/7014/5531/9275/10459/6602/4172/283899/5982/58525/84126/708/25865/65057/56160/3014/6118/7203/7126/125476/3399/84309/581/63922/2648/55135/8193/6830/10155/2067/5347/5371/55257/22948/81620/56893/1676/6603/142/8914/5514/79035/24144/2068/54386/8607/3276/2521/10856/7515/79697/112869/23450/3006",0.45505986738723
"GO:0099175","regulation of postsynapse organization",106,0.315452461468636,1.43203878703627,0.0111354957708477,0.18555131652308,0.12255765336338,2375,"tags=30%, list=17%, signal=25%","27067/4897/10152/6792/9743/9252/5663/1000/9456/2534/10611/2043/8976/10672/9419/4763/6453/23613/1793/9732/5048/391/9762/102/4739/4131/2045/3556/23369/91752/22849/51104",0.380730400722792
"GO:0048639","positive regulation of developmental growth",78,0.329398225299431,1.43108106495406,0.0452275102528658,0.376482217960981,0.248668551810566,2311,"tags=28%, list=16%, signal=24%","23499/9175/5357/6792/3897/1000/23414/23327/627/23236/657/5048/22902/3643/50618/659/10413/1946/4131/57698/3516/23369",0.321775918075361
"GO:0070527","platelet aggregation",48,-0.399615777214157,-1.42889046392531,0.0472972972972973,0.384396844977758,0.253896205985157,3323,"tags=40%, list=24%, signal=30%","10019/9158/7301/71/60/6812/7094/1192/2316/2778/634/2243/114897/84034/83706/1465/9289/5270/375033",0.271288554688953
"GO:0007423","sensory organ development",225,0.281595496070254,1.42875914503732,0.00462985810621332,0.120911316587153,0.0798625819728689,1425,"tags=17%, list=10%, signal=15%","27067/23424/5357/93/10152/4919/4211/10765/204851/5205/4810/55636/5663/658/4646/4212/2296/84059/2202/63915/54845/493/3198/64220/51804/2043/55184/49855/3299/4763/65979/5080/23554/23287/5090/5048/5523/341640",0.407017918923954
"GO:1903578","regulation of ATP metabolic process",54,-0.381831759844139,-1.4236889474042,0.0499168053244592,0.395285433303822,0.261088177773275,2546,"tags=35%, list=18%, signal=29%","2475/706/65990/402/57673/6714/84277/65018/8671/3692/64223/339123/7345/7415/5604/142/2023/56848/57521",0.261663521711573
"GO:2000779","regulation of double-strand break repair",137,-0.327123728070846,-1.42083988121101,0.0164212570443817,0.225974956423388,0.149257687291578,2647,"tags=28%, list=19%, signal=23%","6598/51750/55611/441161/2271/6944/55658/11284/605/2305/8110/5888/387893/26168/1663/9274/5531/9275/10459/6602/84126/708/6118/84309/55135/8193/5347/5371/55257/56893/6603/142/8914/24144/54386/8607/3276/2521/10856",0.352487857583619
"GO:0032970","regulation of actin filament-based process",294,0.273356918755526,1.41971075560599,0.00169169701459216,0.0641316881144743,0.0423593286688671,2088,"tags=20%, list=15%, signal=17%","51571/9897/22998/27067/1824/130271/10979/6840/961/29767/10152/2059/5144/120/23075/343578/5921/85458/10677/10602/7168/11214/23332/85464/80206/817/23433/7043/9530/93663/10810/10565/203228/51429/374666/5318/5581/5898/1073/348110/391/85477/9873/1739/5290/10142/29766/55604/4739/1946/5962/9886/4690/7341/7111/253260/4070/57551/116984",0.45505986738723
"GO:0040013","negative regulation of locomotion",216,0.28874751500325,1.41906411310816,0.00319477581496767,0.0929331816274754,0.0613828717213086,2650,"tags=28%, list=19%, signal=23%","22998/5928/64426/79772/2309/94241/25932/653464/202243/3488/286205/7168/5801/58516/11221/23332/5795/493/5796/5728/84978/2043/8976/6091/4763/9747/23236/23613/657/348110/23380/83481/196528/8473/375056/4780/56477/9863/25942/8434/2932/4739/57826/1845/9901/4070/79812/51742/51765/1545/55333/51474/50859/999/225689/5926/727/647135/7046/4856/5911",0.431707695803346
"GO:0006414","translational elongation",75,-0.364042689761459,-1.41867812771439,0.0433333333333333,0.369641520694435,0.244150234074713,2392,"tags=28%, list=17%, signal=23%","138428/6301/8846/9470/80349/60678/10985/55666/143244/1984/29904/10322/7284/7415/16/7353/84164/3396/90850/64320/9775",0.282013350011725
"GO:0042982","amyloid precursor protein metabolic process",62,0.35176695634906,1.41856826488846,0.0285563047201994,0.293351130307503,0.193760016450817,1041,"tags=19%, list=7%, signal=18%","8754/6868/8301/5663/83464/6653/5653/27161/6667/4067/2043/54103",0.352487857583619
"GO:0006367","transcription initiation at RNA polymerase II promoter",179,-0.315867626424724,-1.41814403206527,0.0112716020587101,0.187095857901075,0.123577831340862,2927,"tags=30%, list=21%, signal=24%","7157/6874/9862/51586/219541/55756/6598/404672/5439/5518/27350/79034/10432/51504/80789/6944/1019/10467/4150/81857/51547/84148/55090/4609/10629/5434/2962/6923/5435/5436/9442/328/6602/54973/84656/10589/6928/9441/5430/84246/1870/11091/5438/11240/5441/2068/6927/56848/55588/5432/9555/26155/112869/79798",0.380730400722792
"GO:0019319","hexose biosynthetic process",65,-0.371282334785381,-1.41749202712233,0.0354969989318542,0.331094306226012,0.218689589345969,3960,"tags=38%, list=28%, signal=28%","1609/51548/5224/55829/5209/1642/6652/4191/1468/8402/140710/7167/150094/5223/9878/51547/5091/92579/231/84649/2821/2648/2023/283871/5950",0.321775918075361
"GO:0007281","germ cell development",141,0.301618202602912,1.41728222717056,0.00966198212290331,0.173299734169815,0.114465416610009,3249,"tags=30%, list=23%, signal=24%","9897/27067/80336/23424/64395/658/23318/11057/144132/157680/5727/5764/7419/57683/64753/65975/5048/57639/28981/221656/55779/8087/54970/9702/9665/84072/51441/117155/79846/3267/6732/79820/9403/80217/23198/346653/10658/1730/6045/22862/79670/2241/3622",0.380730400722792
"GO:0010927","cellular component assembly involved in morphogenesis",57,0.358550301304157,1.41551219442633,0.0469504118942128,0.383867012402259,0.253546248688462,1348,"tags=18%, list=10%, signal=16%","10529/29767/157680/7168/11214/80206/51804/64753/4155/5048",0.321775918075361
"GO:0032989","cellular anatomical entity morphogenesis",57,0.358550301304157,1.41551219442633,0.0469504118942128,0.383867012402259,0.253546248688462,1348,"tags=18%, list=10%, signal=16%","10529/29767/157680/7168/11214/80206/51804/64753/4155/5048",0.321775918075361
"GO:0032968","positive regulation of transcription elongation by RNA polymerase II",53,-0.38402997311707,-1.41339063641174,0.0428082191780822,0.366895451991105,0.242336440766419,2863,"tags=34%, list=20%, signal=27%","9862/51586/219541/5499/9878/81857/55090/2962/8178/9442/9441/84246/5604/8812/5514/80335/55588/6829",0.287857117255149
"GO:0051881","regulation of mitochondrial membrane potential",51,-0.388471153455839,-1.41220993309737,0.0481727574750831,0.386698255360093,0.255416300054929,3194,"tags=39%, list=23%, signal=30%","7314/215/666/3791/706/205251/6714/1029/11334/578/27166/65018/6647/2537/8326/581/7415/11315/142/79594",0.266350657088526
"GO:0048638","regulation of developmental growth",151,0.300582717060275,1.41151394039907,0.00857737956677648,0.164664144293276,0.108761562546837,2617,"tags=29%, list=19%, signal=24%","23499/10371/9175/5357/4897/6792/27086/3897/5465/861/1000/1027/55777/5727/23414/11221/23327/5728/9706/51804/627/23236/657/5048/80014/83481/22902/3643/50618/659/10413/25942/2932/1946/4131/2045/25836/57698/3516/23369/999/26524/2803/7046",0.380730400722792
"GO:0009913","epidermal cell differentiation",109,0.315499607947119,1.41097818813767,0.0125119473802105,0.199241742021997,0.131600253837114,957,"tags=16%, list=7%, signal=15%","8754/7357/5357/79977/25932/64332/5583/4646/8609/23596/2296/54206/25818/54845/427/5530/301",0.380730400722792
"GO:0050921","positive regulation of chemotaxis",82,0.323833880736256,1.40975114028213,0.0309768874841053,0.309558147715311,0.204464839562504,1883,"tags=23%, list=13%, signal=20%","5747/6868/80310/90550/23075/196527/5764/5795/79647/2621/8995/3576/64065/23604/4233/659/9943/102/4739",0.352487857583619
"GO:0008637","apoptotic mitochondrial changes",82,-0.352895892521896,-1.40837682384532,0.0452342487883683,0.376482217960981,0.248668551810566,2927,"tags=33%, list=21%, signal=26%","7157/666/255027/55486/207/2876/284114/835/10572/7755/578/292/27166/57805/65018/90529/89941/54978/2537/2810/8326/581/2931/10105/79594/5329/92609",0.271288554688953
"GO:0007179","transforming growth factor beta receptor signaling pathway",154,0.297141546242855,1.40831448658209,0.0149688873851966,0.217178227840532,0.143447400236809,2778,"tags=29%, list=20%, signal=24%","8754/5747/5928/10979/23089/64426/6868/83891/5465/6386/3248/58516/5796/135228/4086/7043/2339/5494/81031/54756/657/8473/8287/64750/4087/25942/55198/26060/4090/9110/58533/6498/51742/2033/5926/8239/1385/26036/26524/7046/4856/57045/114990/3066/9372",0.380730400722792
"GO:0006260","DNA replication",289,-0.296141367371648,-1.40780492702292,0.00681470759753938,0.149052121458732,0.0984497365856387,2583,"tags=26%, list=18%, signal=21%","79029/51750/5428/10445/80174/1854/80198/23649/441161/8208/199990/57418/56655/6742/5424/2736/1017/11284/5426/6282/5442/5425/993/6749/5976/6923/201254/7517/8655/4176/5888/4171/29844/8318/122769/64785/54107/1026/1663/2021/7083/4174/7014/10459/4172/51659/283899/5982/58525/4998/6118/26073/10036/7126/125476/3399/63922/7415/9400/56652/51550/81620/84164/8882/142/8914/10293/4784/2237/8607/7298/10856/83743/3978",0.407017918923954
"GO:0048675","axon extension",68,0.351141655302068,1.40750421319527,0.016343667243768,0.225780232628159,0.149129071166161,2602,"tags=31%, list=18%, signal=25%","23499/10371/9175/4897/6792/3897/1000/9706/203228/5048/22902/659/25942/2932/4131/214/57698/999/5532/8239/2803",0.352487857583619
"GO:0090596","sensory organ morphogenesis",99,0.318039289965239,1.40459764509342,0.0283500960493556,0.292254674361428,0.193035801337255,1527,"tags=19%, list=11%, signal=17%","27067/23424/5357/10152/204851/55636/4646/2202/3198/64220/51804/55184/4763/65979/5080/23554/23287/5523/7855",0.352487857583619
"GO:0071674","mononuclear cell migration",113,0.306731821140118,1.40205682545952,0.0217630046109795,0.256271372934099,0.16926863511156,1261,"tags=18%, list=9%, signal=16%","5747/961/6868/2059/80310/6558/6288/196527/57509/6364/5795/79647/81704/2621/4067/8995/8976/301/23236/2770",0.352487857583619
"GO:0035082","axoneme assembly",51,0.363793849552414,1.40137108757481,0.0397573691332522,0.352359428396667,0.232735318153271,2608,"tags=25%, list=18%, signal=21%","1767/6674/26140/79582/2302/79645/57639/55779/54970/83544/79846/79819/80217",0.321775918075361
"GO:0048863","stem cell differentiation",138,0.298518377794819,1.40031398752042,0.0132205638500175,0.204180551254518,0.134862364186365,2137,"tags=23%, list=15%, signal=20%","4300/5928/83989/10371/2335/3720/9698/2296/59349/81606/4040/1000/117854/5764/83959/124540/2649/4086/57504/65979/5591/657/7473/4780/64218/659/2932/4090/4070/202018/10443/51441",0.380730400722792
"GO:0006873","intracellular monoatomic ion homeostasis",270,-0.298768162802358,-1.399662790945,0.00449543154355041,0.118987188062622,0.0785916846213715,2772,"tags=25%, list=20%, signal=21%","375/51102/84286/6522/793/8992/220002/53826/1534/28952/51218/6341/654/7052/7879/9296/4609/6548/30968/506/7922/7780/9997/578/83636/2863/5029/57192/57130/8671/54982/23479/4494/6647/9777/1760/6352/8326/10523/581/55177/7036/48/23400/483/5371/9709/794/4682/475/4501/3954/476/4493/4489/134/388962/9914/9114/7466/79734/2512/4502/309/54997/155066/6916/53827",0.407017918923954
"GO:0043583","ear development",67,0.336377997184768,1.39701231278309,0.031399625262213,0.311292450210255,0.205610355789419,3845,"tags=40%, list=27%, signal=29%","5357/4919/5205/55636/4646/84059/63915/54845/3198/64220/2043/5048/102/9497/25836/80184/2625/5978/3784/25945/7042/26258/6657/5781/8100/219736/80736",0.321775918075361
"GO:0048588","developmental cell growth",124,0.303960113260029,1.39559336766066,0.018905396679869,0.242004437551724,0.159845246725451,2602,"tags=28%, list=18%, signal=23%","23499/10371/9175/4897/8470/6792/4211/27086/3897/5465/1000/23327/9706/10611/627/203228/5048/22902/50618/659/25942/2932/1946/4131/214/2045/440275/57698/23369/999/144165/5532/8239/51496/2803",0.352487857583619
"GO:0050801","monoatomic ion homeostasis",305,-0.290771620568201,-1.39507674064194,0.00812366449105763,0.162362763773655,0.10724148820155,2772,"tags=25%, list=20%, signal=21%","375/51102/84286/6522/793/8992/220002/53826/6560/1534/28952/51218/6341/654/7052/7879/10467/9296/26507/4609/6548/30968/506/2260/7922/7780/9997/578/83636/2863/5029/57192/57130/8671/54982/23479/133308/4494/150684/6647/9777/1760/6352/8326/10523/581/55177/7036/771/249/48/23400/483/5371/9709/794/4682/475/4501/3954/1594/476/4493/4489/134/388962/9914/9114/7466/79734/2512/4502/309/54997/155066/6916/53827",0.380730400722792
"GO:0030216","keratinocyte differentiation",76,0.331545834744128,1.3936472748338,0.0203461423316188,0.245490620822572,0.162147889729423,957,"tags=17%, list=7%, signal=16%","8754/7357/79977/25932/64332/5583/23596/2296/54206/25818/427/5530/301",0.352487857583619
"GO:0019730","antimicrobial humoral response",60,-0.375150584964669,-1.39221481534624,0.0461783439490446,0.381583395349394,0.252037907209543,2576,"tags=25%, list=18%, signal=21%","27433/3627/3853/2197/5646/6223/6590/2243/5266/6352/8970/8349/3017/85236/1755",0.266350657088526
"GO:0031589","cell-substrate adhesion",254,0.274071303739656,1.39176276843564,0.0060453006573488,0.140961058184848,0.0931055453039855,2022,"tags=21%, list=14%, signal=19%","8754/3696/79834/5747/22998/10979/23499/59277/2335/3717/5613/7074/3897/151887/26515/5921/8613/84168/5314/3694/8573/8910/3685/79987/23332/5795/5796/5728/8324/59339/4585/4763/9358/10085/5318/80144/1793/23380/341640/5291/23243/7402/6789/56477/8874/55604/2932/10675/4739/1946/4287/340485/1845/4070",0.407017918923954
"GO:0070252","actin-mediated cell contraction",61,0.340508298080576,1.39096184414491,0.0496637644185232,0.394890770938081,0.260827501135015,1968,"tags=25%, list=14%, signal=21%","22998/1824/5144/23171/7168/23327/817/5318/6334/1739/5290/10142/388591/10008/7341",0.321775918075361
"GO:2001251","negative regulation of chromosome organization",97,-0.334750819194342,-1.38983391482639,0.043956043956044,0.372706658420944,0.246174774207522,2653,"tags=32%, list=19%, signal=26%","9319/51750/10445/25906/991/5394/9212/3619/3183/6714/8260/11130/9587/7517/8655/54552/54984/7014/10459/51451/83903/891/65057/2067/5347/5371/1503/142/54386/7515/332",0.271288554688953
"GO:1901989","positive regulation of cell cycle phase transition",87,-0.340331975229443,-1.38981047314311,0.0350955789116232,0.331094306226012,0.218689589345969,2718,"tags=31%, list=19%, signal=25%","51434/11187/207/51433/80174/898/255374/1019/991/993/9587/7040/8558/994/79447/891/81610/6241/5347/1981/23276/5514/9510/54623/57521/55920/332",0.321775918075361
"GO:0048660","regulation of smooth muscle cell proliferation",90,0.315370746536811,1.38794343722351,0.0322901458254042,0.31517756955162,0.208176498236892,1721,"tags=22%, list=12%, signal=20%","27250/6648/80310/27086/3717/3488/1027/7168/3248/5728/7043/4331/5591/657/5578/5031/51135/5290/4193/659",0.321775918075361
"GO:0048880","sensory system development",165,0.292288649948142,1.38757572556278,0.0138431910030824,0.208570744446441,0.137762110658102,2736,"tags=27%, list=19%, signal=22%","27067/23424/10371/93/10152/4211/10765/204851/4810/55636/5663/658/4212/2296/2202/493/64220/55184/49855/3299/4763/65979/5080/23554/23287/5090/5523/341640/7855/659/1946/6443/7111/25836/221322/131544/1545/80184/5087/6505/144165/85407/27151/6659/3066",0.380730400722792
"GO:0016051","carbohydrate biosynthetic process",139,-0.31946158552434,-1.38697493761335,0.0382262996941896,0.345565749235474,0.22824805613163,3681,"tags=35%, list=26%, signal=26%","6622/5224/6483/2539/55829/2526/23178/5209/378884/1642/6652/9486/4191/1468/8402/140710/7167/54187/207/5499/150094/4247/5223/9878/160/2992/51547/9572/5091/7040/166012/92579/231/84649/2132/10402/2821/2997/2648/3038/208/142/2931/9526/2523/2023/283871/4923/5950",0.287857117255149
"GO:0002027","regulation of heart rate",51,0.360047808196984,1.38694095343478,0.0460189185155499,0.381392334552004,0.251911710514114,1955,"tags=24%, list=14%, signal=20%","1824/5144/23171/2643/7168/817/5318/153396/57657/10142/133/10008",0.321775918075361
"GO:0045667","regulation of osteoblast differentiation",73,0.328010527402917,1.38636674010808,0.0378642002280094,0.342819785115228,0.226434331901032,1851,"tags=23%, list=13%, signal=20%","5747/10979/93/658/860/5727/4077/5728/92/5530/51430/657/7473/659/10413/2932/4090",0.321775918075361
"GO:0001952","regulation of cell-matrix adhesion",97,0.313075945301966,1.38464156948346,0.0412644655407202,0.361267189543996,0.238618942820534,1975,"tags=23%, list=14%, signal=20%","79834/5747/22998/10979/23499/5921/8613/5314/8573/23332/5795/5728/59339/4763/5291/23243/7402/56477/2932/1946/340485/1845",0.321775918075361
"GO:0007229","integrin-mediated signaling pathway",83,0.322658619958453,1.38329654739073,0.0353707031440025,0.331094306226012,0.218689589345969,1306,"tags=17%, list=9%, signal=15%","8754/3696/5747/10979/961/2335/8613/3694/3685/5764/81031/9358/65979/1793",0.321775918075361
"GO:0007044","cell-substrate junction assembly",80,0.318692379323504,1.38229523700041,0.0463666685295213,0.381583395349394,0.252037907209543,744,"tags=12%, list=5%, signal=12%","79834/5747/22998/10979/23499/2335/23332/5795/5796/5728",0.321775918075361
"GO:0045580","regulation of T cell differentiation",120,-0.324386210383642,-1.38198227499177,0.0391849529780564,0.349945518151058,0.231140917312171,1839,"tags=22%, list=13%, signal=20%","64410/1029/5691/5696/5692/7040/864/9760/9092/27166/5689/51561/6647/6602/6469/3561/2648/56339/8651/101/6603/2175/64115/84807/4860/5688/1209",0.287857117255149
"GO:0048839","inner ear development",62,0.342213948174738,1.3800439123712,0.0359677356038026,0.332305683031359,0.219489710311878,3845,"tags=40%, list=27%, signal=29%","5357/4919/5205/55636/4646/84059/63915/54845/3198/2043/5048/102/9497/80184/2625/5978/3784/25945/7042/26258/6657/5781/8100/219736/80736",0.321775918075361
"GO:0006865","amino acid transport",87,-0.337636498365278,-1.37880297972906,0.0420032310177706,0.364550440633402,0.240787548015368,2881,"tags=26%, list=20%, signal=21%","6520/6567/115286/56262/6812/84062/94015/124565/54977/9368/94097/23428/126321/9673/6541/6510/119559/54868/54896/134/92745/55238/4923",0.282013350011725
"GO:0031644","regulation of nervous system process",67,-0.360025681963479,-1.37849930643038,0.0439189189189189,0.372706658420944,0.246174774207522,2044,"tags=21%, list=14%, signal=18%","1855/7476/57465/2257/6804/5575/2171/2629/10458/11343/134/66000/9775/4923",0.282013350011725
"GO:0001654","eye development",161,0.285555153429664,1.37805417517849,0.0190500325590216,0.242004437551724,0.159845246725451,2736,"tags=27%, list=19%, signal=22%","27067/23424/93/10152/4211/10765/204851/4810/55636/5663/658/4212/2296/2202/493/64220/55184/49855/3299/4763/65979/5080/23554/23287/5090/5523/341640/7855/659/1946/6443/7111/25836/221322/131544/1545/80184/5087/6505/144165/85407/27151/6659/3066",0.352487857583619
"GO:0045619","regulation of lymphocyte differentiation",137,-0.317233800898752,-1.37788364862203,0.0255864591147008,0.278935127565829,0.184238168263445,1839,"tags=21%, list=13%, signal=19%","64410/1029/5691/5696/5692/7040/864/9760/9092/27166/5689/677/51561/6647/6602/6469/3561/2648/56339/8651/101/6603/2175/64115/84807/4860/5688/1209/558",0.352487857583619
"GO:2001243","negative regulation of intrinsic apoptotic signaling pathway",81,-0.349947562911151,-1.37768927610533,0.0434782608695652,0.370258349086326,0.244557652581112,4525,"tags=47%, list=32%, signal=32%","84447/27429/8996/5598/10525/51060/8321/10399/598/6591/5478/5831/10488/55829/4841/4282/2626/54929/55486/207/25946/9181/5770/6714/8517/57805/65018/6615/10131/11315/9709/5604/2023/10105/26155/7466/5329/83596",0.276500599254472
"GO:0150063","visual system development",162,0.284665335589152,1.3771311962269,0.0218152250283945,0.256372524533692,0.169335446293029,2736,"tags=27%, list=19%, signal=22%","27067/23424/93/10152/4211/10765/204851/4810/55636/5663/658/4212/2296/2202/493/64220/55184/49855/3299/4763/65979/5080/23554/23287/5090/5523/341640/7855/659/1946/6443/7111/25836/221322/131544/1545/80184/5087/6505/144165/85407/27151/6659/3066",0.352487857583619
"GO:0006261","DNA-templated DNA replication",159,-0.313670363088321,-1.37667236353059,0.0233662084402003,0.262022596936292,0.173067349833092,2565,"tags=28%, list=18%, signal=23%","51750/5428/80174/80198/23649/441161/57418/56655/6742/5424/11284/5426/5442/5425/5976/6923/201254/7517/8655/4176/5888/4171/8318/122769/64785/54107/1663/2021/7083/4174/7014/4172/5982/58525/4998/9400/56652/81620/8882/142/8914/10293/2237/3978",0.352487857583619
"GO:0015914","phospholipid transport",86,0.314804610827081,1.37636298618614,0.0448917074066186,0.374692716933652,0.24748657665291,1766,"tags=22%, list=12%, signal=19%","81671/19/5205/196527/55754/23120/10955/338440/153768/114883/440026/256987/84725/57194/950/84162/83394/23200/10087",0.321775918075361
"GO:0000209","protein polyubiquitination",246,0.269824786858756,1.37590587273541,0.00936567728319731,0.171102821552382,0.113014343882085,3584,"tags=37%, list=25%, signal=28%","6737/57161/8658/8945/81790/10346/26118/57162/9520/867/23291/51366/10299/51465/84078/64127/57531/8405/117854/23321/55284/23327/7324/7328/27246/85363/220972/7267/65975/64400/25948/138065/329/81847/11074/8767/387921/9781/4193/80263/868/4012/23304/6596/143279/54542/223082/80351/23219/3093/81545/7128/8065/6872/64795/8450/7321/26268/7336/80254/80352/7174/10612/149041/580/7320/331/7323/83737/29945/10210/26272/165918/64844/54765/54708/7337/4683/92912/7189/23077/996/4734/80829/1654/9320/151636/148203/7335/81844/22978/55016",0.380730400722792
"GO:0032956","regulation of actin cytoskeleton organization",265,0.268235103279521,1.37435892586906,0.00746241097096884,0.155877982856636,0.102958255149594,2088,"tags=20%, list=15%, signal=17%","51571/9897/22998/27067/130271/10979/6840/961/29767/10152/2059/120/23075/343578/5921/85458/10677/10602/7168/11214/23332/85464/80206/23433/7043/9530/93663/10810/10565/203228/51429/374666/5581/5898/1073/348110/391/85477/9873/5290/29766/55604/4739/1946/5962/9886/4690/7111/253260/4070/57551/116984",0.407017918923954
"GO:0071897","DNA biosynthetic process",138,-0.31820169265622,-1.37420698764639,0.0303603142296584,0.304738054969755,0.201281142098328,2189,"tags=27%, list=15%, signal=23%","56655/5394/5424/3183/5426/5425/10574/27434/55505/3184/23381/54552/25970/54107/1026/7083/54984/7014/55651/10459/78995/5982/25865/65057/7203/26073/63922/55135/7415/5371/54433/22948/1490/5245/54386/7298/3978",0.352487857583619
"GO:0141091","transforming growth factor beta receptor superfamily signaling pathway",222,0.274822328984972,1.3741907788842,0.00974465282962745,0.173513878869366,0.114606860348319,2898,"tags=29%, list=20%, signal=23%","8754/5747/5928/10979/23089/3625/27250/64426/93/6868/83891/5465/658/222223/6386/5460/3547/860/6653/3248/58516/5796/135228/4086/7043/92/2339/5494/81031/54756/657/151556/8473/8287/64750/4087/9863/659/25942/55198/1386/26060/4090/9110/58533/6498/51742/3516/2033/7321/5926/8239/1385/26036/26524/7046/4856/57045/114990/3066/9372/331/7323/10252",0.380730400722792
"GO:0099173","postsynapse organization",164,0.283945874172509,1.37412805140353,0.0151772765759374,0.219119599902232,0.144729687038356,2421,"tags=27%, list=17%, signal=22%","27067/4897/10152/6792/9743/3480/9252/5663/51201/1000/5728/9456/2534/10611/55740/2043/8976/10672/2339/9419/23181/4763/6453/23613/1793/9732/5048/391/3643/4628/1739/9762/102/4983/4739/4131/2045/3556/345651/23369/91752/22849/51104/10160",0.380730400722792
"GO:0002685","regulation of leukocyte migration",128,0.290026004265095,1.37401467690811,0.0229002933766892,0.261987606177908,0.173044238246943,1883,"tags=22%, list=13%, signal=19%","5747/961/6868/80310/90550/23075/196527/2650/57509/6364/5764/5795/79647/81704/2621/4067/8995/8976/301/3576/23236/64065/23604/375056/56477/9943/102/4739",0.352487857583619
"GO:0071675","regulation of mononuclear cell migration",81,0.323135883627628,1.36953281230457,0.0342313111551186,0.326001919525894,0.215326040244405,1883,"tags=23%, list=13%, signal=20%","5747/961/6868/80310/196527/57509/6364/5795/79647/81704/2621/4067/8995/8976/23236/375056/9943/102/4739",0.321775918075361
"GO:1903706","regulation of hemopoiesis",262,-0.290594682364695,-1.36873185217642,0.012807034321502,0.201214261158144,0.132903113450672,1853,"tags=19%, list=13%, signal=17%","634/64410/1029/5691/5696/7862/56834/80349/5692/7040/864/9760/284266/9092/27166/22985/5689/8370/8772/677/51561/3692/6647/6602/3218/6469/28959/3561/2648/10272/554313/56339/8651/161882/101/6603/9636/2175/51621/64115/3276/84807/54623/4860/57521/5688/54997/1209/558/3566",0.380730400722792
"GO:0030595","leukocyte chemotaxis",118,0.298856078000203,1.36826916261886,0.0256590910883191,0.279208924509191,0.184419012633107,1883,"tags=20%, list=13%, signal=18%","5747/6868/90550/6558/23075/6288/196527/57509/1525/5764/5795/79647/2621/4067/8995/301/3576/64065/23604/1130/56477/9943/102/4739",0.352487857583619
"GO:0000725","recombinational repair",178,-0.301207153208979,-1.36356947043159,0.0391872278664731,0.349945518151058,0.231140917312171,2466,"tags=25%, list=17%, signal=21%","197370/2547/80198/441161/375757/6944/55658/65980/9907/7517/126074/29128/4176/5888/387893/4171/8318/26168/7156/4174/5531/10459/4172/51659/78995/708/56160/6118/23503/55135/5347/9400/55257/56893/142/8914/79035/54386/2237/55317/8607/3276/2521/10856",0.276500599254472
"GO:0006606","protein import into nucleus",126,-0.320544991442283,-1.36146131879748,0.0424242424242424,0.364581860881766,0.240808301260237,2188,"tags=22%, list=15%, signal=19%","2316/1994/4851/100101267/1072/9883/55723/7040/7249/9531/6396/30000/9679/10155/90865/55696/8882/10204/10758/5514/23511/5901/79902/23636/8021/55612/8878/9688",0.271288554688953
"GO:0048659","smooth muscle cell proliferation",93,0.307191042374639,1.36128559863824,0.0267226262263278,0.285628094606502,0.188658909381934,1721,"tags=22%, list=12%, signal=19%","27250/6648/80310/27086/3717/3488/1027/7168/3248/5728/7043/4331/5591/657/5578/5031/51135/5290/4193/659",0.352487857583619
"GO:0071560","cellular response to transforming growth factor beta stimulus",191,0.275752568305755,1.36057690786882,0.0143640181166473,0.213138814276312,0.140779345616278,2778,"tags=27%, list=20%, signal=22%","8754/5747/5928/10979/23089/64426/6868/83891/80310/64332/5465/6386/9076/3248/58516/5796/1277/135228/4086/7043/2339/5494/81031/54756/657/8473/8287/64750/4087/2908/25942/55198/26060/4090/9110/58533/6498/51742/4297/317/2033/5926/8239/1385/26036/26524/7046/4856/57045/114990/3066/9372",0.380730400722792
"GO:0071559","response to transforming growth factor beta",197,0.270311809227607,1.35877994781878,0.0148563590701051,0.217178227840532,0.143447400236809,2778,"tags=27%, list=20%, signal=22%","8754/5747/5928/10979/23089/64426/6868/83891/80310/64332/5465/6386/9076/3248/58516/5796/1277/135228/4086/7043/2339/5494/81031/54756/657/8473/8287/64750/4087/2908/25942/55198/26060/4090/9110/58533/6498/51742/4297/317/2033/5926/8239/1385/26036/26524/7046/4856/57045/114990/6093/3066/9372",0.380730400722792
"GO:0071375","cellular response to peptide hormone stimulus",239,0.264944842046386,1.35826861657423,0.0133598008465861,0.204966552936135,0.135381522570383,1928,"tags=23%, list=14%, signal=20%","5747/3625/8503/5573/51274/3480/3717/5577/3716/51141/23235/54206/6653/55777/8648/80318/5795/2549/10499/6667/23433/4067/5166/8835/2534/5530/1438/6655/54741/23236/55667/5591/5305/9663/5578/25948/9882/6654/3643/8850/8473/445/4780/5290/10890/4193/9847/80339/55198/26060/5584/2932/4131/4690",0.380730400722792
"GO:0006302","double-strand break repair",295,-0.286109629481919,-1.35758677348592,0.00888256695333411,0.16692266612274,0.110253328494262,2474,"tags=24%, list=18%, signal=20%","55611/197370/2547/80198/55775/441161/375757/2271/64858/6944/55658/11284/286257/65980/605/2305/27434/9907/4000/8110/7517/126074/29128/4176/5888/387893/4171/8318/26168/1663/7156/9274/4174/5531/9275/10459/6602/4172/51659/84126/708/56160/3014/6118/23503/84309/113130/55135/8193/7415/2067/5347/5371/9400/55257/56893/6603/142/8914/27339/79035/24144/54386/2237/55317/8607/3276/2521/10856/7515/5536",0.380730400722792
"GO:0050920","regulation of chemotaxis",112,0.296959745910969,1.35668947442491,0.0469919042443552,0.383867012402259,0.253546248688462,1975,"tags=21%, list=14%, signal=19%","51571/5747/6868/80310/90550/23075/196527/57509/5764/5795/79647/2621/4067/8995/3576/6091/64065/23604/4233/659/9943/102/4739/1845",0.321775918075361
"GO:0030003","intracellular monoatomic cation homeostasis",264,-0.291302878095159,-1.35622009394907,0.0131398669036754,0.203719941757248,0.13455812910919,2772,"tags=25%, list=20%, signal=20%","375/51102/84286/6522/793/8992/220002/53826/1534/28952/51218/6341/654/7052/7879/9296/4609/6548/30968/506/7922/7780/9997/578/83636/2863/57192/57130/8671/54982/23479/4494/6647/9777/1760/6352/8326/10523/581/55177/7036/48/23400/483/5371/9709/794/4682/475/4501/3954/476/4493/4489/134/388962/9914/9114/7466/79734/2512/4502/309/54997/155066/53827",0.380730400722792
"GO:0000724","double-strand break repair via homologous recombination",172,-0.301081790319607,-1.35570694492465,0.0424394133497494,0.364581860881766,0.240808301260237,1799,"tags=20%, list=13%, signal=18%","9907/7517/126074/29128/4176/5888/387893/4171/8318/26168/7156/4174/5531/10459/4172/51659/708/56160/6118/23503/55135/5347/9400/55257/56893/142/8914/79035/54386/2237/55317/8607/3276/2521/10856",0.321775918075361
"GO:0034329","cell junction assembly",350,0.256891490044999,1.35558412660421,0.00684638374742809,0.149052121458732,0.0984497365856387,2820,"tags=25%, list=20%, signal=20%","79834/5747/22998/27067/10979/23499/81671/4897/79977/10152/2335/9743/204851/8777/653464/10207/266977/5583/51201/55209/100506658/26052/1000/9076/84612/5783/56288/56123/6259/23332/5795/5796/5728/2556/10611/10672/627/9419/9693/7436/5318/8502/1793/9732/23380/5578/391/8473/7855/79983/23243/1739/8874/64218/5586/4983/1946/387804/4131/1845/9901/2045/3556/6801/51208/8065/23369/2564/22849/56125/999/9748/1948/10160/26047/10420/144165/55334/647135/5906/5911/22941/56133/6093/4649/667/153562",0.407017918923954
"GO:0006402","mRNA catabolic process",251,-0.287923938329753,-1.35145806737134,0.0137496589436818,0.207694077000191,0.137183067043614,2976,"tags=28%, list=21%, signal=23%","401115/25819/25804/28960/53918/9567/57819/85456/22794/1869/64852/54915/11187/4116/4849/207/678/84305/7186/10949/6637/7538/5394/1994/3183/9238/23016/79068/51690/80153/5976/80349/8570/3184/23381/5436/9271/9811/6832/149986/6050/23404/677/328/1478/23367/6636/11157/6628/10922/8148/56339/23357/23644/55095/8189/81892/10758/10189/115572/3182/118460/9775/2521/84069/7431/51154/56915/10921/9704/56006",0.380730400722792
"GO:0030010","establishment of cell polarity",108,0.301113178415553,1.35091868846797,0.0274121062683752,0.287568738409837,0.189940715164872,1865,"tags=22%, list=13%, signal=19%","51571/5747/137886/10207/23150/5314/56288/23332/64083/81609/23433/81704/9265/10565/2302/85440/5048/22902/10890/29899/5584/2932/55755/4983",0.352487857583619
"GO:0008544","epidermis development",175,0.276895880197833,1.34770704082371,0.021407252070149,0.253104831324277,0.167177117162513,957,"tags=14%, list=7%, signal=13%","8754/7357/5357/79977/29841/7976/25932/64332/5583/4646/10913/222223/8609/23596/2296/54206/25818/9076/538/54845/79987/427/5530/224/301",0.352487857583619
"GO:0048041","focal adhesion assembly",72,0.319761221686461,1.3476359149234,0.0491881114332015,0.39229125867901,0.259110509154948,744,"tags=12%, list=5%, signal=12%","79834/5747/22998/10979/23499/23332/5795/5796/5728",0.321775918075361
"GO:0002237","response to molecule of bacterial origin",198,0.268851883450435,1.34516882458268,0.0206500201307354,0.247631669975921,0.163562064335603,1614,"tags=17%, list=11%, signal=15%","8754/51571/27250/6648/6868/19/64332/27086/3717/57162/23097/2643/64127/117854/9076/3248/196/5599/8106/4067/11213/85363/3576/1432/5581/3454/23118/5578/6197/55914/7855/445/56477/51135",0.352487857583619
"GO:0010975","regulation of neuron projection development",287,0.257464657632711,1.3426277163181,0.0126431885028326,0.200169710826171,0.132213182277423,2650,"tags=24%, list=19%, signal=20%","9897/27067/23499/10371/9175/10152/23043/6792/9743/7074/3897/5663/55754/1000/10677/5764/5653/23327/29116/6259/5728/4086/23258/4067/9706/10611/2043/627/9896/154141/6091/9693/7436/26230/657/5048/22902/8850/4780/950/9762/4193/9863/659/5584/2932/1946/4131/2045/6498/22876/81545/4898/66008/1608/8036/57698/2033/23369/91752/999/1948/55704/57498/55605/5906/2803/23064/5911",0.380730400722792
"GO:0017148","negative regulation of translation",120,0.292349329597088,1.34206887358749,0.0353677097733718,0.331094306226012,0.218689589345969,2515,"tags=28%, list=18%, signal=23%","11236/1719/5583/51247/9931/192670/3488/1457/10247/192669/27161/10643/28998/2043/27102/26523/26058/5936/5611/5578/400961/23112/8087/9451/10644/54464/440275/23034/7072/2332/22849/126374/3646",0.321775918075361
"GO:0031214","biomineral tissue development",88,0.304484640054699,1.34143373338652,0.0471672276078894,0.383870677872518,0.253548669751496,856,"tags=17%, list=6%, signal=16%","93/4322/6786/658/9562/196527/84059/5764/4077/1277/2621/57211/92/55366/50937",0.321775918075361
"GO:0048589","developmental growth",266,0.264038409956596,1.3399113654351,0.00821149814500399,0.162393521871831,0.10726180409262,2671,"tags=28%, list=19%, signal=23%","23499/10371/9175/5357/4897/8470/6792/4211/27086/3897/5465/658/861/1000/1027/55777/5727/23414/11221/5764/5653/23327/79647/5728/9706/64220/10611/5530/51804/301/627/203228/5782/23236/657/5048/80014/83481/22902/5523/3643/3845/50618/659/10413/25942/1386/2932/9462/1946/4131/214/2045/440275/25836/130827/51208/51542/55717/57698/3516/2033/23369/999/3953/144165/5532/8239/51496/26524/2803/7046/4856/85407",0.380730400722792
"GO:0007015","actin filament organization",354,0.256102033993395,1.33913238969671,0.00494157850540075,0.12642673361331,0.083505544904701,1928,"tags=18%, list=14%, signal=16%","51571/9897/10529/22998/130271/10979/6840/961/5357/29767/133746/55607/10152/2059/55930/3717/120/4646/23075/343578/5921/283431/10677/10602/7168/4645/23332/85464/80206/23433/23677/7043/9530/93663/55740/10810/8976/10565/30011/203228/51429/79729/374666/5581/23365/1073/348110/22902/11034/391/85477/9873/79983/1739/5290/342184/29766/55761/55604/4739/94134/5962/9886/4690",0.407017918923954
"GO:0034243","regulation of transcription elongation by RNA polymerase II",88,-0.332171498087574,-1.33807160523523,0.044822256568779,0.374645205687262,0.247455195216362,2863,"tags=30%, list=20%, signal=24%","9862/51586/219541/55756/5499/5518/79034/80789/9878/81857/55090/2962/8178/9442/54973/9441/84246/9400/5604/142/8812/5514/80335/51497/55588/6829",0.266350657088526
"GO:1903076","regulation of protein localization to plasma membrane",93,0.301202878159313,1.33474966306671,0.0329062468964733,0.3180215571771,0.21005496752563,1820,"tags=22%, list=13%, signal=19%","5357/9528/8301/5583/10434/51201/5525/8417/2181/493/817/23433/8650/5581/27032/391/1739/163882/26060/5584",0.321775918075361
"GO:0042176","regulation of protein catabolic process",351,-0.272519686439224,-1.3338410529939,0.0118560621978086,0.192448125619677,0.127113033268049,2246,"tags=22%, list=16%, signal=19%","7076/51686/7879/5721/991/2316/26262/7979/7041/1017/1855/79643/1029/5691/6923/5692/10273/8517/302/57805/5689/65018/1050/5709/348/6449/150684/6613/8078/5045/10459/5693/2719/975/1263/5694/9817/81610/4953/22933/2648/8263/5695/474384/23640/23400/7415/5710/5347/5371/5702/11315/9146/9709/8312/56893/2629/101/27351/5717/5245/9491/2931/1762/23163/6625/5708/10197/5705/11047/5688/23450/3553/5704/5714/4478",0.380730400722792
"GO:0090066","regulation of anatomical structure size",299,0.255385796179524,1.32901129071682,0.0074808698375717,0.155877982856636,0.102958255149594,2051,"tags=21%, list=15%, signal=18%","51571/130271/23499/6840/10371/9175/5357/29767/4897/6648/6792/2059/8301/6558/3897/120/23075/343578/5921/196527/51652/1000/10677/10602/79987/85464/2549/5728/9530/9706/93663/8800/627/10565/51429/5581/9732/1073/5048/22902/85477/8850/9873/5290/659/133/25942/29766/1182/10451/55604/2932/9943/64798/57679/1946/5865/5962/4131/4690/7111/2045/340481",0.407017918923954
"GO:0010817","regulation of hormone levels",287,-0.279705710160374,-1.32815136390844,0.0269225160290286,0.286588232222051,0.189293085497052,4030,"tags=38%, list=29%, signal=27%","8228/1906/65985/23557/1609/51548/5127/3570/10202/51083/54578/3767/7260/572/2697/1514/8854/9854/64855/23178/9463/8630/8140/1181/2230/5947/5467/8673/9230/9060/29085/3358/9486/54884/1056/226/84300/5715/65266/2494/8912/590/6520/3670/4828/84522/57016/3292/6567/1889/27433/56262/79154/1374/706/1645/654/51200/5799/90007/2778/9572/65220/2297/10273/9727/10901/2243/8655/26056/54795/1522/10411/9159/231/133308/84649/5045/8824/25825/114897/6469/23428/3028/6804/6352/1735/7849/6928/112724/7036/8644/1428/6810/11315/1646/10170/3172/111/6927/126/3651/134/28231/3991/5950/3553/29785",0.352487857583619
"GO:0043434","response to peptide hormone",304,0.255906823671418,1.3261010063756,0.00791547560940642,0.162057708107466,0.107039997275515,1928,"tags=21%, list=14%, signal=19%","5747/3625/8503/5573/847/51274/3480/3717/5465/5577/3488/3716/51141/23235/4040/54206/6653/55777/8648/80318/5795/2549/1277/10499/6667/23433/4067/5166/8835/2534/5530/6938/6272/1432/1438/6655/54741/23236/55667/5591/2770/5305/9663/5578/25948/9882/6654/3643/8850/8473/445/4780/5290/10890/4193/9847/80339/4048/55198/26060/5584/2932/4131/4690",0.380730400722792
"GO:0006892","post-Golgi vesicle-mediated transport",113,0.289747575288262,1.32442263108945,0.0447666608678815,0.374645205687262,0.247455195216362,2782,"tags=34%, list=20%, signal=27%","23499/10133/10434/23233/117177/288/6653/261729/51125/2181/64083/10947/55204/6272/582/27032/54832/55297/9522/10890/23230/163882/51552/54536/11031/2060/51542/8674/63971/10564/23256/4905/23041/2803/55062/1176/10640/8766",0.321775918075361
"GO:0051607","defense response to virus",237,-0.288658307037985,-1.32361661235073,0.0177451999947472,0.2353742554608,0.155465975407618,1386,"tags=16%, list=10%, signal=14%","8772/6895/4277/3669/51561/23087/4940/55324/708/2537/10084/7706/8638/7726/10155/54606/8165/5371/171568/201292/9636/10758/5245/9020/55054/5987/51728/55718/81570/54920/11128/55210/79594/56915/3553/1755/3661",0.352487857583619
"GO:0055080","monoatomic cation homeostasis",298,-0.278943099442305,-1.32304149125035,0.0179457107291511,0.236432727005587,0.156165101617617,2772,"tags=25%, list=20%, signal=20%","375/51102/84286/6522/793/8992/220002/53826/6560/1534/28952/51218/6341/654/7052/7879/10467/9296/26507/4609/6548/30968/506/2260/7922/7780/9997/578/83636/2863/57192/57130/8671/54982/23479/133308/4494/150684/6647/9777/1760/6352/8326/10523/581/55177/7036/249/48/23400/483/5371/9709/794/4682/475/4501/3954/1594/476/4493/4489/134/388962/9914/9114/7466/79734/2512/4502/309/54997/155066/53827",0.352487857583619
"GO:0006282","regulation of DNA repair",222,-0.288368555960653,-1.32005982357037,0.0303908271293868,0.304738054969755,0.201281142098328,2565,"tags=25%, list=18%, signal=21%","51750/10445/55611/55775/441161/2271/6944/93624/55658/51547/11284/10629/605/2305/54840/8110/83443/5888/387893/29844/26168/1663/9274/7014/5531/9275/10459/6602/84126/708/3014/6118/125476/84309/2648/55135/8193/10155/5347/5371/55257/56893/6603/142/8914/24144/54386/8607/3276/2521/10856/7515/79697/112869/23450",0.352487857583619
"GO:0007584","response to nutrient",116,0.289674909934813,1.31911447069682,0.0369683628319611,0.336784651163726,0.222448093114428,1674,"tags=21%, list=12%, signal=18%","6648/19/847/64332/5337/5465/64127/3485/154743/2180/8648/1277/2621/50937/9388/3141/594/8942/8850/8473/445/4780/56477/4193",0.321775918075361
"GO:0050900","leukocyte migration",206,0.261842152756304,1.31407004999238,0.0226627136309381,0.260895615533618,0.172322972489487,1614,"tags=17%, list=11%, signal=16%","5747/961/6868/2059/80310/90550/6558/23075/6288/196527/2650/57509/1525/6364/5764/64083/5795/79647/81704/2621/4067/2534/8995/8976/301/3576/2302/23236/64065/2770/23604/1130/6654/375056/56477/51135",0.352487857583619
"GO:0006979","response to oxidative stress",321,-0.273008966435859,-1.31071555617474,0.0270702390250726,0.286910915731823,0.189506219709613,2062,"tags=22%, list=15%, signal=19%","140823/11284/116988/4257/1072/6714/81502/5691/2937/57465/578/1861/5692/8815/4521/83636/140711/10636/5689/65018/27158/5709/348/2021/4277/6647/4482/5693/57707/1263/5694/9817/7706/22933/5195/5829/5695/23400/2067/5710/5192/10131/5371/6810/5702/11315/9131/4363/475/5604/2878/5717/142/6649/2068/3163/57019/10105/9555/5708/10197/10549/79791/7515/388/5705/11047/5688/5536/5704/5714",0.352487857583619
"GO:1902904","negative regulation of supramolecular fiber organization",120,0.28513064745734,1.30893054342122,0.0478367896905312,0.385868137641187,0.254868002788432,2159,"tags=22%, list=15%, signal=19%","51571/130271/6840/29767/2059/120/23075/10677/23332/85464/50810/10565/146057/348110/85477/6314/8874/5290/1859/29766/55604/5962/4131/7111/4070/57551/5203",0.321775918075361
"GO:0007254","JNK cascade",138,0.27792214773665,1.30369953700084,0.0346611190719919,0.328497960753265,0.216974689045486,2066,"tags=24%, list=15%, signal=21%","10371/9175/27250/4217/23043/153769/3480/10913/6386/64127/11221/5602/9611/5599/222166/2043/8324/57630/5601/55504/23236/10987/9258/9867/7182/51135/2122/1386/1845/9770/8491/57551/10114",0.321775918075361
"GO:0007416","synapse assembly",169,0.270399253757899,1.2992510536104,0.0190758912510848,0.242004437551724,0.159845246725451,2692,"tags=27%, list=19%, signal=22%","27067/4897/9743/653464/266977/51201/55209/26052/1000/5783/56123/6259/5728/2556/10611/10672/627/9419/7436/1793/9732/23380/5578/391/8473/7855/64218/1946/387804/4131/9901/2045/3556/23369/2564/22849/56125/999/1948/10160/144165/647135/5911/22941/56133",0.352487857583619
"GO:0007178","cell surface receptor protein serine/threonine kinase signaling pathway",240,0.257120440870681,1.29153859798519,0.0146021747012923,0.215583865690437,0.14239431536849,2898,"tags=28%, list=20%, signal=22%","8754/5747/5928/10979/23089/3625/27250/64426/93/6868/83891/3717/5465/658/222223/6386/5460/3547/860/6653/3248/58516/5796/135228/4086/7043/92/2339/5494/81031/54756/657/151556/8473/8287/64750/4087/9863/659/25942/55198/1386/26060/4090/9110/58533/6498/51742/3516/2033/7321/5926/8239/1385/26036/11215/26524/7046/4856/57045/114990/3066/9372/331/7323/10252",0.380730400722792
"GO:0007163","establishment or maintenance of cell polarity",157,0.270915838331333,1.29027499576977,0.0326116379349023,0.31621449588364,0.208861393716722,1919,"tags=21%, list=14%, signal=18%","51571/5747/137886/25932/10207/23150/5314/84612/56288/23332/64083/81609/23433/81704/9265/10565/9053/2302/85440/22881/5048/22902/391/54798/1739/10890/29899/5584/2932/55755/4983/85004/9886",0.321775918075361
"GO:0022604","regulation of cell morphogenesis",165,0.271688213048377,1.28977970719815,0.0349320668474827,0.330532729139788,0.218318664627353,1919,"tags=21%, list=14%, signal=18%","5747/27067/10979/23499/9175/2335/6792/2059/5921/10602/7168/23327/254065/56990/93663/2534/2043/301/5591/114793/348110/5048/54014/391/57194/4628/1739/50618/8874/121512/64218/1946/5962/9886",0.321775918075361
"GO:0016050","vesicle organization",318,0.243016327014226,1.2772305145352,0.0167569797349641,0.226875605812556,0.149852571109747,3459,"tags=32%, list=24%, signal=25%","9897/55353/84343/19/5862/79666/8301/51201/7251/6386/84272/59349/26052/51652/157680/25956/92421/26286/63915/84376/5873/8417/64083/54874/9765/23023/10947/2054/55204/8976/301/64753/6272/203228/284697/6399/374666/23673/57586/5305/5048/64400/51361/1130/375056/25978/950/523/55014/9847/29911/1182/5584/51552/57679/23339/223082/60684/2060/253832/84067/8615/10254/29082/8674/63971/8411/225689/10564/3267/10959/51510/27131/23355/122553/528/200576/1176/137492/90019/65977/346653/8766/5861/22878/285180/55300/5289/10016/23317/6843/27072/10427/8867/858/51606/23325/9101/26258/6642/57082",0.352487857583619
"GO:0050803","regulation of synapse structure or activity",207,0.259238249595695,1.27512554938425,0.032172404587177,0.314960773186932,0.208033303059344,2421,"tags=26%, list=17%, signal=22%","27067/4897/10152/6792/9743/653464/9252/5663/7534/55209/1000/5783/23327/5538/27161/81609/9456/2534/10611/2043/8976/10672/627/9419/1432/4763/7436/6453/23613/1793/9732/23380/5048/5578/391/54583/8473/9762/64218/102/4739/1946/387804/4131/9901/2045/3556/23390/23369/91752/22849/51104/10160",0.321775918075361
"GO:0050807","regulation of synapse organization",205,0.25542716912555,1.27080873224031,0.0353872249246619,0.331094306226012,0.218689589345969,2421,"tags=25%, list=17%, signal=21%","27067/4897/10152/6792/9743/653464/9252/5663/7534/55209/1000/5783/23327/27161/81609/9456/2534/10611/2043/8976/10672/627/9419/1432/4763/7436/6453/23613/1793/9732/23380/5048/5578/391/54583/8473/9762/64218/102/4739/1946/387804/4131/9901/2045/3556/23390/23369/91752/22849/51104/10160",0.321775918075361
"GO:0016197","endosomal transport",287,0.242942851623589,1.26689934482776,0.0334696844907655,0.321878667868638,0.212602610107615,3545,"tags=35%, list=25%, signal=27%","9897/54918/22836/9185/55353/19/8301/51201/7251/9367/51652/55754/157680/6653/92421/23585/84376/4645/64089/81609/54497/9779/9765/23258/22853/163486/51762/23023/6272/51429/284697/5870/404636/401548/374666/54741/6453/23779/23673/64400/51361/1130/9182/50618/25978/10890/84162/29911/51552/57679/9110/23339/5962/58533/57589/22876/9648/2060/25938/5594/84067/51542/23301/10254/29082/8674/8411/23041/51510/27131/7840/200576/84910/137492/65977/9372/8766/8723/51397/1203/201475/55773/285180/9980/23074/5289/57182/23317/23484/54520/7813/5868/6643/23325/26258/6642/27342/27236/51019/22863",0.321775918075361
"GO:1901987","regulation of cell cycle phase transition",390,-0.255536316707319,-1.25153734648787,0.0364864864864865,0.334991554054054,0.221263742724832,1890,"tags=19%, list=13%, signal=17%","54584/605/993/1029/5691/11130/9587/8110/5692/7517/7040/8655/5888/8558/8318/57805/5689/1020/1026/84446/994/677/54984/9274/79447/9275/10459/6602/57099/51451/83903/5982/891/5693/60672/84126/4330/4998/1263/5694/92002/3014/6118/81610/22933/8193/5695/6241/5347/55743/11186/27183/81620/1981/6603/23276/8914/27339/5514/79035/9894/7023/9344/2068/22809/9088/9510/9555/10197/79791/54623/57521/5688/55920/332",0.276500599254472
"GO:0010970","transport along microtubule",178,0.256332409216976,1.24430366668511,0.0475822569724452,0.385645988924259,0.254721272353129,4484,"tags=47%, list=32%, signal=32%","27067/22920/729830/9823/167691/80208/63915/84376/6683/22906/55288/10947/23224/51566/5870/146439/55860/4117/5048/64400/9474/22902/51361/28981/150737/57728/29911/636/57700/51668/57560/22858/84067/66008/57584/79659/63971/26128/55605/55081/1176/55112/667/5861/79809/1781/255758/23059/8936/998/285180/11127/5108/3799/80173/11158/51057/27152/9371/55638/92558/26258/27342/4976/5813/79989/6421/6103/8100/6990/26985/117178/408/5874/55686/1780/4204/10128/55614/51626/7289/6780/55207",0.321775918075361
"GO:1902903","regulation of supramolecular fiber organization",295,0.242286314809473,1.24181416989022,0.0230911453327159,0.262022596936292,0.173067349833092,2061,"tags=18%, list=15%, signal=16%","51571/9897/22998/130271/10979/6840/961/29767/10152/2059/5663/120/23075/343578/5921/100506658/10677/10602/7168/11214/23332/85464/80206/7043/6683/9530/93663/50810/10810/10565/203228/51429/146057/374666/5581/1073/348110/85477/57606/6314/9873/8874/5290/10142/1859/29766/55604/55755/5962/4131/4690/7111/4070/57551",0.352487857583619
"GO:0051960","regulation of nervous system development",232,0.246628330515565,1.23671156038728,0.0357751212051393,0.331094306226012,0.218689589345969,2252,"tags=24%, list=16%, signal=20%","27067/23499/9175/6792/7976/7074/3897/5583/222223/1000/79365/6653/283659/5783/56288/11221/5764/84376/5728/4067/9706/8650/2043/627/6091/9693/5324/4763/5080/85440/26230/4673/5048/5578/22902/7473/8087/9451/64218/659/10413/55198/5584/6596/1946/387804/4131/3148/2045/6498/3556/4898/51441/66008/57698",0.321775918075361
"GO:0044782","cilium organization",343,0.226957575895817,1.20288594043858,0.0498506142370585,0.395285433303822,0.261088177773275,4131,"tags=40%, list=29%, signal=29%","1767/6674/22920/6792/8555/26140/3983/167691/117177/79582/5991/144132/137392/93594/10677/80216/7419/54874/91147/317662/51473/23224/138639/57545/65250/54558/146057/582/2302/79645/282809/4117/79600/9474/57639/283232/28981/51715/57562/150737/57728/55779/84140/51314/10890/54970/10413/55761/2932/5116/9657/4739/50807/80321/51668/202018/22832/55582/57560/221322/54806/22858/55717/27241/83544/79659/10464/51474/80184/8481/285282/225689/79846/55704/79819/144165/8239/80217/10198/55081/26005/170690/55112/79598/8766/92344/79867/79809/10096/255758/23059/92482/64844/55212/9851/11127/5108/1540/5311/23116/54521/80173/3784/11158/51057/27152/9371/84131/79738/10257/4735/55835/10733/9738/55531/79989/6103/80127/8100/84223/6990/54768/145483/51134/1902/84747/4750/10097/117178/4952/6102/90355/8934/153241/345643/408",0.321775918075361
NA,NA,NA,NA,NA,NA,NA,NA,NA,NA,NA,NA
NA,NA,NA,NA,NA,NA,NA,NA,NA,NA,NA,NA
NA,NA,NA,NA,NA,NA,NA,NA,NA,NA,NA,NA
NA,NA,NA,NA,NA,NA,NA,NA,NA,NA,NA,NA
